mtllib materials.mtl
v -0.01790833 -0.1946571 -0.194598
v 0.02359474 -0.190984 -0.1750506
v 0.05260539 -0.226705 -0.1757553
v 0.04011303 -0.266099 -0.1960075
v -0.00138998 -0.2697719 -0.215555
v -0.03040069 -0.2340511 -0.2148504
v -0.004087985 -0.2462879 -0.2242926
v 0.01294571 -0.2680165 -0.2238004
v 0.03840655 -0.2653688 -0.2134441
v 0.04683369 -0.2409927 -0.20358
v 0.0298 -0.2192641 -0.2040722
v 0.004339159 -0.2219118 -0.2144285
v 0.06714833 -0.7384873 -0.2027345
v 0.06784642 -0.7380981 -0.1567187
v 0.06209761 -0.7772889 -0.1332851
v 0.05565077 -0.8168689 -0.1558673
v 0.05495268 -0.8172581 -0.2018831
v 0.06070149 -0.7780674 -0.2253168
v 0.07201976 -0.7993159 -0.2065644
v 0.06755883 -0.8226339 -0.1924617
v 0.06949472 -0.822695 -0.164916
v 0.07589155 -0.799438 -0.151473
v 0.08035249 -0.7761201 -0.1655758
v 0.07841659 -0.776059 -0.1931214
v -0.01640731 -0.7453758 0.09981751
v -0.04671228 -0.7467542 0.1344268
v -0.07262105 -0.7842457 0.1408472
v -0.06822485 -0.8203588 0.1126583
v -0.03791982 -0.8189803 0.07804894
v -0.01201105 -0.7814889 0.07162851
v -0.01964259 -0.805452 0.08891392
v -0.0359202 -0.8275175 0.09218043
v -0.05300498 -0.8289886 0.1138244
v -0.05381215 -0.8083941 0.1322019
v -0.03753453 -0.7863286 0.1289354
v -0.02044976 -0.7848575 0.1072914
v -0.04205412 -0.2010463 0.08650166
v -0.08795959 -0.2014872 0.08975571
v -0.1094882 -0.2385674 0.1064794
v -0.08511144 -0.2752066 0.119949
v -0.03920597 -0.2747657 0.1166949
v -0.01767725 -0.2376857 0.09997129
v -0.03479975 -0.2504737 0.1217552
v -0.04781079 -0.273078 0.1308261
v -0.07521337 -0.2728084 0.1342233
v -0.08960491 -0.2499347 0.1285497
v -0.07659388 -0.2273304 0.1194789
v -0.0491913 -0.2276 0.1160817
v -0.09406769 0.1389587 0.1098092
v -0.1330585 0.1094311 0.07505512
v -0.1178597 0.1325216 0.03838557
v -0.07886887 0.1620492 0.07313961
v -0.1170006 0.05774224 0.04916286
v -0.1018018 0.08083272 0.01249325
v -0.06195211 0.03558099 0.05802464
v -0.04675329 0.05867136 0.02135509
v -0.02296132 0.06510854 0.09277874
v -0.007762492 0.0881989 0.05610919
v -0.03901911 0.1167973 0.118671
v -0.02382028 0.1398878 0.08200145
v -0.07957041 -0.06453109 0.1714868
v -0.06271583 -0.1139851 0.1419869
v -0.1041268 -0.1503016 0.118191
v -0.1623924 -0.1371641 0.123895
v -0.179247 -0.08771026 0.1533949
v -0.137836 -0.05139375 0.1771907
v 0.1664543 -0.2719641 -0.1587495
v 0.1472153 -0.2854485 -0.202316
v 0.1390824 -0.3085949 -0.1915602
v 0.1583213 -0.2951105 -0.1479939
v 0.1041569 -0.2644967 -0.1897863
v 0.09602386 -0.2876432 -0.1790305
v 0.1233958 -0.2510122 -0.1462198
v 0.1152628 -0.2741587 -0.1354641
v 0.1268276 -0.3558583 -0.1060535
v 0.108343 -0.3681892 -0.1502833
v 0.0745526 -0.3322535 -0.1461801
v 0.09303725 -0.3199225 -0.1019505
v 0.1198412 -0.2980419 -0.1124794
v 0.101029 -0.3107457 -0.1564649
v 0.1376674 -0.3434392 -0.1626922
v 0.1564795 -0.3307353 -0.1187069
v 0.09303725 -0.3199225 -0.1019505
v 0.0745526 -0.3322535 -0.1461801
v 0.108343 -0.3681892 -0.1502833
v 0.1268276 -0.3558583 -0.1060535
v -0.1548417 -0.07624817 0.1878465
v -0.1841997 -0.1123656 0.1695806
v -0.1874597 -0.09308076 0.1366879
v -0.1581017 -0.05696332 0.1549537
v -0.1640221 -0.15093 0.1449707
v -0.1672822 -0.1316452 0.1120779
v -0.1144867 -0.1533771 0.1386265
v -0.1177467 -0.1340922 0.1057338
v -0.08512866 -0.1172596 0.1568923
v -0.08838868 -0.09797478 0.1239996
v -0.1053062 -0.07869518 0.1815023
v -0.1085662 -0.05941033 0.1486096
v -0.08052313 -0.1490968 0.2924674
v -0.0602749 -0.1878219 0.2681695
v -0.08745086 -0.2288945 0.2595381
v -0.134875 -0.2312423 0.2752045
v -0.1551232 -0.1925173 0.2995024
v -0.1279473 -0.1514446 0.3081338
v 0.04105157 -0.1334158 -0.05619609
v 0.008892238 -0.1336554 0.01155871
v -0.004872978 -0.19868 0.04630524
v 0.01352113 -0.263465 0.01329696
v 0.04568046 -0.2632254 -0.05445784
v 0.05944574 -0.1982011 -0.08920443
v 0.06834078 -0.229121 -0.05128407
v 0.05854362 -0.2681361 -0.03111404
v 0.04155451 -0.2682792 0.01055551
v 0.03436255 -0.2294071 0.03205502
v 0.04415971 -0.1903918 0.01188499
v 0.06114882 -0.1902488 -0.02978456
v 0.1274788 -0.2551062 -0.1441023
v 0.1150941 -0.2824965 -0.1287158
v 0.1197084 -0.2754675 -0.1124892
v 0.1320931 -0.2480773 -0.1278756
v 0.08485711 -0.2676154 -0.1265635
v 0.0894714 -0.2605865 -0.1103368
v 0.09724182 -0.2402252 -0.14195
v 0.1018561 -0.2331964 -0.1257233
v 0.08374858 -0.3055303 -0.1019281
v 0.09547621 -0.2964162 -0.1322553
v 0.07023174 -0.2742002 -0.135341
v 0.0585041 -0.2833144 -0.1050137
v 0.1067683 -0.2238784 -0.09007382
v 0.09292251 -0.2533128 -0.09914315
v 0.1233475 -0.2679309 -0.09814906
v 0.1371933 -0.2384963 -0.08907974
v 0.1008703 -0.2366693 -0.05980188
v 0.09138465 -0.2591307 -0.08316541
v 0.12128 -0.2745955 -0.08043534
v 0.1307657 -0.2521341 -0.05707181
v 0.08263892 -0.265475 -0.05565131
v 0.08385718 -0.2715462 -0.08884776
v 0.1119824 -0.2897216 -0.08449161
v 0.1107642 -0.2836504 -0.0512951
v 0.0663017 -0.2836004 -0.07892144
v 0.07866138 -0.2736593 -0.1087336
v 0.1046793 -0.2948633 -0.1050175
v 0.09231949 -0.3048044 -0.07520545
v 0.0585041 -0.2833144 -0.1050137
v 0.07023174 -0.2742002 -0.135341
v 0.09547621 -0.2964162 -0.1322553
v 0.08374858 -0.3055303 -0.1019281
v 0.07681507 -0.1001459 -0.2372107
v 0.03200561 -0.1162215 -0.2524976
v 0.02337176 -0.08087671 -0.2643581
v 0.06818122 -0.0648011 -0.2490712
v 0.02614313 -0.1332996 -0.2991235
v 0.01750928 -0.09795487 -0.310984
v 0.06509012 -0.1343021 -0.3304624
v 0.05645627 -0.09895742 -0.3423229
v 0.1098996 -0.1182265 -0.3151755
v 0.1012657 -0.08288181 -0.327036
v 0.1157621 -0.1011484 -0.2685496
v 0.1071282 -0.06580365 -0.2804101
v 0.1574759 -0.2806055 -0.1503535
v 0.1499118 -0.2924533 -0.198337
v 0.106473 -0.3127416 -0.2125304
v 0.07059824 -0.3211821 -0.1787403
v 0.07816237 -0.3093342 -0.1307569
v 0.1216012 -0.2890458 -0.1165635
v 0.01504922 0.1471603 -0.2357801
v 0.06299603 0.1381605 -0.2008501
v 0.03696924 0.1443594 -0.1635271
v -0.01097763 0.1533592 -0.1984571
v 0.07655156 0.08276808 -0.1821974
v 0.05052471 0.08896697 -0.1448743
v 0.04216015 0.03637528 -0.1984746
v 0.01613331 0.04257417 -0.1611515
v -0.005786717 0.04537511 -0.2334046
v -0.03181356 0.05157399 -0.1960815
v -0.01934218 0.1007675 -0.2520573
v -0.04536903 0.1069664 -0.2147343
v 0.0523926 -0.1242681 -0.3374116
v 0.04314202 -0.1670704 -0.2963948
v 0.07462043 -0.1669787 -0.2453153
v 0.1153495 -0.1240846 -0.2352529
v 0.1246 -0.08128238 -0.2762699
v 0.09312165 -0.08137405 -0.3273492
v 0.03025806 -0.4457752 -0.1557696
v 0.01518911 -0.4435004 -0.1747107
v 0.02612144 -0.4465057 -0.1797147
v 0.007950664 -0.4421769 -0.1647388
v 0.00634563 -0.4428899 -0.1524709
v 0.010804 -0.4454482 -0.1411942
v 0.02013117 -0.4491664 -0.1339302
v 0.03182799 -0.4530481 -0.1326255
v 0.04276031 -0.4560533 -0.1376294
v 0.04999876 -0.4573768 -0.1476014
v 0.05160379 -0.4566638 -0.1598693
v 0.04714543 -0.4541056 -0.171146
v 0.03781825 -0.4503874 -0.1784099
v -0.0006290078 -0.4495035 -0.1921682
v 0.01991695 -0.4551515 -0.2015726
v -0.01423281 -0.4470162 -0.173427
v -0.01724941 -0.4483561 -0.1503709
v -0.008870363 -0.4531641 -0.1291776
v 0.008659005 -0.460152 -0.1155259
v 0.03064185 -0.4674473 -0.1130738
v 0.05118787 -0.4730953 -0.1224782
v 0.06479168 -0.4755826 -0.1412193
v 0.06780821 -0.4742427 -0.1642753
v 0.05942923 -0.4694347 -0.1854686
v 0.0418998 -0.4624468 -0.1991203
v -0.01528841 -0.4630604 -0.2060363
v 0.01239312 -0.4706699 -0.2187069
v -0.03361678 -0.4597092 -0.1807866
v -0.03768098 -0.4615145 -0.1497231
v -0.02639198 -0.4679922 -0.1211694
v -0.002774656 -0.477407 -0.1027765
v 0.02684271 -0.487236 -0.0994727
v 0.05452424 -0.4948454 -0.1121433
v 0.07285261 -0.4981966 -0.1373931
v 0.07691681 -0.4963914 -0.1684565
v 0.06562781 -0.4899136 -0.1970101
v 0.04201049 -0.4804989 -0.215403
v -0.02702093 -0.4825358 -0.2146425
v 0.004457295 -0.4911891 -0.2290509
v -0.04786325 -0.4787251 -0.1859295
v -0.05248487 -0.4807779 -0.1506054
v -0.03964746 -0.4881442 -0.1181355
v -0.01279086 -0.4988502 -0.09721982
v 0.02088881 -0.5100273 -0.09346282
v 0.05236703 -0.5186805 -0.1078712
v 0.07320935 -0.5224913 -0.1365843
v 0.07783097 -0.5204385 -0.1719083
v 0.06499362 -0.5130722 -0.2043783
v 0.03813696 -0.5023661 -0.2252939
v -0.03441149 -0.5055808 -0.2169487
v -0.002933264 -0.5142341 -0.231357
v -0.0552538 -0.5017701 -0.1882356
v -0.05987543 -0.5038229 -0.1529116
v -0.04703808 -0.5111892 -0.1204416
v -0.02018142 -0.5218952 -0.09952599
v 0.01349825 -0.5330723 -0.09576905
v 0.04497647 -0.5417255 -0.1101775
v 0.06581879 -0.5455363 -0.1388904
v 0.07044041 -0.5434835 -0.1742145
v 0.057603 -0.5361172 -0.2066844
v 0.0307464 -0.5254111 -0.2276002
v -0.0365687 -0.5294159 -0.2126767
v -0.008887172 -0.5370255 -0.2253472
v -0.05489707 -0.5260648 -0.1874269
v -0.05896127 -0.5278699 -0.1563634
v -0.04767227 -0.5343478 -0.1278098
v -0.024055 -0.5437625 -0.1094169
v 0.005562425 -0.5535915 -0.1061131
v 0.03324395 -0.561201 -0.1187836
v 0.05157232 -0.5645521 -0.1440334
v 0.05563653 -0.5627469 -0.1750968
v 0.04434752 -0.5562691 -0.2036505
v 0.0207302 -0.5468544 -0.2220433
v -0.03323227 -0.5511661 -0.2023417
v -0.01268631 -0.5568141 -0.2117462
v -0.04683614 -0.5486788 -0.1836006
v -0.04985267 -0.5500187 -0.1605446
v -0.04147369 -0.5548267 -0.1393512
v -0.02394426 -0.5618145 -0.1256995
v -0.00196141 -0.5691099 -0.1232474
v 0.01858455 -0.5747578 -0.1326518
v 0.03218836 -0.5772451 -0.1513929
v 0.03520495 -0.5759053 -0.174449
v 0.0268259 -0.5710973 -0.1956423
v 0.009296477 -0.5641094 -0.209294
v -0.02480471 -0.568208 -0.1871905
v -0.01387244 -0.5712132 -0.1921944
v -0.03204316 -0.5668846 -0.1772185
v -0.03364825 -0.5675975 -0.1649507
v -0.02918988 -0.5701558 -0.1536739
v -0.01986271 -0.5738739 -0.14641
v -0.008165896 -0.5777557 -0.1451052
v 0.00276643 -0.580761 -0.1501092
v 0.01000488 -0.5820844 -0.1600812
v 0.01160991 -0.5813715 -0.172349
v 0.007151544 -0.5788132 -0.1836258
v -0.002175629 -0.575095 -0.1908897
v -0.01230252 -0.5784862 -0.1690503
v 0.161369 -0.2283733 -0.1342146
v 0.1484859 -0.2502533 -0.1767032
v 0.1533102 -0.2742463 -0.1658105
v 0.1661934 -0.2523662 -0.1233218
v 0.1015332 -0.2526668 -0.1612237
v 0.1063576 -0.2766598 -0.150331
v 0.1144162 -0.2307867 -0.118735
v 0.1192406 -0.2547797 -0.1078423
v 0.1440573 -0.3240823 -0.06723058
v 0.1317495 -0.3418533 -0.1117582
v 0.08725059 -0.3205096 -0.1079766
v 0.09955841 -0.3027386 -0.06344897
v 0.1179181 -0.2788521 -0.08468843
v 0.1051074 -0.2980695 -0.1284673
v 0.1515669 -0.3137735 -0.1351687
v 0.1643776 -0.2945561 -0.09138983
v 0.09955841 -0.3027386 -0.06344897
v 0.08725059 -0.3205096 -0.1079766
v 0.1317495 -0.3418533 -0.1117582
v 0.1440573 -0.3240823 -0.06723058
v 0.139153 -0.2791798 -0.1935431
v 0.1344572 -0.2960531 -0.2398383
v 0.1413134 -0.320599 -0.2315875
v 0.1460091 -0.3037258 -0.1852923
v 0.08683944 -0.3064556 -0.2312168
v 0.09369558 -0.3310016 -0.222966
v 0.09153521 -0.2895824 -0.1849218
v 0.09839129 -0.3141283 -0.1766708
v 0.1425437 -0.3752542 -0.1442795
v 0.1379357 -0.3903597 -0.1911901
v 0.08930755 -0.3813134 -0.1893263
v 0.09391558 -0.3662079 -0.1424159
v 0.1119833 -0.3423953 -0.1647167
v 0.107235 -0.3588234 -0.2111663
v 0.1564701 -0.3621452 -0.2150243
v 0.1612183 -0.345717 -0.1685746
v 0.09391558 -0.3662079 -0.1424159
v 0.08930755 -0.3813134 -0.1893263
v 0.1379357 -0.3903597 -0.1911901
v 0.1425437 -0.3752542 -0.1442795
v 0.07029945 0.2424309 -0.04653221
v 0.06125259 0.2408082 -0.03578413
v 0.05655593 0.2399957 -0.07819879
v 0.06573063 0.2416018 -0.08884054
v 0.06086755 0.2268813 -0.03821087
v 0.05687255 0.2259778 -0.08004159
v 0.0699144 0.2285039 -0.04895896
v 0.06604719 0.2275839 -0.09068328
v 0.112844 -0.2662522 -0.1053647
v 0.09495187 -0.2196672 -0.1386769
v 0.1520822 -0.2027113 -0.1456502
v 0.1699743 -0.2492964 -0.112338
v 0.1216706 -0.3408387 -0.2144099
v 0.1788009 -0.3238829 -0.2213832
v 0.1609088 -0.2772979 -0.2546954
v 0.1037785 -0.2942536 -0.2477221
v 0.05046356 0.07260621 -0.0618673
v -0.03392595 0.07603252 -0.1154085
v -0.02766454 0.1757754 -0.1188948
v 0.05672503 0.1723491 -0.06535351
v 0.1037477 0.06631172 -0.1462544
v 0.1100091 0.1660546 -0.1497406
v 0.02561963 0.1694809 -0.2032818
v 0.01935816 0.06973803 -0.1997955
v -0.06588131 0.05949152 -0.1985551
v 0.09425306 0.06113029 -0.1610512
v 0.1051245 0.1603402 -0.1547897
v -0.0550099 0.1587014 -0.1922936
v -0.1743734 0.07332814 -0.01410252
v -0.00718683 0.160678 0.03485692
v -0.01805824 0.06146812 0.02859551
v -0.143911 0.1647704 0.007893682
v 0.07028484 0.03451324 -0.05752319
v 0.06789488 0.0296793 -0.05294931
v 0.06151754 0.02956188 -0.05559653
v 0.06393129 0.03439558 -0.06015831
v 0.06997597 0.02452028 -0.0573144
v 0.06365591 0.02440178 -0.05993253
v 0.07236594 0.02935421 -0.06188828
v 0.06606966 0.02923548 -0.06449431
v -0.07998151 0.2694242 0.00564009
v -0.05471319 0.3635665 0.008873701
v 0.04556924 0.2358223 0.002824068
v -0.08158565 0.2743165 -0.1242579
v 0.0439651 0.2407147 -0.1270739
v -0.05424666 0.3761734 -0.1207594
v -0.04790419 0.3998035 -0.1199477
v -0.04630005 0.3949112 0.00995034
v 0.07925069 0.3613093 0.007134318
v 0.06947792 0.2335958 -0.06408781
v 0.02763635 0.2027183 -0.009966612
v 0.07764655 0.3662016 -0.1227637
v 0.03932947 0.1924272 -0.063335
v 0.01701802 0.206972 -0.1111928
v -0.0362004 0.2368805 -0.03673893
v 0.08703667 0.3637612 -0.06250072
v -0.0001580715 0.3720839 -0.1215813
v 0.008189321 0.3625066 0.008056998
v 0.0379855 0.2676526 0.024993
v 0.03535175 0.3457934 0.02178562
v 0.02707064 0.2748984 -0.1449553
v 0.03803486 0.3507597 -0.1425306
v -0.1064709 0.136506 -0.04015166
v -0.07559568 0.2705112 -0.03499377
v 0.0006220937 0.2523295 -0.01886082
v -0.03025305 0.1183243 -0.02401865
v -0.09007937 0.135743 -0.1184506
v -0.0138616 0.1175613 -0.1023177
v 0.01701361 0.2515665 -0.0971598
v -0.05920422 0.2697482 -0.1132928
v 0.05855525 0.2796295 -0.009495676
v 0.05798554 0.2996192 -0.009788692
v 0.07791013 0.3001629 -0.0114367
v 0.07847983 0.2801732 -0.01114368
v 0.05691606 0.2792906 -0.0294255
v 0.07684064 0.2798343 -0.03107351
v 0.07627094 0.299824 -0.03136653
v 0.05634636 0.2992803 -0.02971852
v 0.05694914 0.2781122 -0.09549534
v 0.05497581 0.2980076 -0.09602004
v 0.07445282 0.2998297 -0.1001826
v 0.07642615 0.2799342 -0.09965789
v 0.05285615 0.2771904 -0.1150504
v 0.07233316 0.2790126 -0.1192129
v 0.07035983 0.298908 -0.1197376
v 0.05088282 0.297086 -0.1155751
v -0.02920175 0.00799334 0.08001113
v -0.0373137 0.1248332 0.09042132
v 0.09993213 0.130697 -0.126225
v 0.02802694 0.0880518 -0.1697417
v -0.111925 0.08220899 0.03927118
v -0.166521 -0.005246401 -0.0005096197
v 0.0943808 0.005526185 -0.1098302
v -0.04293847 -0.007713556 -0.1903508
v -0.05614215 -0.06043208 -0.1740351
v -0.1607694 -0.0544312 0.0007585883
v -0.03115088 -0.04342067 0.07139671
v 0.07347649 -0.04942155 -0.1033971
v -0.05684304 -0.1664108 -0.1825126
v -0.1567069 -0.1616895 -0.004915714
v -0.02548176 -0.1471444 0.06201971
v 0.07438219 -0.1518658 -0.1155772
v -0.04119408 0.06390321 0.08847153
v -0.1305496 0.06746781 0.0437178
v -0.1293613 0.167305 0.04929745
v -0.0400058 0.1637403 0.09405112
v 0.003685653 0.06835699 -0.0007808208
v 0.004873872 0.1681942 0.00479883
v -0.0844816 0.1717588 -0.0399549
v -0.08566988 0.07192171 -0.04553449
v 0.06713778 -0.1448926 -0.120142
v 0.06776273 -0.143194 -0.1061162
v 0.03204453 -0.1441495 -0.0500958
v 0.03064936 -0.1464773 -0.06397504
v 0.07687426 -0.1539723 -0.1052169
v 0.04107994 -0.1549908 -0.04918593
v 0.0762493 -0.1556709 -0.1192427
v 0.03968477 -0.1573186 -0.06306517
v -0.03898972 -0.25473 0.3000669
v -0.0779283 -0.2496802 0.2546986
v -0.1227546 -0.2426431 0.2939553
v -0.08381593 -0.2476929 0.3393236
v -0.02219605 -0.1391282 0.2985207
v -0.06702232 -0.1320912 0.3377774
v -0.1059609 -0.1270413 0.2924091
v -0.0611347 -0.1340784 0.2531524
v -0.1470338 -0.1500272 -0.03623223
v -0.124893 -0.1534457 -0.107808
v -0.1006484 -0.2183599 -0.136502
v -0.0985446 -0.2798556 -0.09362024
v -0.1206854 -0.276437 -0.02204442
v -0.1449299 -0.2115229 0.006649673
v -0.1510556 -0.2490021 -0.0254581
v -0.1349403 -0.2875119 -0.04225957
v -0.1240082 -0.290221 -0.08582735
v -0.1291913 -0.2544202 -0.1125937
v -0.1453066 -0.2159103 -0.09579217
v -0.1562388 -0.2132013 -0.0522244
v -0.08483726 -0.1377616 0.3349971
v -0.05175567 -0.1331015 0.3399201
v -0.05399722 -0.1360883 0.3578102
v -0.08707887 -0.1407485 0.3528871
v -0.04638922 -0.1660889 0.3350851
v -0.04863077 -0.1690757 0.3529752
v -0.07947087 -0.1707491 0.330162
v -0.08171242 -0.173736 0.3480521
v -0.01341045 -0.1812111 0.3487812
v -0.04225028 -0.179853 0.366296
v -0.03733701 -0.1469049 0.3718311
v -0.008497179 -0.1482631 0.3543163
v -0.04661155 -0.1649594 0.321345
v -0.06793845 -0.1657717 0.2951753
v -0.0504657 -0.1314769 0.3234466
v -0.07179254 -0.1322892 0.2972768
v -0.03291321 -0.1611718 0.311884
v -0.03938276 -0.1603302 0.2787512
v -0.03496295 -0.1274885 0.3131399
v -0.0414325 -0.1266469 0.2800071
v -0.02417332 -0.1625599 0.3247209
v -0.008943498 -0.1616879 0.2945939
v -0.02263451 -0.1288714 0.326474
v -0.007404745 -0.1279994 0.2963468
v -0.03154004 -0.1689405 0.3429397
v -0.002133906 -0.1705242 0.3264135
v -0.02731985 -0.1357166 0.3472652
v 0.002086282 -0.1373003 0.330739
v -0.04225028 -0.179853 0.366296
v -0.01341045 -0.1812111 0.3487812
v -0.03733701 -0.1469049 0.3718311
v -0.008497179 -0.1482631 0.3543163
v -0.08139205 -0.1177688 0.3670321
v -0.08867365 -0.1663868 0.361265
v -0.1029674 -0.1616188 0.3391168
v -0.09568572 -0.1130006 0.3448839
v -0.04744965 -0.16933 0.3340268
v -0.06174338 -0.164562 0.3118786
v -0.04016805 -0.1207119 0.3397939
v -0.05446172 -0.1159438 0.3176457
v 0.01002401 -0.1185271 0.3769652
v 0.00132525 -0.1667588 0.3700347
v -0.02559739 -0.1678692 0.4115551
v -0.01689863 -0.1196375 0.4184856
v -0.03390759 -0.1720405 0.3641245
v -0.02631789 -0.1235121 0.3702406
v -0.06563044 -0.1718675 0.4021198
v -0.05804068 -0.1233392 0.4082358
v 0.00132525 -0.1667588 0.3700347
v 0.01002401 -0.1185271 0.3769652
v -0.02559739 -0.1678692 0.4115551
v -0.01689863 -0.1196375 0.4184856
v -0.1061386 -0.1352872 0.3630396
v -0.1120833 -0.1818645 0.3473801
v -0.1181785 -0.1728561 0.3228998
v -0.1122339 -0.1262789 0.3385593
v -0.0642522 -0.1837339 0.3347829
v -0.07034743 -0.1747255 0.3103026
v -0.05830747 -0.1371567 0.3504424
v -0.06440276 -0.1281483 0.3259621
v -0.01009995 -0.1467091 0.3978028
v -0.01835835 -0.1915493 0.3785374
v -0.05359411 -0.1995904 0.4123572
v -0.04533571 -0.1547501 0.4316227
v -0.04807693 -0.1849903 0.3607587
v -0.04090202 -0.139493 0.378884
v -0.08753747 -0.1904695 0.390133
v -0.08036256 -0.1449723 0.4082583
v -0.01835835 -0.1915493 0.3785374
v -0.01009995 -0.1467091 0.3978028
v -0.05359411 -0.1995904 0.4123572
v -0.04533571 -0.1547501 0.4316227
v -0.1033174 -0.184018 0.3737691
v -0.1060926 -0.2266686 0.3488047
v -0.1228936 -0.2153255 0.3312932
v -0.1201184 -0.1726749 0.3562577
v -0.0676406 -0.2128253 0.3208796
v -0.0844416 -0.2014823 0.3033682
v -0.06486547 -0.1701747 0.345844
v -0.08166647 -0.1588317 0.3283327
v -0.02036071 -0.1858807 0.3843683
v -0.02433121 -0.227973 0.3586299
v -0.04779792 -0.2490758 0.3967611
v -0.04382741 -0.2069833 0.4224995
v -0.05606306 -0.2134588 0.3514336
v -0.05256444 -0.1711873 0.3769459
v -0.08363354 -0.2330035 0.3875982
v -0.08013493 -0.190732 0.4131104
v -0.02433121 -0.227973 0.3586299
v -0.02036071 -0.1858807 0.3843683
v -0.04779792 -0.2490758 0.3967611
v -0.04382741 -0.2069833 0.4224995
v -0.07801729 -0.1713395 0.07219654
v -0.1208853 -0.1294792 0.06902635
v -0.07988799 -0.08675981 0.07873631
v -0.03702009 -0.1286201 0.0819065
v -0.06898582 -0.1665683 0.01307237
v -0.02798855 -0.1238489 0.02278233
v -0.07085651 -0.08198857 0.01961213
v -0.1118537 -0.1247079 0.009902179
v -0.08696443 -0.1744584 0.0232479
v -0.113086 -0.1454678 0.01806366
v -0.1223697 -0.1469972 0.05628866
v -0.09624803 -0.1759878 0.06147283
v -0.1009421 -0.2156118 -0.01449525
v -0.1774175 -0.1914634 -0.04074544
v -0.2062887 -0.1969055 0.03835917
v -0.1298133 -0.2210536 0.06460929
v -0.1149926 -0.3723039 -0.007826388
v -0.1753592 -0.3792763 -0.0173915
v -0.1847901 -0.3809851 0.04337347
v -0.1244235 -0.3740122 0.05293846
v 0.08996499 0.06807184 -0.0949198
v 0.08710545 0.06365466 -0.09019631
v 0.08274442 0.06387293 -0.09263229
v 0.08560401 0.06829011 -0.09735578
v 0.08905125 0.05814171 -0.09417373
v 0.08469027 0.05835998 -0.09660977
v 0.09191084 0.06255889 -0.09889728
v 0.08754987 0.06277716 -0.1013333
v 0.07030362 -0.07460117 -0.0691632
v 0.06365758 -0.09501898 -0.05075282
v 0.05187696 -0.1482612 -0.1213706
v 0.06099337 -0.1258317 -0.1359928
v 0.08636838 -0.1097705 -0.05891442
v 0.07549274 -0.1622758 -0.1281445
v 0.09301442 -0.08935261 -0.07732475
v 0.08460915 -0.1398463 -0.1427668
v 0.07072169 0.06649029 -0.05332893
v 0.06818777 0.06178594 -0.04869771
v 0.06369001 0.06207776 -0.05086219
v 0.06622392 0.06678212 -0.05549341
v 0.06995398 0.05652297 -0.0530774
v 0.06545621 0.05681479 -0.05524188
v 0.07248789 0.06122732 -0.05770862
v 0.06799012 0.06151915 -0.0598731
v 0.05329812 -0.1076595 -0.1413125
v 0.04663855 -0.143925 -0.09841186
v 0.03671473 -0.1623669 -0.1058771
v 0.03890598 -0.1309675 -0.15288
v 0.09304613 -0.17182 -0.1147887
v 0.08246565 -0.1909771 -0.1228567
v 0.0997057 -0.1355547 -0.1576894
v 0.08465689 -0.1595777 -0.1698597
v 0.0655511 0.220034 -0.03411108
v 0.0588339 0.2209548 -0.03210318
v 0.05785197 0.2216942 -0.03572726
v 0.06456918 0.2207735 -0.0377351
v 0.05757391 0.2140783 -0.03316492
v 0.06429112 0.2131575 -0.03517276
v 0.05510068 0.2070706 -0.04079503
v 0.04838353 0.2079915 -0.03878719
v 0.05425006 0.2212989 -0.08678347
v 0.04768658 0.2221216 -0.08428508
v 0.0464704 0.2152171 -0.08520681
v 0.05303401 0.2143945 -0.08770525
v 0.05289757 -0.1310023 -0.1410511
v 0.05669683 -0.1408311 -0.1316193
v -0.04576308 -0.1538219 -0.1745234
v -0.04959887 -0.1439999 -0.1839474
v 0.05924582 -0.149937 -0.1421352
v -0.04124981 -0.1621414 -0.1850312
v 0.05544657 -0.1401082 -0.151567
v -0.04508567 -0.1523194 -0.1944553
v -0.01315594 -0.2511158 -0.1711805
v 0.07360166 -0.2433305 -0.1220633
v 0.06755829 -0.143645 -0.1271891
v -0.01919937 -0.1514302 -0.1763063
v -0.1182951 -0.2477537 0.02839667
v -0.1243385 -0.1480683 0.02327091
v -0.03758091 -0.140283 0.07238811
v -0.03153747 -0.2399685 0.07751393
v 0.06467414 -0.1268176 -0.1391066
v 0.07073927 -0.1310151 -0.111801
v 0.02464879 -0.2616615 -0.2780917
v 0.02104282 -0.261374 -0.2841675
v 0.07848042 -0.1575928 -0.117606
v 0.02652961 -0.2683258 -0.2795234
v 0.07241523 -0.1533954 -0.1449116
v 0.02292371 -0.2680382 -0.2855992
v -0.1169336 -0.5249696 0.06130463
v -0.1254203 -0.5313103 0.102045
v -0.132222 -0.5721195 0.09427673
v -0.1237352 -0.5657789 0.05353636
v -0.1026662 -0.5415559 0.135946
v -0.1094679 -0.5823652 0.1281778
v -0.06200027 -0.5497048 0.143149
v -0.06880194 -0.5905141 0.1353807
v -0.02724415 -0.5509834 0.1194345
v -0.03404576 -0.5917927 0.1116663
v -0.0187574 -0.5446427 0.07869416
v -0.02555901 -0.585452 0.07092589
v -0.04151148 -0.5343971 0.04479313
v -0.04831314 -0.5752063 0.03702486
v -0.0821774 -0.5262482 0.03759015
v -0.08897907 -0.5670574 0.02982187
v -0.200107 -0.8485336 -0.01556116
v -0.2111608 -0.8580526 0.0359903
v -0.1825033 -0.8728284 0.07877797
v -0.1309219 -0.8842056 0.08773732
v -0.08663219 -0.8855196 0.05762005
v -0.07557845 -0.8760005 0.006068468
v -0.1042359 -0.8612248 -0.03671908
v -0.1558174 -0.8498476 -0.04567838
v -0.0513941 -0.4515572 0.09950227
v -0.0626961 -0.4493868 0.07808805
v -0.05078524 -0.4512268 0.07520133
v -0.07179916 -0.4492163 0.08649582
v -0.0756554 -0.4507611 0.09817183
v -0.07323146 -0.4536072 0.1099875
v -0.06517684 -0.456992 0.1187769
v -0.05364978 -0.4600086 0.1221848
v -0.04173899 -0.4618487 0.1192981
v -0.03263587 -0.4620191 0.1108903
v -0.02877969 -0.4604744 0.09921426
v -0.03120363 -0.4576283 0.08739859
v -0.03925824 -0.4542434 0.07860929
v -0.07428169 -0.4555994 0.05763835
v -0.05189669 -0.4590576 0.05221319
v -0.09138989 -0.4552791 0.07343984
v -0.09863722 -0.4581823 0.09538358
v -0.0940817 -0.4635312 0.1175898
v -0.07894397 -0.4698926 0.1341083
v -0.05728024 -0.4755619 0.1405131
v -0.03489524 -0.4790201 0.1350879
v -0.01778704 -0.4793405 0.1192864
v -0.01053971 -0.4764372 0.09734267
v -0.01509523 -0.4710883 0.07513648
v -0.03023297 -0.4647269 0.05861789
v -0.08475351 -0.4694456 0.04061973
v -0.05459428 -0.4741048 0.03331035
v -0.1078034 -0.469014 0.06190896
v -0.1175677 -0.4729255 0.0914737
v -0.11143 -0.4801322 0.121392
v -0.09103507 -0.4887028 0.1436474
v -0.06184757 -0.4963411 0.1522765
v -0.03168833 -0.5010003 0.1449672
v -0.008638501 -0.5014319 0.1236779
v 0.001125813 -0.4975204 0.09411323
v -0.005011857 -0.4903138 0.06419486
v -0.02540684 -0.4817431 0.0419395
v -0.0928486 -0.4892555 0.0290848
v -0.05855274 -0.4945537 0.02077293
v -0.1190599 -0.4887646 0.05329406
v -0.1301634 -0.4932126 0.08691382
v -0.123184 -0.5014077 0.1209357
v -0.09999162 -0.5111539 0.1462436
v -0.06680083 -0.5198398 0.1560562
v -0.03250504 -0.525138 0.1477444
v -0.006293714 -0.5256289 0.1235352
v 0.004809797 -0.5211809 0.08991539
v -0.002169669 -0.5129858 0.05589348
v -0.02536201 -0.5032396 0.03058559
v -0.09759045 -0.5126395 0.02442497
v -0.06329465 -0.5179377 0.0161131
v -0.1238018 -0.5121487 0.04863417
v -0.1349053 -0.5165967 0.08225393
v -0.1279258 -0.5247917 0.1162758
v -0.1047335 -0.534538 0.1415837
v -0.07154268 -0.5432239 0.1513964
v -0.03724688 -0.5485221 0.1430845
v -0.01103556 -0.5490129 0.1188753
v 6.79493E-05 -0.5445649 0.0852555
v -0.006911516 -0.5363699 0.05123365
v -0.03010386 -0.5266236 0.0259257
v -0.09840715 -0.5367773 0.02720213
v -0.06824791 -0.5414364 0.01989281
v -0.121457 -0.5363457 0.04849142
v -0.1312213 -0.5402572 0.0780561
v -0.1250836 -0.5474638 0.1079745
v -0.1046886 -0.5560344 0.1302298
v -0.07550114 -0.5636727 0.1388589
v -0.04534191 -0.5683319 0.1315496
v -0.02229208 -0.5687636 0.1102604
v -0.01252782 -0.564852 0.08069563
v -0.01866549 -0.5576454 0.05077732
v -0.03906047 -0.5490747 0.0285219
v -0.09520024 -0.5587574 0.03708142
v -0.07281524 -0.5622156 0.03165627
v -0.1123084 -0.558437 0.05288291
v -0.1195558 -0.5613403 0.07482666
v -0.1150002 -0.5666893 0.09703285
v -0.09986258 -0.5730506 0.1135514
v -0.07819879 -0.57872 0.1199561
v -0.05581379 -0.5821781 0.114531
v -0.03870559 -0.5824985 0.09872949
v -0.03145826 -0.5795953 0.0767858
v -0.03601378 -0.5742463 0.05457956
v -0.05115151 -0.5678849 0.03806102
v -0.08835649 -0.5759289 0.05287129
v -0.0764457 -0.5777689 0.04998457
v -0.09745955 -0.5757584 0.06127906
v -0.1013158 -0.5773032 0.07295507
v -0.09889185 -0.5801493 0.08477074
v -0.09083724 -0.5835341 0.09356004
v -0.07931024 -0.5865507 0.09696794
v -0.06739938 -0.5883908 0.09408128
v -0.05829632 -0.5885612 0.08567351
v -0.05444014 -0.5870165 0.0739975
v -0.05686402 -0.5841703 0.06218183
v -0.06491864 -0.5807855 0.05339247
v -0.07870138 -0.5862204 0.07266706
v 0.08147919 0.08643103 -0.07385796
v 0.07395554 0.07121134 -0.06113964
v 0.06956083 0.07139719 -0.06351703
v 0.07708454 0.08661675 -0.07623541
v 0.08071965 0.05645525 -0.07479632
v 0.07632494 0.0566411 -0.07717371
v 0.08824337 0.07167494 -0.08751464
v 0.08384866 0.07186067 -0.08989209
v -0.1963053 -0.7162856 0.02052891
v -0.2021018 -0.7248862 0.06859833
v -0.2329629 -0.908752 0.03197956
v -0.2271664 -0.9001514 -0.01608986
v -0.1830342 -0.736797 0.1123339
v -0.2138953 -0.9206629 0.07571512
v -0.1442116 -0.7488265 0.1400167
v -0.1750727 -0.9326923 0.1033979
v -0.09603649 -0.7577514 0.1442291
v -0.1268975 -0.9416173 0.1076103
v -0.05141735 -0.7611803 0.1238425
v -0.08227837 -0.9450462 0.08722371
v -0.02230984 -0.7581944 0.08431929
v -0.05317086 -0.9420604 0.04770052
v -0.01651329 -0.7495939 0.03624988
v -0.04737437 -0.9334597 -0.0003689528
v -0.03558093 -0.7376831 -0.007485688
v -0.06644201 -0.9215489 -0.04410446
v -0.07440352 -0.7256535 -0.03516847
v -0.1052646 -0.9095194 -0.07178724
v -0.1225786 -0.7167286 -0.03938091
v -0.1534397 -0.9005945 -0.07599968
v -0.1671978 -0.7132997 -0.01899421
v -0.1980589 -0.8971655 -0.05561298
v -0.1077157 -0.1735256 0.01223725
v -0.1022156 -0.1661586 0.05331618
v -0.1100534 -0.2066731 0.06163138
v -0.1155535 -0.2140402 0.02055246
v -0.06934088 -0.1671259 0.07959014
v -0.07717866 -0.2076405 0.08790535
v -0.02834916 -0.175861 0.07566822
v -0.03618693 -0.2163756 0.08398342
v -0.003252804 -0.1872468 0.0438478
v -0.01109064 -0.2277614 0.05216295
v -0.008752942 -0.1946138 0.002768815
v -0.01659077 -0.2351284 0.01108402
v -0.04162765 -0.1936464 -0.02350515
v -0.04946548 -0.234161 -0.01518995
v -0.08261937 -0.1849114 -0.01958317
v -0.0904572 -0.225426 -0.01126802
v -0.1122723 -0.501762 0.07939476
v -0.1060469 -0.5065638 0.1285184
v -0.06677628 -0.5110435 0.1587293
v -0.01746452 -0.5125767 0.1523303
v 0.01300222 -0.5102654 0.1130698
v 0.006776869 -0.5054636 0.06394607
v -0.03249383 -0.500984 0.03373516
v -0.08180559 -0.4994507 0.04013425
v -0.1401124 -0.2630346 0.08091062
v -0.1481677 -0.2743187 0.02127159
v -0.09149718 -0.2562169 0.1175045
v -0.03080022 -0.2578595 0.1096171
v 0.006423116 -0.2670002 0.06186867
v -0.001632214 -0.2782842 0.002229631
v -0.05024743 -0.2851018 -0.03436428
v -0.1109444 -0.2834592 -0.0264768
v 0.08975315 0.3489645 -0.1387782
v 0.09497499 0.3476328 0.007970929
v 0.09924102 0.3671725 0.00799644
v 0.09401917 0.3685042 -0.1387526
v -0.05314255 0.3801553 -0.1334105
v -0.04887652 0.399695 -0.1333849
v -0.07389897 0.3851802 -0.1304572
v -0.0479207 0.3788236 0.01333869
v -0.04365468 0.3983634 0.0133642
v -0.0775739 0.3874608 0.01632708
v -0.07379466 0.3678253 0.01672685
v -0.07011968 0.3655446 -0.1300576
v -0.1057505 0.2755306 -0.1355249
v -0.1070516 0.2714661 0.01126093
v -0.09468609 0.2557505 0.01093554
v -0.09338468 0.259815 -0.1358506
v -0.1178683 0.2263334 -0.1172124
v -0.1074438 0.2161564 -0.1177912
v -0.1138239 0.2243923 -0.01025426
v -0.1033995 0.2142154 -0.01083302
v 0.04051256 0.3773326 -0.1238287
v 0.05994052 0.3574915 -0.1184543
v 0.04892617 0.3468809 -0.1178102
v 0.02949822 0.366722 -0.1231847
v 0.05181682 0.3421963 -0.1455536
v 0.03238887 0.3620374 -0.1509282
v -0.09498429 0.2623016 -0.1098891
v -0.07098114 0.2482114 -0.1048579
v -0.09836066 0.2138478 -0.09768236
v -0.1143207 0.2229062 -0.1004374
v 0.02334636 0.3409237 -0.1222571
v 0.003818214 0.3606673 -0.1276266
v 0.02652252 0.3365163 -0.1500148
v 0.006994367 0.3562599 -0.1553842
v 0.002682567 0.3317053 -0.1252878
v -0.01736921 0.3509229 -0.1306361
v 0.005988479 0.3274283 -0.1530507
v -0.01406324 0.346646 -0.158399
v -0.01638931 0.322301 -0.1217406
v -0.03764546 0.340197 -0.1270236
v -0.01319289 0.3179039 -0.1494976
v -0.03444904 0.3357997 -0.1547804
v -0.03098065 0.3038175 -0.1123616
v -0.0536167 0.3199705 -0.1175274
v -0.02778262 0.2994223 -0.1401188
v -0.05041867 0.3155752 -0.1452845
v -0.04031157 0.2821487 -0.1056705
v -0.06365287 0.2972898 -0.1107625
v -0.03697789 0.2779484 -0.1334417
v -0.06031913 0.2930894 -0.1385339
v -0.05270863 0.2635485 -0.1025764
v -0.07647085 0.278035 -0.1076254
v -0.04916805 0.2596695 -0.1303689
v -0.07293022 0.2741561 -0.1354179
v -0.07098114 0.2482114 -0.1048579
v -0.09498429 0.2623016 -0.1098891
v -0.06702262 0.2450202 -0.1326815
v -0.09102571 0.2591103 -0.1377125
v -0.06702262 0.2450202 -0.1326815
v -0.09102571 0.2591103 -0.1377125
v -0.0958581 0.2126759 -0.1160328
v -0.1118182 0.2217345 -0.1187879
v 0.03606492 0.3807596 -0.002243876
v 0.05674183 0.3619531 0.002089798
v 0.04407054 0.3546201 0.03072506
v 0.02339363 0.3734267 0.02639145
v 0.02569467 0.3695232 -0.001527488
v 0.04637158 0.3507166 0.002806127
v -0.07480109 0.2574034 0.02079815
v -0.05225068 0.2408867 0.02511954
v -0.09366572 0.2112753 0.001913011
v 0.02243865 0.341556 0.03478098
v 0.001585364 0.3601688 0.03045613
v 0.02526754 0.3382322 0.006835461
v 0.00441426 0.356845 0.002510726
v 0.006179929 0.3269656 0.03760564
v -0.01512384 0.3450626 0.03328735
v 0.009503722 0.3242084 0.009653032
v -0.01180011 0.3423054 0.005334795
v -0.0002721548 0.3061064 0.03621358
v -0.02216011 0.3234904 0.0318867
v 0.003415465 0.3037934 0.00826627
v -0.01847249 0.3211774 0.00393945
v -0.001791716 0.2840691 0.03526682
v -0.02442098 0.3004689 0.03091234
v 0.002201498 0.2821616 0.007330954
v -0.02042782 0.2985613 0.002976537
v -0.012514 0.2624391 0.03452414
v -0.03555006 0.2782553 0.03014386
v -0.008184254 0.2610145 0.006609619
v -0.03122038 0.2768307 0.002229393
v -0.02983069 0.2466427 0.03011763
v -0.05258566 0.2628685 0.02576643
v -0.02509701 0.2458066 0.00224489
v -0.04785198 0.2620325 -0.002106249
v -0.05225068 0.2408867 0.02511954
v -0.07480109 0.2574034 0.02079815
v -0.04717994 0.2405299 -0.002704203
v -0.0697304 0.2570466 -0.00702554
v -0.04717994 0.2405299 -0.002704203
v -0.0697304 0.2570466 -0.00702554
v -0.08872944 0.2100052 -0.01593053
v -0.1039183 0.2194864 -0.02080721
v -0.1088545 0.2207565 -0.002963662
v -0.009326279 -0.1368039 -0.1438532
v -0.04553223 -0.1431113 -0.16438
v -0.03214258 -0.1812006 -0.1762932
v 0.004063368 -0.1748933 -0.1557664
v -0.08300489 -0.1594335 -0.1543109
v -0.06961524 -0.1975229 -0.1662239
v -0.09979326 -0.1762092 -0.119544
v -0.08640361 -0.2142985 -0.1314571
v -0.08606297 -0.1836113 -0.08044553
v -0.07267332 -0.2217005 -0.09235865
v -0.04985702 -0.1773038 -0.05991876
v -0.03646737 -0.2153932 -0.07183188
v -0.01238441 -0.1609815 -0.06998795
v 0.001005292 -0.1990709 -0.08190113
v 0.004404008 -0.1442059 -0.1047548
v 0.01779366 -0.1822953 -0.1166679
v 0.06630129 -0.4594291 -0.1934864
v 0.0282914 -0.4795101 -0.2185254
v -0.01436025 -0.5017523 -0.205834
v -0.03666896 -0.5131264 -0.1628469
v -0.02556658 -0.5069696 -0.1147451
v 0.01244336 -0.4868886 -0.08970612
v 0.05509502 -0.4646465 -0.1023974
v 0.07740372 -0.4532725 -0.1453847
v -0.008490741 -0.2318264 -0.2127551
v 0.04433298 -0.2231982 -0.1830189
v -0.06531841 -0.2476643 -0.1963598
v -0.09286118 -0.2614344 -0.1434371
v -0.07498485 -0.2650704 -0.08498842
v -0.02216119 -0.2564422 -0.05525219
v 0.03466654 -0.2406043 -0.07164747
v 0.06220925 -0.2268341 -0.1245702
v -0.03118575 -0.520414 -0.1403796
v -0.003225446 -0.525493 -0.1093244
v -0.009073734 -0.5671512 -0.110872
v -0.03703403 -0.5620722 -0.1419272
v 0.03840899 -0.5314083 -0.1074297
v 0.03256071 -0.5730665 -0.1089773
v 0.06932855 -0.5346949 -0.1358054
v 0.06348026 -0.5763531 -0.137353
v 0.07142103 -0.5334275 -0.1778294
v 0.06557274 -0.5750857 -0.179377
v 0.04346067 -0.5283485 -0.2088847
v 0.03761238 -0.5700067 -0.2104322
v 0.001826286 -0.5224332 -0.2107794
v -0.004022002 -0.5640914 -0.2123269
v -0.02909327 -0.5191466 -0.1824036
v -0.03494155 -0.5608048 -0.1839512
v -0.1071766 -0.8546928 -0.1386766
v -0.07182395 -0.8626386 -0.09921253
v -0.01911408 -0.8719422 -0.09687406
v 0.02007627 -0.8771535 -0.1330308
v 0.02278984 -0.8752201 -0.1865028
v -0.01256287 -0.8672743 -0.2259669
v -0.06527269 -0.8579708 -0.2283053
v -0.104463 -0.8527594 -0.1921485
v -0.09741616 -0.7319727 -0.2368067
v -0.1200629 -0.7283551 -0.1933064
v -0.1453682 -0.916646 -0.1908218
v -0.1227214 -0.9202636 -0.2343221
v -0.1180975 -0.727971 -0.1441715
v -0.1434028 -0.9162619 -0.141687
v -0.09204638 -0.7309231 -0.1025678
v -0.1173517 -0.919214 -0.1000833
v -0.04889005 -0.7364206 -0.07964289
v -0.07419533 -0.9247115 -0.07715839
v -0.0001921654 -0.7429903 -0.08153951
v -0.0254975 -0.9312813 -0.07905501
v 0.0409987 -0.748872 -0.1077495
v 0.01569343 -0.9371629 -0.105265
v 0.06364548 -0.7524896 -0.1512498
v 0.03834021 -0.9407805 -0.1487653
v 0.06168002 -0.7528738 -0.2003847
v 0.03637475 -0.9411647 -0.1979001
v 0.03562897 -0.7499216 -0.2419884
v 0.01032364 -0.9382125 -0.2395038
v -0.007527351 -0.7444241 -0.2649133
v -0.03283268 -0.9327151 -0.2624287
v -0.0562253 -0.7378544 -0.2630166
v -0.08153057 -0.9261453 -0.2605321
v 0.08207029 0.1050183 -0.07363725
v 0.0739941 0.08983374 -0.06121922
v 0.06961519 0.09021366 -0.06360263
v 0.07769138 0.1053982 -0.07602066
v 0.08028871 0.07510853 -0.07513124
v 0.07590979 0.07548833 -0.07751459
v 0.08836496 0.09029293 -0.08754921
v 0.08398598 0.09067285 -0.08993262
v 0.1526333 -0.9814883 -0.1190955
v -0.0206936 -0.9760964 -0.07934231
v -0.01752627 -0.8761469 -0.07908905
v 0.1558006 -0.8815389 -0.1188422
v 0.1110306 -0.9797097 -0.3007279
v 0.1141979 -0.8797601 -0.3004746
v -0.059129 -0.8743683 -0.2607214
v -0.06229633 -0.9743178 -0.2609747
v 0.08847392 0.03694856 -0.09433037
v 0.08574367 0.03249049 -0.08956891
v 0.0804987 0.03015864 -0.09052873
v 0.08321714 0.0346173 -0.09529638
v 0.08757484 0.02701247 -0.0936479
v 0.0824064 0.02467692 -0.09456742
v 0.09030509 0.03147054 -0.09840935
v 0.08512485 0.02913558 -0.09933507
v 0.01515657 0.3855654 -0.1370417
v 0.02732831 0.3651644 -0.1216909
v 0.01352376 0.3595084 -0.118262
v 0.001352012 0.3799094 -0.1336128
v 0.02843046 0.3485941 -0.1445866
v 0.01462585 0.3429381 -0.1411577
v 0.01625866 0.3689952 -0.1599373
v 0.002454102 0.3633391 -0.1565084
v -0.1053254 0.2761543 -0.1233702
v -0.08369768 0.2625571 -0.1112311
v -0.07727313 0.2506155 -0.1360529
v -0.09890085 0.2642126 -0.148192
v -0.01352584 0.3545483 -0.1219024
v -0.0279271 0.3738908 -0.1366832
v -0.01100761 0.3386505 -0.14516
v -0.02540886 0.3579929 -0.1599409
v -0.03479391 0.3406729 -0.1196038
v -0.05280316 0.3576524 -0.1332918
v -0.03115922 0.3255061 -0.1431995
v -0.04916847 0.3424855 -0.1568876
v -0.05210298 0.3213987 -0.116918
v -0.07304353 0.3356886 -0.1294595
v -0.047414 0.3071992 -0.1409262
v -0.06835455 0.3214891 -0.1534676
v -0.05745721 0.2999297 -0.1159759
v -0.08044446 0.3117115 -0.1274988
v -0.05221272 0.286411 -0.1402605
v -0.07519996 0.2981929 -0.1517834
v -0.06689411 0.2778504 -0.1113434
v -0.08922791 0.2905259 -0.123198
v -0.06105989 0.2651383 -0.1359273
v -0.08339363 0.2778139 -0.1477818
v -0.08369768 0.2625571 -0.1112311
v -0.1053254 0.2761543 -0.1233702
v -0.07727313 0.2506155 -0.1360529
v -0.09890085 0.2642126 -0.148192
v 0.0850724 0.3089366 -0.0422436
v 0.07236266 0.3103323 -0.03620082
v 0.06902337 0.3095441 -0.04304236
v 0.08173311 0.3081484 -0.04908514
v 0.07173747 0.2963347 -0.03428298
v 0.06839812 0.2955465 -0.04112446
v 0.08444715 0.294939 -0.0403257
v 0.08110785 0.2941508 -0.04716724
v 0.09320194 0.2975358 -0.0006754398
v 0.08087021 0.2989701 0.006097376
v 0.0821889 0.3130387 0.005518913
v 0.09452063 0.3116043 -0.001253963
v 0.08319533 0.3115684 -0.08297044
v 0.06954885 0.3107439 -0.0793519
v 0.06754035 0.3123611 -0.0865581
v 0.08118683 0.3131856 -0.09017664
v 0.06956059 0.2969457 -0.08245176
v 0.06755203 0.2985629 -0.08965796
v 0.08320707 0.2977701 -0.0860703
v 0.08119851 0.2993873 -0.0932765
v 0.07406855 0.3077445 -0.1318501
v 0.06054938 0.3068449 -0.1277975
v 0.06093282 0.2928272 -0.1296304
v 0.07445198 0.2937269 -0.1336831
v 0.04623073 0.3059437 -0.08504158
v 0.05912173 0.306519 -0.08602089
v 0.0630374 0.3034695 -0.03626782
v 0.0501464 0.3028942 -0.03528851
v 0.07383877 0.3007792 -0.0770784
v 0.08072841 0.2898916 -0.07828796
v 0.08471614 0.2884765 -0.04898161
v 0.07782656 0.2993641 -0.04777205
v 0.08188295 0.2767509 -0.09293264
v 0.08217025 0.260941 -0.0908795
v 0.08608592 0.2578917 -0.04112637
v 0.06103534 0.2583605 -0.08912319
v 0.064951 0.255311 -0.03937012
v 0.04814434 0.2577852 -0.08814389
v 0.05206001 0.2547357 -0.03839082
v 0.03672403 0.263739 -0.08688021
v 0.0406397 0.2606895 -0.03712714
v 0.02983445 0.2746265 -0.08567065
v 0.03375012 0.271577 -0.03591758
v 0.02932167 0.2875305 -0.0848394
v 0.03323734 0.284481 -0.03508633
v 0.03532314 0.2989935 -0.08460915
v 0.03923881 0.295944 -0.03485608
v 0.08485216 0.2749454 -0.03939408
v -0.02232134 0.3905623 -0.1319273
v -0.002876818 0.3750136 -0.1185055
v -0.01395327 0.3662292 -0.1126351
v -0.03339779 0.381778 -0.1260568
v -0.001137555 0.3578444 -0.1409152
v -0.01221406 0.3490601 -0.1350448
v -0.02058208 0.3733932 -0.154337
v -0.03165859 0.3646089 -0.1484665
v -0.08237255 0.3542727 -0.1306672
v -0.06125736 0.3402802 -0.1180829
v -0.0570389 0.325367 -0.141743
v -0.07815409 0.3393594 -0.1543271
v -0.04468626 0.3705292 -0.1196665
v -0.06444985 0.3858148 -0.1329237
v -0.04206628 0.3540865 -0.1425309
v -0.06182981 0.3693721 -0.1557879
v -0.06125736 0.3402802 -0.1180829
v -0.08237255 0.3542727 -0.1306672
v -0.0570389 0.325367 -0.141743
v -0.07815409 0.3393594 -0.1543271
v -0.07204616 -0.9829093 0.2189595
v -0.1930866 -0.9869689 0.08863568
v -0.1985732 -0.8871393 0.09062183
v -0.07753271 -0.8830798 0.2209457
v 0.06413996 -0.972902 0.09216261
v 0.05865335 -0.8730724 0.09414876
v -0.06238711 -0.8771319 -0.03617507
v -0.05690056 -0.9769615 -0.03816122
v 0.03298616 0.3817332 -0.0007678866
v 0.02379698 0.3896582 0.02478117
v 0.00993222 0.3840406 0.02153695
v 0.01912135 0.3761156 -0.004012108
v 0.0314936 0.3645694 0.03533161
v 0.01762885 0.3589518 0.03208745
v 0.04068279 0.3566444 0.009782553
v 0.02681798 0.3510268 0.006538391
v -0.08620733 0.2591772 -0.01263064
v -0.09719324 0.2661694 0.01247746
v -0.08015227 0.2474796 0.02513832
v -0.06916636 0.2404872 3.021955E-05
v -0.0230636 0.3647833 0.01969028
v -0.0124706 0.3575712 -0.005524278
v -0.01151752 0.3416494 0.03115791
v -0.000924468 0.3344373 0.005943358
v -0.03498238 0.3408186 0.02646261
v -0.02390134 0.3339403 0.001364827
v -0.0214318 0.3190552 0.03840995
v -0.0103507 0.3121768 0.01331216
v -0.04127085 0.3162514 0.02973968
v -0.03014034 0.3094121 0.004653096
v -0.02658331 0.2953869 0.04194444
v -0.01545268 0.2885478 0.01685786
v -0.05207121 0.29442 0.02706766
v -0.04057491 0.2878976 0.002061725
v -0.03660208 0.274233 0.0394448
v -0.02510571 0.2677106 0.01443887
v -0.07055748 0.279918 0.01715738
v -0.05954146 0.2729551 -0.007945716
v -0.0545097 0.2602618 0.02965164
v -0.04349363 0.2532989 0.00454849
v -0.09719324 0.2661694 0.01247746
v -0.08620733 0.2591772 -0.01263064
v -0.08015227 0.2474796 0.02513832
v -0.06916636 0.2404872 3.021955E-05
v -0.01504952 0.3797971 -0.0003166199
v -0.02431184 0.385301 0.0258351
v -0.0371303 0.3774483 0.02294785
v -0.02786791 0.3719443 -0.003203928
v -0.01193404 0.3616544 0.03519583
v -0.0247525 0.3538016 0.03230852
v -0.002671659 0.3561504 0.009044051
v -0.01549011 0.3482976 0.006156743
v -0.08626795 0.2875175 -0.007664382
v -0.09637034 0.2924089 0.01829737
v -0.07945681 0.2722543 0.02867615
v -0.06935436 0.2673628 0.002714336
v -0.06064546 0.3506645 0.03028011
v -0.05060047 0.3456926 0.004311264
v -0.04627627 0.3283716 0.04010636
v -0.03623128 0.3233998 0.01413751
v -0.06519401 0.3262395 0.03055751
v -0.05560672 0.3209145 0.004485905
v -0.05007523 0.3045247 0.0405522
v -0.040488 0.2991998 0.01448053
v -0.08046973 0.3061385 0.02702868
v -0.07040358 0.301214 0.001059055
v -0.06430954 0.2852947 0.03724515
v -0.05424345 0.28037 0.01127553
v -0.09637034 0.2924089 0.01829737
v -0.08626795 0.2875175 -0.007664382
v -0.07945681 0.2722543 0.02867615
v -0.06935436 0.2673628 0.002714336
v -0.03404552 0.3866525 -0.00763154
v -0.04469609 0.3923603 0.01794159
v -0.05720216 0.3842101 0.01455224
v -0.04655153 0.3785022 -0.0110209
v -0.03234386 0.3691089 0.02827573
v -0.04484993 0.3609587 0.02488637
v -0.02169323 0.3634011 0.002702594
v -0.0341993 0.3552508 -0.0006867647
v -0.0737828 0.3101505 -0.004970849
v -0.08574545 0.3148346 0.02022743
v -0.0697366 0.294484 0.03161049
v -0.05777401 0.2898 0.006412148
v -0.08041298 0.361183 0.01817453
v -0.06901139 0.3560154 -0.007188737
v -0.06619895 0.3392708 0.02902877
v -0.05479729 0.3341031 0.003665447
v -0.0841524 0.3380758 0.02176589
v -0.07243615 0.3331681 -0.003505468
v -0.06911349 0.3168454 0.03286105
v -0.05739731 0.3119378 0.007589638
v -0.08574545 0.3148346 0.02022743
v -0.0737828 0.3101505 -0.004970849
v -0.0697366 0.294484 0.03161049
v -0.05777401 0.2898 0.006412148
v 0.05469716 0.2098349 -0.08443809
v 0.05556679 0.2078768 -0.07769948
v 0.05184889 0.208498 -0.07703918
v 0.05097926 0.2104561 -0.08377779
v 0.05413508 0.2011799 -0.07946074
v 0.05041718 0.2018011 -0.07880044
v 0.05326545 0.2031381 -0.0861994
v 0.04954755 0.2037592 -0.08553904
v 0.05662853 0.2222337 -0.100326
v 0.05743384 0.2203897 -0.09354728
v 0.05370301 0.2209883 -0.09294122
v 0.05289769 0.2228322 -0.09972
v 0.05608159 0.2136534 -0.09521902
v 0.05235076 0.214252 -0.09461296
v 0.05527622 0.2154974 -0.1019978
v 0.05154544 0.2160959 -0.1013917
v 0.06023484 0.2187673 -0.09352553
v 0.06015754 0.2234082 -0.09885991
v 0.05853516 0.2182043 -0.103364
v 0.05861241 0.2135633 -0.09802967
v 0.05199784 0.2264214 -0.1026234
v 0.05327463 0.2216316 -0.09758067
v 0.05015612 0.2212446 -0.1070741
v 0.05143285 0.2164549 -0.1020315
v 0.06015754 0.2234082 -0.09885991
v 0.06023484 0.2187673 -0.09352553
v 0.05853516 0.2182043 -0.103364
v 0.05861241 0.2135633 -0.09802967
v 0.04097128 0.2184129 -0.1129804
v 0.04460037 0.216939 -0.1070933
v 0.04132295 0.2167046 -0.1051317
v 0.03769386 0.2181785 -0.1110188
v 0.04420543 0.2100368 -0.1085778
v 0.04092801 0.2098024 -0.1066161
v 0.04057634 0.2115107 -0.1144649
v 0.03729892 0.2112763 -0.1125032
v 0.009814799 0.2416849 -0.1294963
v 0.01471251 0.2388923 -0.1252285
v 0.01227438 0.2391115 -0.122287
v 0.007376671 0.2419041 -0.1265548
v 0.01232153 0.2324088 -0.1267271
v 0.009883404 0.232628 -0.1237857
v 0.007423759 0.2352014 -0.1309949
v 0.00498569 0.2354206 -0.1280534
v 0.007423759 0.2352014 -0.1309949
v 0.01232153 0.2324088 -0.1267271
v 0.01471251 0.2388923 -0.1252285
v 0.009814799 0.2416849 -0.1294963
v 0.009218574 0.2574811 -0.1391291
v 0.01408601 0.2547245 -0.1348037
v 0.01161206 0.2549263 -0.1318911
v 0.006744623 0.2576829 -0.1362165
v 0.01175982 0.2482235 -0.136329
v 0.009285808 0.2484254 -0.1334164
v 0.006892323 0.2509801 -0.1406544
v 0.004418373 0.251182 -0.1377417
v 0.008686304 0.2710308 -0.1363956
v 0.01330984 0.2690293 -0.1314341
v 0.01054925 0.2692071 -0.1287898
v 0.005925715 0.2712086 -0.1337513
v 0.01169622 0.2622553 -0.1326631
v 0.00893563 0.2624332 -0.1300188
v 0.007072687 0.2642568 -0.1376246
v 0.004312098 0.2644347 -0.1349803
v 0.005925715 0.2712086 -0.1337513
v 0.01054925 0.2692071 -0.1287898
v 0.00893563 0.2624332 -0.1300188
v 0.004312098 0.2644347 -0.1349803
v 0.02280951 0.268623 0.01400745
v 0.02336472 0.2666748 0.02078217
v 0.01955038 0.2665229 0.02105105
v 0.01899511 0.268471 0.01427639
v 0.02349681 0.2598832 0.01881826
v 0.01968247 0.2597313 0.0190872
v 0.02294153 0.2618314 0.0120436
v 0.01912719 0.2616794 0.01231253
v 0.01300621 0.2501076 0.007574201
v 0.0136838 0.2481441 0.01433331
v 0.009878874 0.2478675 0.01463437
v 0.009201288 0.2498311 0.007875323
v 0.01401788 0.2413704 0.01233202
v 0.0102129 0.2410938 0.01263309
v 0.01334023 0.2433339 0.005572915
v 0.009535313 0.2430574 0.005874038
v 0.02017552 0.2422159 0.007386625
v 0.02072477 0.2402446 0.01415515
v 0.02054119 0.2470274 0.01614541
v 0.01999199 0.2489986 0.009376884
v 0.02072477 0.2402446 0.01415515
v 0.02017552 0.2422159 0.007386625
v 0.02054119 0.2470274 0.01614541
v 0.01999199 0.2489986 0.009376884
v 0.0301643 0.2388196 0.004807472
v 0.03061122 0.2367032 0.01153958
v 0.0267933 0.2365359 0.01174045
v 0.02634639 0.2386523 0.00500834
v 0.03079444 0.2299634 0.009408593
v 0.02697653 0.2297961 0.009609461
v 0.03034753 0.2320797 0.002676487
v 0.02652961 0.2319125 0.002877355
v 0.02574641 0.2244358 -0.001239419
v 0.02618337 0.2223536 0.005503953
v 0.02236623 0.222155 0.005689979
v 0.02192926 0.2242372 -0.001053393
v 0.0264321 0.215606 0.00340426
v 0.02261496 0.2154074 0.003590286
v 0.02599514 0.2176882 -0.003339112
v 0.02217799 0.2174896 -0.003153086
v 0.02599514 0.2176882 -0.003339112
v 0.0264321 0.215606 0.00340426
v 0.02618337 0.2223536 0.005503953
v 0.02574641 0.2244358 -0.001239419
v 0.0266403 0.226371 0.002319872
v 0.02498168 0.2246602 0.008977294
v 0.02145284 0.223699 0.007851124
v 0.02311152 0.2254099 0.001193702
v 0.02715737 0.2180331 0.007816315
v 0.02362853 0.2170719 0.006690085
v 0.02881598 0.219744 0.001158834
v 0.02528721 0.2187828 3.266335E-05
v 0.02881598 0.219744 0.001158834
v 0.02715737 0.2180331 0.007816315
v 0.02498168 0.2246602 0.008977294
v 0.0266403 0.226371 0.002319872
v 0.03357679 0.2136213 -0.01157075
v 0.03187126 0.2119368 -0.004918396
v 0.02835995 0.2109426 -0.006070316
v 0.03006548 0.2126271 -0.01272267
v 0.03410655 0.2053195 -0.006020784
v 0.03059524 0.2043253 -0.007172763
v 0.03581208 0.207004 -0.01267314
v 0.03230077 0.2060097 -0.01382512
v 0.06320429 0.2458792 -0.0904749
v 0.06377548 0.2442013 -0.08362961
v 0.05996495 0.2442943 -0.08328885
v 0.05939376 0.2459722 -0.09013414
v 0.06345987 0.2373344 -0.08528638
v 0.05964935 0.2374272 -0.08494568
v 0.06288862 0.2390122 -0.09213173
v 0.05907816 0.2391051 -0.09179097
v 0.05488575 0.2343032 -0.1096167
v 0.05534071 0.2328433 -0.102713
v 0.05152363 0.2329091 -0.1024475
v 0.05106872 0.234369 -0.1093513
v 0.05512077 0.2259257 -0.1041614
v 0.05130368 0.2259915 -0.1038959
v 0.0546658 0.2273856 -0.1110651
v 0.05084878 0.2274514 -0.1107997
v 0.0632956 0.245573 -0.05006313
v 0.06402481 0.2431872 -0.04344678
v 0.06021971 0.2431482 -0.04304147
v 0.05949044 0.2455341 -0.04965776
v 0.06383938 0.2365311 -0.04582649
v 0.06003428 0.2364923 -0.04542118
v 0.06311011 0.238917 -0.05244285
v 0.05930501 0.2388781 -0.05203748
v 0.07123053 0.2450316 -0.05088907
v 0.07202113 0.2425845 -0.04430223
v 0.06821895 0.2425045 -0.04387563
v 0.06742841 0.2449515 -0.05046248
v 0.07188606 0.235952 -0.04675001
v 0.06808394 0.235872 -0.04632342
v 0.07109553 0.2383991 -0.05333692
v 0.06729341 0.238319 -0.05291027
v 0.06152165 0.2381656 -0.02899522
v 0.06236875 0.2354081 -0.02253938
v 0.05856961 0.2352619 -0.02210325
v 0.05772251 0.2380196 -0.02855915
v 0.06230098 0.2289025 -0.02530926
v 0.0585019 0.2287563 -0.0248732
v 0.06145388 0.23166 -0.03176516
v 0.0576548 0.231514 -0.0313291
v 0.08190042 0.327047 -0.02165812
v 0.0756945 0.3251793 -0.01883
v 0.07390541 0.3262808 -0.02202851
v 0.08011132 0.3281485 -0.02485663
v 0.07644147 0.3186702 -0.02148938
v 0.07465237 0.3197716 -0.02468795
v 0.08264738 0.3205378 -0.0243175
v 0.08085829 0.3216393 -0.02751607
v 0.07667279 0.3287919 -0.1082802
v 0.07072783 0.3268217 -0.1049973
v 0.07196349 0.3200957 -0.106796
v 0.07790846 0.3220657 -0.1100788
v 0.0771879 0.3249598 -0.0648874
v 0.08335853 0.3268468 -0.06777924
v 0.0781368 0.3183392 -0.0671829
v 0.08430737 0.3202263 -0.07007474
v 0.083372 0.3411976 -0.03511614
v 0.07676768 0.339296 -0.03345263
v 0.07553697 0.3406193 -0.0368259
v 0.08214128 0.342521 -0.03848934
v 0.07786864 0.3329395 -0.03634799
v 0.07663798 0.3342628 -0.03972125
v 0.08447295 0.3348411 -0.03801143
v 0.0832423 0.3361645 -0.0413847
v 0.07695889 0.342659 -0.09238619
v 0.07057369 0.3405879 -0.09016359
v 0.07196224 0.333997 -0.09231627
v 0.07834744 0.3360682 -0.09453887
v 0.07843333 0.3390895 -0.06527334
v 0.0849669 0.3410584 -0.06712693
v 0.07967204 0.3326019 -0.06779879
v 0.08620554 0.3345708 -0.06965238
v -0.02201289 0.2722912 -0.121583
v 0.01192552 0.2813122 -0.125683
v 0.02732974 0.2494855 -0.1156397
v -0.006573796 0.2404277 -0.1113383
v 0.02001673 0.2476385 -0.1327972
v 0.03527564 0.2159659 -0.1235957
v -0.01392168 0.2386175 -0.1286972
v 0.001372099 0.2069081 -0.1192943
v 0.02042884 0.2845089 0.006601095
v -0.01266766 0.2732873 0.01195794
v -0.005585849 0.2511185 -0.003837109
v 0.02740186 0.2621876 -0.01010495
v -0.0008661747 0.240142 0.01543814
v 0.006367624 0.2181863 0.0009149313
v 0.03223038 0.2513636 0.01008129
v 0.03935528 0.2292552 -0.005352974
v 0.06629926 0.2437897 -0.08342987
v 0.05725205 0.2430494 -0.07258552
v 0.03254396 0.2299991 -0.1082101
v 0.04136223 0.230736 -0.1192417
v 0.0573386 0.2289357 -0.07347673
v 0.03368396 0.2159029 -0.1082406
v 0.06638581 0.2296759 -0.08432108
v 0.04250216 0.2166399 -0.1192723
v 0.02326596 0.234686 -0.1225852
v 0.05247074 0.2310058 -0.1030012
v 0.03274465 0.230255 -0.07828373
v 0.006064534 0.2327743 -0.1013451
v 0.04345316 0.1975793 -0.09583509
v 0.02598989 0.1957879 -0.07423437
v 0.01424837 0.2012595 -0.1154192
v -0.0006901622 0.1983072 -0.09729576
v 0.05494785 0.23098 -0.007841885
v 0.02247971 0.2291909 0.006036878
v 0.01239252 0.2140929 -0.01934665
v 0.04402643 0.2164994 -0.03495133
v 0.01938808 0.1959093 -0.005486071
v 0.01008844 0.1802284 -0.02924031
v 0.05185616 0.1976985 -0.01936483
v 0.0417223 0.1826349 -0.04484504
v 0.06412017 0.2438139 -0.04752493
v 0.06598192 0.2421851 -0.03360081
v 0.04308838 0.2322785 -0.002332211
v 0.04176295 0.2339453 -0.01631308
v 0.06641674 0.2281522 -0.03530043
v 0.04427058 0.2182984 -0.004110932
v 0.06455499 0.229781 -0.04922456
v 0.04294515 0.2199652 -0.01809186
v 0.08124739 0.07285917 -0.07410419
v 0.06793219 0.04795766 -0.05282927
v 0.06360233 0.04814243 -0.05532295
v 0.07691753 0.07304394 -0.07659781
v 0.07956499 0.02289355 -0.07488531
v 0.07523513 0.02307832 -0.07737899
v 0.09288019 0.04779506 -0.09616023
v 0.08855033 0.04797983 -0.09865385
v 0.05129826 0.2251816 -0.003335476
v 0.04152703 0.2223785 0.006496489
v 0.03679174 0.2433547 0.007762551
v 0.04661411 0.2461455 -0.00202173
v 0.0415954 0.2087607 0.002681673
v 0.03700358 0.2297018 0.00408107
v 0.05136657 0.2115639 -0.007150233
v 0.04682595 0.2324926 -0.005703211
v 0.01633519 0.2492161 -0.1191301
v 0.02873319 0.2530109 -0.124777
v 0.04854035 0.2377403 -0.1105728
v 0.03619254 0.2339028 -0.1048449
v 0.02954882 0.2405287 -0.1313747
v 0.0489791 0.2255777 -0.1177756
v 0.01715076 0.2367338 -0.1257277
v 0.03663141 0.2217402 -0.1120478
v 0.03467953 0.2399004 -0.1281409
v 0.04482168 0.2352813 -0.1194345
v 0.0299896 0.2224908 -0.1016074
v 0.01964676 0.2270314 -0.1101169
v 0.04384989 0.2223806 -0.1251467
v 0.0294041 0.2097414 -0.107699
v 0.03370774 0.2269998 -0.1338531
v 0.01906133 0.2142818 -0.1162084
v 0.02265322 0.2128892 -0.09499186
v 0.05055243 0.2130227 -0.0996415
v 0.0557043 0.2120857 -0.02426326
v 0.02754188 0.2115161 -0.02682322
v 0.05083144 0.1847529 -0.09877932
v 0.05604416 0.1839168 -0.02173489
v 0.02293229 0.1846194 -0.09412968
v 0.02788174 0.1833472 -0.02429485
v -0.04285669 0.2940179 -0.1125502
v -0.01747942 0.2919294 -0.124864
v 0.01297534 0.2661279 -0.1177713
v -0.01291567 0.2690918 -0.1067773
v -0.02559495 0.267975 -0.1375261
v 0.004827142 0.242229 -0.1305171
v -0.05097222 0.2700636 -0.1252122
v -0.0210638 0.2451931 -0.119523
v -0.07500029 -0.9751496 0.3171388
v -0.1037671 -0.9746583 0.3580317
v -0.05544561 -0.04008353 0.3807946
v -0.0266788 -0.04057491 0.3399017
v -0.1158146 -0.9723392 0.2883936
v -0.06749314 -0.03776455 0.3111564
v -0.09625995 -0.03727317 0.3520494
v -0.1445814 -0.9718478 0.3292865
v 0.02210009 -0.07384884 0.3319546
v -0.0390994 -0.06845534 0.4280219
v -0.006403625 0.2471895 0.4311295
v 0.05479586 0.241796 0.3350621
v -0.08180302 -0.06242824 0.2651222
v -0.04910725 0.2532166 0.2682297
v -0.1103067 0.2586101 0.364297
v -0.1430025 -0.05703473 0.3611895
v -0.04373109 -0.03430951 0.2922645
v -0.05666292 0.00477016 0.3206466
v -0.01530153 -0.00144124 0.3480447
v -0.002369702 -0.04052091 0.3196626
v -0.01879102 -0.003744841 0.2615432
v 0.02257037 -0.009956241 0.2889413
v 0.009638548 0.02912343 0.3173234
v -0.03172284 0.03533483 0.2899253
v -0.02582568 0.1597606 0.2935804
v -0.03744531 0.2004108 0.3202739
v 0.004177272 0.1945302 0.3473474
v 0.01579696 0.15388 0.3206539
v -0.000675261 0.1882734 0.2611076
v 0.04094732 0.1823928 0.2881812
v 0.02932769 0.2230431 0.3148747
v -0.01229495 0.2289237 0.2878011
v -0.03340101 0.06556213 0.2940521
v -0.04515612 0.1060174 0.3209814
v -0.002469778 0.1013683 0.346599
v 0.00928539 0.06091309 0.3196696
v -0.01016974 0.09457529 0.2606074
v 0.0325166 0.08992624 0.2862249
v 0.02076149 0.1303815 0.3131543
v -0.02192491 0.1350305 0.2875367
v -0.09539562 0.06630754 0.3927079
v -0.1070957 0.1048024 0.4223939
v -0.06378925 0.09918559 0.4467456
v -0.05208921 0.06069076 0.4170596
v -0.07331252 0.09771764 0.3606808
v -0.03000611 0.09210086 0.3850325
v -0.04170614 0.1305957 0.4147184
v -0.08501256 0.1362125 0.3903667
v -0.1044053 -0.03339577 0.3848123
v -0.1172305 0.003617167 0.4158857
v -0.07518768 -0.00369072 0.4419433
v -0.06236249 -0.04070365 0.4108699
v -0.08057427 -0.0005836487 0.3555643
v -0.03853148 -0.007891536 0.3816219
v -0.05135667 0.0291214 0.4126953
v -0.09339947 0.03642929 0.3866377
v -0.08911318 0.1604511 0.3980485
v -0.1006857 0.1991574 0.4275086
v -0.05839342 0.1922039 0.4532577
v -0.04682094 0.1534976 0.4237976
v -0.06508309 0.1913294 0.3669183
v -0.02279085 0.1843759 0.3926674
v -0.03436333 0.2230822 0.4221275
v -0.07665557 0.2300357 0.3963784
v 0.02690756 0.1462682 0.3605769
v 0.005783677 0.1891332 0.345867
v -0.02319974 0.1888312 0.3866085
v -0.002075851 0.1459663 0.4013184
v 0.06174642 0.1720074 0.3855518
v 0.032763 0.1717055 0.4262933
v 0.01163912 0.2145704 0.4115835
v 0.04062253 0.2148724 0.370842
v 0.005135 -0.04724216 0.3524989
v -0.01781106 -0.005802989 0.3364905
v -0.04714793 -0.006408095 0.3769749
v -0.02420187 -0.04784727 0.3929833
v 0.03849405 -0.0192703 0.3770906
v 0.009157181 -0.01987541 0.4175749
v -0.01378888 0.02156377 0.4015665
v 0.01554799 0.02216887 0.3610821
v 0.01520032 0.05253565 0.3577247
v -0.00617671 0.09522831 0.3428799
v -0.03360158 0.09603047 0.3846798
v -0.01222456 0.05333793 0.3995246
v 0.0511294 0.07854915 0.3807985
v 0.02370453 0.07935131 0.4225984
v 0.002327502 0.122044 0.4077536
v 0.02975237 0.1212417 0.3659537
v -0.08326316 -0.03410602 0.2856768
v -0.110328 0.004440784 0.2688946
v -0.137494 0.003638744 0.3108631
v -0.1104292 -0.03490806 0.3276454
v -0.05117732 -0.00227046 0.3070543
v -0.07834339 -0.0030725 0.3490229
v -0.1054082 0.0354743 0.3322406
v -0.07824212 0.03627634 0.290272
v -0.0772655 0.1606832 0.2830644
v -0.1025713 0.2008648 0.2674103
v -0.1293981 0.2004068 0.3096017
v -0.1040923 0.160225 0.3252558
v -0.04350257 0.1904359 0.3048552
v -0.07032937 0.1899779 0.3470466
v -0.09563518 0.2301595 0.3313925
v -0.06880838 0.2306176 0.2892011
v -0.08127439 0.06629455 0.2854493
v -0.1068245 0.1062771 0.2696826
v -0.1321399 0.1070998 0.3127924
v -0.1065898 0.06711721 0.3285592
v -0.04654223 0.09630656 0.3052725
v -0.07185757 0.09712923 0.3483823
v -0.0974077 0.1371118 0.3326156
v -0.07209229 0.1362891 0.2895057
v -0.09061366 -0.1426983 -0.2450117
v -0.03488219 0.1652261 -0.2338815
v 0.02608562 -0.06081581 -0.3241734
v -0.2239079 -0.1344929 0.03274262
v -0.2536802 -0.1265101 0.01821911
v -0.2515577 -0.2599036 0.1217451
v -0.1537155 0.1721013 0.05737054
v -0.1203859 -0.1347156 -0.2595353
v -0.05019343 0.1718786 -0.2349074
v -0.1834877 0.180084 0.04284704
v -0.14072 -0.5228318 -0.2441247
v -0.2306441 -0.5295609 0.05057931
v -0.198218 -0.5263603 0.0605467
v -0.1082939 -0.5196317 -0.2341576
v -0.1394625 -0.7971542 -0.1569853
v -0.1206113 -0.7962554 -0.1500105
v -0.2017111 -0.812929 0.01329231
v -0.1828597 -0.8120297 0.02026719
v 0.03197777 -0.05581224 -0.3277429
v -0.02729595 -0.2290171 -0.3622648
v -0.01872712 -0.2353514 -0.3451979
v 0.03717732 -0.4931429 -0.2950367
v 0.1345049 -0.03951633 -0.2943833
v 0.1437781 -0.02943277 -0.3091195
v 0.1164236 -0.196472 -0.3821253
v -0.01645046 -0.5585626 -0.3230332
v -0.1945751 -0.06096625 0.2221107
v -0.1714323 -0.06931853 0.2255269
v -0.2284148 -0.2682559 0.1251613
v -0.201462 -0.6310103 0.1615912
v -0.1874318 -0.6066098 0.1846835
v 0.1019625 -0.463282 -0.2982076
v 0.1359612 -0.02615762 -0.3092125
v 0.2487526 -0.22284 -0.1955957
v 0.2333158 -0.4977828 -0.1445363
v 0.01834488 -0.4266394 -0.2357307
v 0.1476469 -0.06842279 -0.1703374
v 0.227697 -0.226899 -0.07733876
v 0.2058861 -0.4997059 -0.01784402
v 0.07684356 -0.4842843 -0.201414
v 0.1241485 -0.07214928 -0.07140744
v 0.03240418 0.1861713 -0.2375416
v 0.1685014 -0.07132757 -0.1075743
v 0.1066769 0.1701028 -0.1367933
v 0.187386 -0.06458199 -0.105933
v 0.1398563 -0.9065803 -0.02721018
v 0.1730579 -0.9093779 -0.1524974
v 0.1838818 -0.8941715 -0.1215501
v 0.03513157 -0.8642538 -0.2595255
v 0.08907729 0.183879 -0.09071475
v 0.0646944 0.1669328 -0.07152337
v -0.05164701 0.168811 -0.1876633
v -0.03367901 0.186583 -0.2123879
v 0.07345176 0.1365088 -0.08726186
v -0.04186654 0.1382554 -0.202519
v 0.09783465 0.153455 -0.106453
v -0.02389854 0.1560274 -0.2272436
v -0.1369619 0.1398735 0.007050633
v -0.1200489 0.1378387 -0.02393019
v -0.1219724 0.1729817 -0.02728838
v -0.1388854 0.1750164 0.003692627
v 0.005936146 0.1403323 0.03650349
v 0.03057307 0.1482804 0.06058359
v -0.002926767 0.1744878 0.03429788
v 0.0217104 0.1824358 0.05837798
v 0.08792812 0.1971645 -0.1065492
v 0.06050891 0.1490479 -0.09501773
v -0.04892254 0.1642054 -0.190959
v -0.05486399 0.2035856 -0.2311323
v 0.09215683 0.1218587 -0.1332167
v -0.00811708 0.1394144 -0.2212959
v 0.119576 0.1699753 -0.1447482
v -0.01405859 0.1787946 -0.2614691
v 0.0629847 0.1881552 -0.1518274
v 0.04824191 0.1561737 -0.1075575
v 0.1427315 -0.08902037 -0.05966246
v 0.1560697 -0.06340659 -0.1083043
v 0.1024316 0.1419048 -0.0998193
v 0.1960512 -0.1072332 -0.05463213
v 0.1171744 0.1738864 -0.1440893
v 0.2093893 -0.08161962 -0.1032741
v 0.1623617 -0.4381063 -0.03426832
v 0.144315 -0.4806297 -0.001617551
v 0.1972417 -0.5002539 0.002078235
v 0.2152885 -0.4577304 -0.03057259
v 0.01942861 0.1956495 0.02656347
v 0.01169604 0.2107358 0.08053207
v -0.1477363 0.2048904 0.02214068
v -0.1458409 0.1872919 -0.03158736
v 0.02490729 0.1582822 0.09708768
v -0.1175952 0.1597235 0.03799838
v 0.03263986 0.143196 0.04311901
v -0.1156998 0.142125 -0.01572973
v -0.1712468 0.1841822 -0.002139986
v -0.1565738 0.2226238 0.03667927
v -0.1861994 -0.06361556 0.2495992
v -0.1950039 -0.08397532 0.197561
v -0.1068318 0.1966013 0.04364729
v -0.1305304 -0.07137644 0.2432168
v -0.1215048 0.1581595 0.004827976
v -0.1393349 -0.0917362 0.1911787
v -0.1965647 -0.5976112 0.151096
v -0.1941465 -0.6206291 0.2027132
v -0.138585 -0.62912 0.1963238
v -0.1410032 -0.606102 0.1447067
v 0.07744294 0.1600828 -0.1554815
v 0.1128811 0.1979778 -0.1329402
v 0.008517623 0.1966932 0.07456094
v -0.02642703 0.158833 0.05120558
v 0.1494996 0.1565744 -0.120905
v 0.037696 0.1547673 0.09886807
v 0.1140614 0.1186794 -0.1434463
v 0.002751291 0.1169071 0.07551283
v 0.002865016 -0.1416245 0.001398563
v 0.006725729 -0.1387308 0.01469219
v -0.03817594 -0.135205 0.0757603
v -0.04208034 -0.1381052 0.06248075
v 0.009424746 -0.1524376 0.01689202
v -0.03542131 -0.1489036 0.07794195
v 0.005563974 -0.1553313 0.003598392
v -0.03932571 -0.1518037 0.0646624
v -0.08545774 -0.3102239 -0.05715406
v -0.0494504 -0.2209293 -0.1445035
v -0.1709489 -0.2170055 -0.1905767
v -0.2069562 -0.3063002 -0.1032272
v -0.1144681 -0.2158256 0.02738786
v -0.2359666 -0.2119018 -0.01868528
v -0.1999592 -0.1226071 -0.1060348
v -0.07846075 -0.1265309 -0.05996162
v -0.1196258 -0.1905695 -0.0692234
v -0.07771593 -0.1237668 -0.1307129
v -0.1676078 -0.1027613 -0.1691605
v -0.2095177 -0.169564 -0.1076711
v -0.1323937 -0.1191821 -0.0003697872
v -0.2222856 -0.0981766 -0.03881747
v -0.1803757 -0.03137386 -0.100307
v -0.09048384 -0.05237937 -0.06185931
v -0.1232904 -0.09907162 -0.06844193
v -0.09066993 -0.0450666 -0.1176289
v -0.1623088 -0.03194189 -0.150729
v -0.1949292 -0.08594704 -0.1015421
v -0.1375656 -0.0415287 -0.01472944
v -0.2092044 -0.028404 -0.04782957
v -0.1765839 0.02560103 -0.09701651
v -0.1049451 0.01247644 -0.06391639
v -0.2062964 -0.181664 -0.01459181
v -0.1941028 -0.1537566 -0.0405243
v -0.2310156 -0.1518356 -0.05581355
v -0.2432092 -0.1797429 -0.02988106
v -0.215718 -0.1530722 0.01174724
v -0.2526308 -0.1511512 -0.003542006
v -0.2404372 -0.1232438 -0.0294745
v -0.2035244 -0.1251649 -0.01418525
v -0.1941469 -0.3038468 -0.01264846
v -0.1814181 -0.2761796 -0.03858119
v -0.2184318 -0.2730619 -0.05342269
v -0.2311606 -0.300729 -0.02748996
v -0.2023912 -0.2751273 0.01394522
v -0.2394049 -0.2720096 -0.000896275
v -0.226676 -0.2443424 -0.026829
v -0.1896624 -0.2474601 -0.01198751
v -0.1320631 -0.3179753 -0.1481239
v -0.1191603 -0.2910673 -0.1747599
v -0.1562093 -0.2878938 -0.189501
v -0.1691121 -0.3148018 -0.162865
v -0.1398662 -0.2885493 -0.1221773
v -0.1769152 -0.2853758 -0.1369184
v -0.1640124 -0.2584678 -0.1635544
v -0.1269633 -0.2616413 -0.1488133
v -0.1410189 -0.190221 -0.1633562
v -0.1277258 -0.1627368 -0.1892003
v -0.1647981 -0.1583016 -0.2035521
v -0.1780912 -0.1857858 -0.177708
v -0.1480144 -0.161499 -0.1364098
v -0.1850867 -0.1570638 -0.1507615
v -0.1717937 -0.1295797 -0.1766056
v -0.1347214 -0.1340148 -0.1622539
v 0.06653023 0.03485191 -0.08353233
v 0.06004107 0.04896033 -0.07092905
v 0.07759219 0.04847741 -0.06135178
v 0.08408135 0.03436899 -0.073955
v 0.07359058 0.04901934 -0.09575665
v 0.0911417 0.04853642 -0.08617938
v 0.08465254 0.06264484 -0.07357609
v 0.06710142 0.06312776 -0.08315343
v -0.1510547 -0.2686362 -0.08130831
v -0.126162 -0.213799 -0.1339697
v -0.200033 -0.2094613 -0.1643713
v -0.2249258 -0.2642987 -0.11171
v -0.1690387 -0.2105497 -0.02932256
v -0.2429097 -0.206212 -0.05972415
v -0.218017 -0.1513748 -0.1123856
v -0.144146 -0.1557124 -0.08198392
v 0.03187752 0.1596073 0.05733389
v 0.02673763 0.1572 0.06155115
v 0.03011078 0.1588831 0.05734968
v 0.03533649 0.1612495 0.05321544
v 0.02694374 0.1509563 0.05823833
v 0.0303371 0.1526297 0.05405647
v 0.03208363 0.1533638 0.054021
v 0.03556281 0.1549962 0.04992223
v 0.01573187 0.08062088 0.08338153
v 0.01592863 0.07411575 0.08061612
v 0.01153815 0.07183528 0.08566833
v 0.01134139 0.07834017 0.08843356
v 0.02550822 0.1509818 0.06007409
v 0.02268726 0.1535308 0.06603599
v 0.02875769 0.157164 0.05896848
v 0.02593666 0.1597129 0.06493032
v 0.02105176 0.1491592 0.06428206
v 0.01746225 0.1520377 0.06965131
v 0.02458698 0.1552188 0.06339687
v 0.02099741 0.1580973 0.06876606
v 0.01937604 0.1477751 0.0651204
v 0.01982087 0.1539859 0.06847143
v 0.01361436 0.146156 0.06888622
v 0.01405931 0.1523666 0.07223719
v 0.01861328 0.1421908 0.0673781
v 0.01871091 0.1485938 0.07037729
v 0.01375175 0.1400738 0.07205611
v 0.01384944 0.1464765 0.07505518
v 0.01810622 0.1368209 0.06795096
v 0.01820379 0.1432239 0.07095021
v 0.01324469 0.1347039 0.07262903
v 0.01334238 0.1411066 0.0756281
v 0.01904905 0.1295435 0.06775618
v 0.01913697 0.1359504 0.0707472
v 0.01420039 0.1274213 0.07244515
v 0.01428837 0.133828 0.075436
v 0.02020526 0.1235696 0.06770903
v 0.0202859 0.1299795 0.07069385
v 0.01537514 0.1214398 0.07241368
v 0.01545578 0.1278495 0.07539839
v 0.02127105 0.1164855 0.06815064
v 0.02133662 0.1229013 0.07112277
v 0.0164535 0.1143507 0.07286596
v 0.01651913 0.1207663 0.07583797
v 0.02264488 0.1089566 0.06897306
v 0.02269828 0.1153773 0.071935
v 0.01786792 0.1068057 0.07372218
v 0.01792139 0.1132262 0.076684
v 0.02297229 0.1016295 0.06960851
v 0.0229786 0.1080681 0.07253182
v 0.01825577 0.09945548 0.07440734
v 0.01826215 0.105894 0.07733053
v 0.02218366 0.09416354 0.07159561
v 0.02214092 0.1006199 0.07447934
v 0.0175395 0.09196353 0.07645279
v 0.01749676 0.09841967 0.07933635
v 0.02113372 0.0888356 0.07338661
v 0.02106035 0.09530258 0.07624602
v 0.01653975 0.08661842 0.07828349
v 0.01646638 0.09308505 0.08114278
v 0.01957923 0.08373547 0.07553655
v 0.01946563 0.09021544 0.07836473
v 0.01504904 0.08149731 0.0804832
v 0.01493543 0.08797705 0.0833112
v 0.01796371 0.0787127 0.07802767
v 0.01780653 0.08520615 0.08082259
v 0.01351017 0.07645071 0.08303273
v 0.01335299 0.08294404 0.08582753
v 0.01002294 0.07336819 0.09045714
v 0.01030552 0.06684041 0.08775419
v 0.01153815 0.07183528 0.08566833
v 0.01134139 0.07834017 0.08843356
v 0.01455301 0.06915927 0.08259815
v 0.01592863 0.07411575 0.08061612
v 0.01427037 0.07568729 0.08530128
v 0.01573187 0.08062088 0.08338153
v 0.02856916 0.1572708 0.06262344
v 0.0241676 0.1534377 0.06661499
v 0.02406889 0.157384 0.06177151
v 0.02851057 0.1612014 0.05780917
v 0.02506441 0.147911 0.06229645
v 0.02504778 0.1518246 0.05751306
v 0.02946609 0.1517439 0.05830491
v 0.02948946 0.1556419 0.05355072
v 0.02656889 0.06302607 0.0790562
v 0.02408254 0.05657423 0.08053619
v 0.02126157 0.05903697 0.0865345
v 0.02374792 0.06548893 0.08505446
v 0.02337343 0.1413941 0.06505626
v 0.02775353 0.1452357 0.06104928
v 0.02247745 0.1469206 0.0693754
v 0.0268575 0.1507622 0.06536841
v 0.02100945 0.1364672 0.06620997
v 0.0253433 0.1403266 0.06217021
v 0.02009696 0.1420001 0.07051742
v 0.02443075 0.1458596 0.06647766
v 0.02236575 0.1400131 0.06561047
v 0.02266264 0.1333182 0.06335515
v 0.01855212 0.1379613 0.07120025
v 0.01884907 0.1312662 0.06894493
v 0.01921928 0.1254506 0.06431234
v 0.02231562 0.1317116 0.06321198
v 0.01637983 0.1279076 0.07030404
v 0.01947618 0.1341686 0.06920367
v 0.02150732 0.1191298 0.06680632
v 0.02454889 0.1254114 0.06567061
v 0.01852494 0.1216402 0.07270569
v 0.02156651 0.1279218 0.07156998
v 0.0230428 0.1123642 0.06674373
v 0.02602917 0.1186655 0.06557155
v 0.02004224 0.1148812 0.07263118
v 0.02302855 0.1211824 0.07145894
v 0.02469516 0.1069659 0.06750375
v 0.02764958 0.1132784 0.06631052
v 0.02171886 0.1094744 0.07340711
v 0.02467322 0.1157869 0.07221383
v 0.02685869 0.1004703 0.06808519
v 0.0297206 0.1068139 0.06683278
v 0.02393693 0.1029606 0.07402349
v 0.02679878 0.1093042 0.07277101
v 0.02655947 0.09497678 0.0682618
v 0.02942574 0.1013188 0.06701219
v 0.02359509 0.09748089 0.07417303
v 0.02646136 0.1038231 0.07292336
v 0.02655977 0.08824492 0.06915247
v 0.02942604 0.09458709 0.06790286
v 0.02359539 0.09074914 0.07506377
v 0.0264616 0.09709132 0.07381403
v 0.02664465 0.08120275 0.07087243
v 0.02949286 0.08755076 0.06961131
v 0.02369577 0.08370197 0.07679355
v 0.02654397 0.09004998 0.07553238
v 0.02474308 0.07320035 0.07358563
v 0.02750087 0.07957661 0.07226747
v 0.02179188 0.07570016 0.07950526
v 0.0245496 0.08207655 0.07818705
v 0.02400231 0.06503725 0.07784188
v 0.02659637 0.0714606 0.07642442
v 0.02116507 0.06750417 0.08383071
v 0.02375913 0.07392764 0.0824132
v 0.03015268 0.1564286 0.05960554
v 0.02697808 0.1523361 0.06441945
v 0.02853501 0.1541727 0.05955195
v 0.03170806 0.1582654 0.05473727
v 0.02797866 0.1466911 0.06028038
v 0.02956086 0.1485229 0.05542547
v 0.03115332 0.1507834 0.05546653
v 0.03273392 0.1526155 0.05061078
v 0.03074956 0.06915379 0.06782734
v 0.02886933 0.06237173 0.06714278
v 0.02572 0.06260598 0.07346946
v 0.02760029 0.06938803 0.07415408
v 0.02644861 0.1418731 0.06297612
v 0.02959812 0.1459702 0.05814976
v 0.02543396 0.1475208 0.06710827
v 0.02858347 0.1516179 0.06228185
v 0.02547437 0.1355993 0.06408721
v 0.0286079 0.1396992 0.05925292
v 0.02444267 0.14125 0.06821096
v 0.02757615 0.14535 0.06337661
v 0.02592903 0.1395286 0.06380403
v 0.0279696 0.1341822 0.05965066
v 0.02370811 0.1349022 0.06866854
v 0.02574873 0.1295558 0.06451511
v 0.02529621 0.1338258 0.06367874
v 0.02664012 0.1285292 0.05919105
v 0.02235448 0.129251 0.06819731
v 0.02369845 0.1239544 0.06370956
v 0.02414292 0.1281008 0.06246656
v 0.02553672 0.1227964 0.05800343
v 0.02118587 0.1235285 0.0669775
v 0.02257973 0.118224 0.06251436
v 0.02177125 0.112821 0.05932969
v 0.02491319 0.1187791 0.05717874
v 0.02000946 0.115949 0.06542146
v 0.0231514 0.1219074 0.06327045
v 0.02581066 0.1064539 0.0605464
v 0.02799064 0.1126524 0.05793405
v 0.02346277 0.1097283 0.06635708
v 0.02564281 0.1159271 0.0637446
v 0.02774042 0.101097 0.05990416
v 0.02987719 0.1073017 0.05727082
v 0.02538425 0.1043726 0.06571084
v 0.02752095 0.1105775 0.06307739
v 0.03113127 0.0954181 0.059852
v 0.03329194 0.1016194 0.05723023
v 0.02878433 0.09869242 0.06566316
v 0.030945 0.1048938 0.06304133
v 0.03349167 0.08993864 0.06161731
v 0.03562105 0.09614444 0.05898058
v 0.03118587 0.09320724 0.06744826
v 0.03331524 0.09941316 0.06481141
v 0.03405797 0.084162 0.0642134
v 0.03617013 0.09037018 0.0615685
v 0.0317688 0.08742821 0.07005215
v 0.03388095 0.09363651 0.06740719
v 0.0336597 0.07904506 0.06596839
v 0.03575635 0.08525538 0.06331623
v 0.03136581 0.08231187 0.071805
v 0.03346246 0.08852232 0.06915271
v 0.03398615 0.08077967 0.06539607
v 0.03362244 0.07391632 0.06705737
v 0.03139311 0.08245695 0.07175708
v 0.0310294 0.07559347 0.07341838
v 0.03175807 0.07426202 0.0666945
v 0.03033316 0.06744039 0.0678919
v 0.02896136 0.0759474 0.07296646
v 0.02753645 0.06912565 0.07416391
v 0.02692872 0.06368375 0.07285619
v 0.02621561 0.05664945 0.07275236
v 0.02572 0.06260598 0.07346946
v 0.02760029 0.06938803 0.07415408
v 0.02928483 0.0564326 0.06638581
v 0.02886933 0.06237173 0.06714278
v 0.02999783 0.06346679 0.06648952
v 0.03074956 0.06915379 0.06782734
v 0.0389713 0.1543684 0.05826265
v 0.03547013 0.1500617 0.06264377
v 0.02805895 0.1474 0.06268281
v 0.03155112 0.1517085 0.05829638
v 0.03683203 0.1446005 0.05836362
v 0.0294469 0.1419333 0.05841798
v 0.04033321 0.1489072 0.0539825
v 0.03293908 0.1462418 0.05403155
v 0.03291112 0.07075584 0.05906457
v 0.03040832 0.06497991 0.06228542
v 0.0327878 0.06098044 0.05696154
v 0.03529036 0.06675649 0.05374056
v 0.02640712 0.1427033 0.06295681
v 0.02628458 0.1367329 0.05917025
v 0.03074664 0.1456295 0.05820221
v 0.03062415 0.1396592 0.05441564
v 0.02732414 0.1365874 0.0638994
v 0.02801329 0.1303649 0.06061244
v 0.03098011 0.139726 0.05872411
v 0.03166938 0.1335036 0.05543715
v 0.02701074 0.1306691 0.06432152
v 0.027731 0.1244406 0.06105268
v 0.03063053 0.1338148 0.05912507
v 0.03135085 0.1275862 0.05585623
v 0.02655506 0.1212918 0.06369972
v 0.02789408 0.1277976 0.0612753
v 0.02988762 0.1185234 0.05811119
v 0.03122658 0.1250293 0.05568665
v 0.02375609 0.1154443 0.0619908
v 0.02596182 0.1218836 0.06007534
v 0.02669889 0.1127061 0.05617326
v 0.0289045 0.1191454 0.05425775
v 0.02330142 0.1119884 0.06114751
v 0.02397668 0.1067973 0.05639404
v 0.02716553 0.1162531 0.05703878
v 0.02784091 0.111062 0.05228531
v 0.02494937 0.1068475 0.06054097
v 0.02656251 0.1014076 0.05632156
v 0.02824974 0.111262 0.05611128
v 0.02986294 0.105822 0.0518918
v 0.02867776 0.1026649 0.05995685
v 0.03026915 0.09722841 0.0557248
v 0.03191078 0.1070898 0.05548811
v 0.03350222 0.1016531 0.05125606
v 0.03059518 0.09647238 0.06130672
v 0.03216797 0.09103858 0.057064
v 0.0338434 0.1008948 0.05684662
v 0.03541631 0.09546101 0.05260396
v 0.03174263 0.09093487 0.06367362
v 0.03323698 0.08551371 0.05938673
v 0.03494114 0.09536529 0.05918556
v 0.0364356 0.08994412 0.05489874
v 0.03179175 0.08542025 0.06427467
v 0.03331959 0.07999396 0.0600062
v 0.03492236 0.08986104 0.05974936
v 0.03645039 0.08443475 0.0554809
v 0.03113824 0.07773781 0.06396461
v 0.03269881 0.07230675 0.05971402
v 0.0342592 0.08218002 0.05943394
v 0.03581995 0.07674897 0.05518341
v 0.03104109 0.07037377 0.06357652
v 0.03274983 0.07617843 0.05991793
v 0.03405064 0.06635165 0.05860001
v 0.03575927 0.07215631 0.0549413
v 0.03315067 0.1439074 0.05367839
v 0.02954131 0.1393816 0.0577392
v 0.02992827 0.144763 0.05686998
v 0.033553 0.149285 0.05281854
v 0.03102654 0.1341461 0.05322444
v 0.03143096 0.1395231 0.05236602
v 0.0346359 0.1386719 0.04916358
v 0.0350557 0.1440451 0.04831457
v 0.03699374 0.06927884 0.04215407
v 0.03356665 0.06995702 0.04830182
v 0.03245574 0.06297541 0.04845273
v 0.03588283 0.06229722 0.04230499
v 0.03047377 0.1284359 0.05374527
v 0.03403026 0.1329743 0.0496521
v 0.02896935 0.1336761 0.05824828
v 0.0325259 0.1382145 0.05415517
v 0.03029644 0.1223645 0.0534519
v 0.03374767 0.1269267 0.04929549
v 0.02876973 0.1276097 0.0579415
v 0.03222096 0.132172 0.0537852
v 0.03067243 0.1263092 0.0535683
v 0.03322375 0.1214285 0.04913324
v 0.02815819 0.1211929 0.05775213
v 0.03070939 0.1163123 0.05331707
v 0.02914637 0.1104093 0.05298364
v 0.03264338 0.1147637 0.04864675
v 0.02771205 0.1158396 0.05727947
v 0.03120917 0.1201942 0.05294263
v 0.02987605 0.1044414 0.05253065
v 0.03334767 0.108801 0.04817855
v 0.02842331 0.1098756 0.05681551
v 0.03189504 0.1142352 0.05246353
v 0.03193599 0.09786654 0.05249536
v 0.03537416 0.1022328 0.04812354
v 0.03050876 0.1032954 0.05679524
v 0.03394699 0.1076618 0.05242354
v 0.03233218 0.09207344 0.0517869
v 0.03572321 0.09644902 0.04738766
v 0.03088319 0.09750664 0.05607414
v 0.0342744 0.1018822 0.05167496
v 0.03280109 0.08545685 0.05238765
v 0.0361253 0.08984482 0.04795003
v 0.03135473 0.09088957 0.05667639
v 0.03467911 0.09527755 0.05223882
v 0.03304905 0.07840562 0.05168551
v 0.03631896 0.08280325 0.04721701
v 0.03156096 0.08384562 0.05595058
v 0.03483099 0.08824337 0.0514822
v 0.03324497 0.07321143 0.05015928
v 0.0364818 0.07761455 0.04567212
v 0.03172272 0.07865715 0.05440497
v 0.03495967 0.08306026 0.04991794
v 0.03292143 0.07627213 0.05102944
v 0.03669751 0.07557404 0.04509199
v 0.03271806 0.06923854 0.05172724
v 0.03649408 0.06854033 0.04578972
v 0.03291565 0.1424975 0.05301046
v 0.02982336 0.1382973 0.05778497
v 0.03141111 0.1429965 0.05504686
v 0.03453535 0.1471914 0.05028844
v 0.03098202 0.1327049 0.05361575
v 0.03257841 0.1374027 0.05088198
v 0.03407431 0.1369051 0.04884124
v 0.03570265 0.1415975 0.04612356
v 0.03722638 0.07072747 0.04054815
v 0.03392535 0.07160199 0.04674023
v 0.0330565 0.06460404 0.04726511
v 0.03635752 0.06372952 0.04107296
v 0.03100699 0.1256434 0.0560599
v 0.03403658 0.1298537 0.05125415
v 0.02984178 0.1312369 0.06022578
v 0.03287143 0.1354474 0.0554201
v 0.03056431 0.1183007 0.05586779
v 0.03362375 0.1225064 0.05107689
v 0.02935398 0.1239014 0.06001133
v 0.03241348 0.1281071 0.05522043
v 0.03032142 0.1213421 0.05667394
v 0.03378022 0.1205481 0.05055785
v 0.03011924 0.1143188 0.05747128
v 0.03357804 0.1135248 0.05135512
v 0.03090167 0.1145818 0.05480564
v 0.03402269 0.1138067 0.04850805
v 0.02973962 0.1076125 0.05508727
v 0.0328607 0.1068374 0.04878974
v 0.0297786 0.1003311 0.05004299
v 0.03327096 0.104268 0.04532015
v 0.02959871 0.1058258 0.05449009
v 0.03309119 0.1097628 0.04976726
v 0.03238386 0.09532583 0.0485391
v 0.03551304 0.09934807 0.0436371
v 0.03109169 0.1010821 0.05243742
v 0.03422099 0.1051044 0.04753536
v 0.03321761 0.08805907 0.04739285
v 0.03644168 0.09206855 0.04254186
v 0.0318948 0.09381962 0.0512746
v 0.035119 0.0978291 0.04642361
v 0.03443086 0.08131039 0.04845518
v 0.03765488 0.08531988 0.04360425
v 0.03310806 0.08707082 0.05233693
v 0.03633219 0.09108043 0.04748601
v 0.03453898 0.07321632 0.04902196
v 0.0376668 0.07723832 0.0441187
v 0.03316462 0.07898343 0.0528757
v 0.03629255 0.08300567 0.04797238
v 0.03422993 0.07623804 0.04970193
v 0.03785866 0.07536161 0.04369634
v 0.03416145 0.06923544 0.05068219
v 0.03779024 0.06835902 0.04467654
v 0.03370517 0.1414437 0.04791552
v 0.03844345 0.1413202 0.05316275
v 0.03355664 0.1397134 0.06284815
v 0.02896577 0.1398622 0.05747211
v 0.03900093 0.134303 0.05249417
v 0.03418702 0.1327088 0.06211591
v 0.0342626 0.1344264 0.04724699
v 0.02959615 0.1328576 0.05673987
v 0.03340924 0.1383437 0.05474538
v 0.0299899 0.1358691 0.04907221
v 0.0319159 0.1292844 0.05078369
v 0.0353353 0.1317589 0.05645698
v 0.03358597 0.1394311 0.06870437
v 0.02908146 0.1395955 0.0632562
v 0.03425163 0.1324329 0.06794268
v 0.02974707 0.1325973 0.06249452
v 0.03146315 0.1386478 0.07498592
v 0.02702975 0.1388263 0.06948024
v 0.03224188 0.1316719 0.07413274
v 0.02780843 0.1318502 0.06862706
v 0.02592272 0.1383541 0.07882291
v 0.02169132 0.138576 0.07316202
v 0.02678639 0.1313965 0.07790446
v 0.02255493 0.1316184 0.07224351
v 0.0201354 0.1379405 0.08019382
v 0.01595825 0.1381755 0.07449329
v 0.021155 0.1310201 0.07916141
v 0.01697779 0.1312549 0.07346088
v 0.0154857 0.137707 0.07628679
v 0.01138979 0.1379627 0.07052845
v 0.01653248 0.1307935 0.07523501
v 0.01243651 0.1310492 0.06947666
v 0.006823838 0.1352043 0.06520694
v 0.01110226 0.1378796 0.07016045
v 0.009559035 0.1287786 0.06631511
v 0.01383758 0.1314539 0.07126868
v 0.01308346 0.1363534 0.06271082
v 0.0165289 0.1388278 0.06836814
v 0.01553762 0.1298599 0.06405646
v 0.01898324 0.1323344 0.06971389
v 0.01818568 0.1363488 0.05847144
v 0.02168304 0.1388344 0.06409204
v 0.02049357 0.1298242 0.05992091
v 0.02399105 0.1323096 0.06554157
v 0.02429718 0.1358649 0.05429691
v 0.02779549 0.1383506 0.05991679
v 0.02644312 0.1293113 0.05586004
v 0.02994156 0.131797 0.06147999
v 0.03648525 0.1412933 0.05803043
v 0.03795099 0.1395863 0.06473398
v 0.03063124 0.1332495 0.07206768
v 0.02922934 0.134963 0.06535214
v 0.03824914 0.1327559 0.06292945
v 0.03104538 0.1264309 0.07024139
v 0.03678346 0.1344628 0.0562259
v 0.02964348 0.1281445 0.06352586
v 0.02656168 0.1300421 0.07077187
v 0.02795762 0.1283277 0.07748848
v 0.028494 0.1215236 0.07564038
v 0.027098 0.123238 0.06892383
v 0.03471071 0.1250966 0.05639946
v 0.03481573 0.1271143 0.06317574
v 0.03319091 0.1368852 0.06409413
v 0.03223968 0.1399561 0.05779618
v 0.03288746 0.1336427 0.06126183
v 0.03340268 0.130545 0.0609706
v 0.03278244 0.1316249 0.0544855
v 0.03245145 0.133616 0.05467266
v 0.03245968 0.1204143 0.05167967
v 0.03245735 0.1138461 0.05429888
v 0.0337882 0.1164181 0.06074971
v 0.03379065 0.1229862 0.0581305
v 0.0332846 0.1282226 0.06114072
v 0.03278893 0.1261359 0.05440271
v 0.03408039 0.1214947 0.06316561
v 0.03358465 0.119408 0.0564276
v 0.01739413 0.1643857 0.0547995
v -0.005515218 0.1707588 0.03948462
v 0.041574 0.2756804 0.06876081
v 0.06374055 0.2663471 0.08364481
v 0.01076573 0.1743962 0.01664382
v 0.05659169 0.2733122 0.04491001
v 0.03367507 0.168023 0.03195876
v 0.07875824 0.2639788 0.05979407
v 0.1029158 0.1767644 -0.1268337
v 0.09473872 0.1856802 -0.1012672
v 0.1098843 0.1650484 -0.08922821
v 0.1180614 0.1561326 -0.1147947
v 0.0973776 0.3299838 0.01218885
v 0.123869 0.3317355 0.02194268
v 0.1040981 0.3063494 -0.001819909
v 0.1305896 0.3081011 0.007933974
v 0.133319 0.3276875 -0.08858913
v 0.1595383 0.3331581 -0.09767878
v 0.1402966 0.3005406 -0.08480066
v 0.1665159 0.3060112 -0.09389025
v 0.1065491 0.263842 -0.1300358
v 0.1225094 0.2611191 -0.1532275
v 0.1189108 0.2409953 -0.1188462
v 0.1348712 0.2382723 -0.1420379
v 0.05128753 0.2820456 0.06176084
v 0.02478075 0.3106184 0.05276179
v -0.008393764 0.2399744 0.03120852
v 0.02046865 0.2144895 0.04204738
v 0.1293042 0.3011632 -0.1073381
v 0.1655056 0.3414416 -0.08608222
v 0.1437738 0.2680076 -0.165664
v 0.1027974 0.329736 -0.1163371
v 0.1011391 0.3315898 0.09368211
v 0.07463229 0.3601626 0.08468306
v 0.09709972 0.3384132 -0.1320297
v 0.1511329 0.3825834 -0.1154299
v 0.1103094 0.2842451 -0.1803771
v 0.07992214 0.2380785 -0.1622121
v 0.1133866 0.221841 -0.147499
v 0.1044078 0.1503432 -0.1828211
v 0.06590611 0.1558626 -0.1734855
v 0.07382143 0.1268438 -0.1236861
v 0.1123232 0.1213244 -0.1330218
v 0.0001524687 0.270422 0.08004117
v 0.02901495 0.2449373 0.09087998
v -0.01832938 0.1932969 0.007645726
v -0.03615272 0.2106193 0.06024802
v -0.01178616 0.1838773 0.0773105
v 0.006037056 0.1665547 0.02470839
v 0.0571748 0.3893995 0.07494795
v -0.04331475 0.3639845 -0.1595431
v 0.1626893 0.3187383 -0.1669027
v -0.1120266 0.4428569 0.006255031
v 0.03957683 0.3065947 0.08037621
v -0.1010693 0.3867527 0.01707089
v -0.1041497 0.1367173 -0.1860469
v -0.05427206 0.4200884 -0.170359
v -0.1492919 0.1571772 -0.2165146
v -0.2392914 0.1960871 -0.05703878
v -0.1941493 0.1756272 -0.02657098
v -0.1111422 0.02243817 -0.1427745
v -0.1366017 0.01924157 -0.1600237
v -0.1926049 0.02177465 -0.07783246
v -0.1671453 0.02497125 -0.06058341
v -0.1250674 0.3774654 0.002966404
v 0.01035827 0.3347293 0.1126781
v 0.01123691 0.1879889 0.04472661
v -0.2160639 0.1377791 -0.07266766
v -0.0804534 0.2315309 0.1001624
v -0.06127763 0.3396937 -0.2277878
v 0.06941015 0.309428 -0.1029521
v 0.1211019 0.2662042 -0.1453111
v 0.09048611 0.2066336 -0.1538472
v -0.1117484 0.09289098 -0.3140821
v 0.09484738 0.2951823 -0.1097242
v 0.04571927 0.1446176 -0.1163595
v -0.18876 0.1142077 -0.1601773
v -0.1040956 0.3647839 -0.1293688
v -0.08898914 0.3126807 -0.1986273
v -0.08321178 0.3904403 -0.1375495
v 0.1890036 -0.4311594 -0.0165441
v 0.165155 -0.4770489 0.0205422
v 0.1063833 -0.9032372 0.007862806
v 0.1309223 -0.8569172 -0.02822459
v 0.2139456 -0.5148802 0.005106151
v 0.1535289 -0.9420942 -0.009953558
v 0.2377943 -0.4689907 -0.03198016
v 0.1780679 -0.8957742 -0.04604095
v 0.04909301 -0.8243155 -0.2880939
v 0.02919018 -0.8235126 -0.2276517
v 0.02651483 -0.8870959 -0.2276879
v 0.04641759 -0.8878989 -0.2881301
v 0.1197627 -0.899048 -0.1419831
v 0.1508651 -0.8498374 -0.1676925
v 0.1659007 -0.9383488 -0.1613926
v 0.1970031 -0.8891382 -0.187102
v 0.1449759 -0.9645216 -0.1524208
v 0.1978211 -0.9717727 -0.1871315
v 0.1516359 -0.9013058 -0.1554871
v 0.2044811 -0.9085569 -0.1901978
v 0.1605812 -0.8569648 -0.1491078
v 0.2136118 -0.862938 -0.1837789
v 0.1490447 -0.9191653 -0.1560372
v 0.2020754 -0.9251384 -0.1907085
vn -0.3427375 -0.2481595 0.9060617
vn 0.3427375 0.2481595 -0.9060617
vn 0 0 0
vn 0 0 0
vn 0 0 0
vn 0 0 0
vn 0 0 0
vn 0 0 0
vn -0.9713647 0.2274226 0.06877169
vn 0.9713647 -0.2274226 -0.06877169
vn 0 0 0
vn 0 0 0
vn 0 0 0
vn 0 0 0
vn 0 0 0
vn 0 0 0
vn -0.7159453 0.4490063 -0.5346173
vn 0.7159453 -0.4490063 0.5346173
vn 0 0 0
vn 0 0 0
vn 0 0 0
vn 0 0 0
vn 0 0 0
vn 0 0 0
vn -0.1199903 -0.3094712 -0.943308
vn 0.1199903 0.3094712 0.943308
vn 0 0 0
vn 0 0 0
vn 0 0 0
vn 0 0 0
vn 0 0 0
vn 0 0 0
vn 0.6842214 -0.7106236 -0.1638757
vn -0.2051041 0.8473555 -0.4898174
vn 0.9048938 0.07088146 0.419694
vn -0.3512377 0.3298286 -0.8762679
vn 0.2206724 0.781505 0.5835697
vn 0.1018665 -0.1407591 -0.9847894
vn 0.3309703 0.5028187 -0.7985186
vn -0.3309703 -0.5028187 0.7985186
vn 0 0 0
vn 0 0 0
vn 0 0 0
vn 0 0 0
vn 0 0 0
vn 0 0 0
vn 0.1766063 0.173018 -0.9689556
vn -0.22817 0.7758845 0.5881682
vn 0.9705458 0.1332768 0.2006941
vn -0.6060559 0.7947997 0.03145802
vn -0.163863 0.9758597 0.1443843
vn 0.163863 -0.9758597 -0.1443843
vn 0 0 0
vn 0 0 0
vn 0 0 0
vn 0 0 0
vn 0 0 0
vn 0 0 0
vn 0 0 0
vn 0 0 0
vn 0 0 0
vn 0 0 0
vn 0 0 0
vn 0 0 0
vn 0.8049764 -0.4735595 -0.3574277
vn -0.5969024 0.6912063 -0.4073591
vn 0.910983 0.3887926 0.1376598
vn -0.6671022 0.120141 -0.7352149
vn 0.1060066 0.8623521 0.4950874
vn -0.134032 -0.1934585 -0.9719101
vn -0.08518823 0.5039384 -0.8595284
vn 0.08518823 -0.5039384 0.8595284
vn 0 0 0
vn 0 0 0
vn 0 0 0
vn 0 0 0
vn 0 0 0
vn 0 0 0
vn -0.9253915 0.03739128 -0.3771637
vn 0.9253915 -0.03739128 0.3771637
vn 0 0 0
vn 0 0 0
vn 0 0 0
vn 0 0 0
vn 0 0 0
vn 0 0 0
vn -0.2657025 -0.8362501 -0.4796749
vn -0.4840969 0.8476083 -0.2172795
vn 0.6689025 0.1983904 -0.7163874
vn -0.9289345 0.3551576 -0.1046131
vn -0.6942418 0.5112017 -0.5066569
vn 0.6942418 -0.5112017 0.5066569
vn 0 0 0
vn 0 0 0
vn 0 0 0
vn 0 0 0
vn 0 0 0
vn 0 0 0
vn 0 0 0
vn 0 0 0
vn 0 0 0
vn 0 0 0
vn 0 0 0
vn 0 0 0
vn 0 0 0
vn 0 0 0
vn 0 0 0
vn 0 0 0
vn 0 0 0
vn 0 0 0
vn 0 0 0
vn 0 0 0
vn 0 0 0
vn 0 0 0
vn 0 0 0
vn 0 0 0
vn 0.3820267 -0.2087773 -0.9002598
vn -0.4220394 0.830322 0.3639344
vn 0.9671356 0.1740488 -0.185353
vn -0.8095093 0.5768074 -0.1094897
vn 0.585109 0.3828261 0.7149068
vn -0.5565242 0.4385516 -0.7056581
vn -0.2256131 0.9236028 -0.3099299
vn 0.2256131 -0.9236028 0.3099299
vn 0 0 0
vn 0 0 0
vn 0 0 0
vn 0 0 0
vn 0 0 0
vn 0 0 0
vn -0.2004938 -0.9794284 0.02285847
vn -0.2919099 0.7497426 0.5938641
vn -0.7923003 -0.3598139 -0.4927415
vn 0.0999954 0.3394228 0.9353037
vn -0.5918065 0.6196143 -0.5155998
vn -0.03277554 -0.3091725 0.9504411
vn -0.5667613 0.1349872 0.8127486
vn 0.5667613 -0.1349872 -0.8127486
vn 0 0 0
vn 0 0 0
vn 0 0 0
vn 0 0 0
vn 0 0 0
vn 0 0 0
vn 0.3040042 0.947936 0.09486213
vn 0.3040042 0.947936 0.09486213
vn 0.3040042 0.947936 0.09486213
vn 0.3040042 0.947936 0.09486213
vn 0.3040042 0.947936 0.09486213
vn 0.3040042 0.947936 0.09486213
vn 0.3040042 0.947936 0.09486213
vn 0.3040042 0.947936 0.09486213
vn 0.3040042 0.947936 0.09486213
vn 0.3040042 0.947936 0.09486213
vn 0.3040042 0.947936 0.09486213
vn 0.3040042 0.947936 0.09486213
vn 0.2449092 0.9375002 -0.2472104
vn 0.08873368 0.9804322 -0.1757249
vn -0.01467275 0.9993388 -0.03326877
vn -0.03760241 0.9891541 0.1419871
vn 0.02608865 0.9526071 0.3030829
vn 0.1593344 0.8994905 0.4068532
vn 0.3264319 0.8440368 0.4254929
vn 0.4826074 0.8011048 0.3540074
vn 0.5860138 0.7821982 0.2115512
vn 0.6089435 0.7923829 0.03629544
vn 0.5452524 0.8289299 -0.1248004
vn 0.4120065 0.8820466 -0.2285708
vn 0.1562744 0.813988 -0.5594658
vn -0.1372395 0.8946736 -0.425117
vn -0.33158 0.9302065 -0.157387
vn -0.3746737 0.9110656 0.1719863
vn -0.2549736 0.8423796 0.4747474
vn -0.004553467 0.742553 0.6697719
vn 0.3094871 0.6383342 0.704803
vn 0.6030011 0.5576485 0.5704541
vn 0.7973414 0.5221157 0.3027242
vn 0.8404351 0.5412566 -0.02664903
vn 0.7207351 0.6099426 -0.3294101
vn 0.4703147 0.7097692 -0.5244347
vn 0.04879066 0.5922968 -0.8042413
vn -0.3466595 0.7010043 -0.6232337
vn -0.6084938 0.7488776 -0.262522
vn -0.6665537 0.723089 0.1812414
vn -0.5052823 0.6305487 0.5891504
vn -0.1678922 0.4960527 0.8519061
vn 0.2552136 0.3556391 0.8991034
vn 0.6506639 0.2469316 0.7180957
vn 0.9124979 0.1990583 0.3573841
vn 0.9705579 0.2248468 -0.08637924
vn 0.8092865 0.3173871 -0.4942881
vn 0.471896 0.4518832 -0.757044
vn -0.06457794 0.2991658 -0.9520134
vn -0.5142673 0.4227834 -0.7461792
vn -0.8120142 0.477223 -0.335993
vn -0.8780375 0.4478973 0.1686361
vn -0.6946464 0.3426644 0.6324931
vn -0.3109806 0.1897212 0.9312878
vn 0.1701575 0.03004866 0.9849586
vn 0.619847 -0.09356894 0.7791243
vn 0.9175937 -0.1480084 0.3689381
vn 0.983617 -0.1186828 -0.1356908
vn 0.800226 -0.01344986 -0.5995477
vn 0.4165597 0.1394935 -0.8983427
vn -0.1701575 -0.03004879 -0.9849586
vn -0.6198468 0.09356881 -0.7791244
vn -0.9175937 0.1480083 -0.3689382
vn -0.9836171 0.1186827 0.1356908
vn -0.800226 0.01344972 0.5995478
vn -0.4165601 -0.1394935 0.8983425
vn 0.06457799 -0.299166 0.9520134
vn 0.5142674 -0.4227836 0.746179
vn 0.8120142 -0.4772231 0.3359929
vn 0.8780375 -0.4478974 -0.1686361
vn 0.6946465 -0.3426645 -0.632493
vn 0.3109802 -0.1897212 -0.9312879
vn -0.2552135 -0.3556392 -0.8991034
vn -0.6506637 -0.2469317 -0.7180958
vn -0.9124979 -0.1990584 -0.3573841
vn -0.9705579 -0.2248469 0.08637924
vn -0.8092864 -0.3173872 0.4942882
vn -0.4718963 -0.4518832 0.7570438
vn -0.04879064 -0.5922969 0.8042412
vn 0.3466596 -0.7010044 0.6232336
vn 0.6084937 -0.7488776 0.2625219
vn 0.6665536 -0.7230892 -0.1812413
vn 0.5052823 -0.6305488 -0.5891502
vn 0.1678918 -0.4960527 -0.8519062
vn -0.309487 -0.6383342 -0.704803
vn -0.6030009 -0.5576485 -0.5704542
vn -0.7973414 -0.5221157 -0.3027242
vn -0.8404351 -0.5412566 0.02664905
vn -0.7207351 -0.6099426 0.3294102
vn -0.4703149 -0.7097691 0.5244347
vn -0.1562744 -0.813988 0.5594658
vn 0.1372396 -0.8946736 0.4251169
vn 0.33158 -0.9302065 0.1573869
vn 0.3746737 -0.9110656 -0.1719862
vn 0.2549736 -0.8423796 -0.4747473
vn 0.004553284 -0.7425529 -0.669772
vn -0.3264319 -0.8440368 -0.4254928
vn -0.4826073 -0.8011049 -0.3540073
vn -0.5860137 -0.7821983 -0.2115512
vn -0.6089433 -0.792383 -0.03629545
vn -0.5452523 -0.82893 0.1248003
vn -0.4120066 -0.8820465 0.2285706
vn -0.2449091 -0.9375002 0.2472103
vn -0.08873372 -0.9804322 0.1757248
vn 0.01467262 -0.9993387 0.0332687
vn 0.03760227 -0.9891541 -0.141987
vn -0.02608872 -0.9526071 -0.3030828
vn -0.1593346 -0.8994904 -0.4068532
vn 0.1271585 -0.3060213 -0.9434944
vn -0.2774411 0.9473594 0.1598017
vn 0.9607266 0.2745349 0.04043578
vn -0.6741887 0.6710361 -0.3085128
vn -0.246648 0.9115819 -0.3289122
vn 0.246648 -0.9115819 0.3289122
vn 0 0 0
vn 0 0 0
vn 0 0 0
vn 0 0 0
vn 0 0 0
vn 0 0 0
vn 0 0 0
vn 0 0 0
vn 0 0 0
vn 0 0 0
vn 0 0 0
vn 0 0 0
vn -0.223209 0.2295325 -0.9473609
vn -0.482771 0.4800336 0.7324616
vn 0.7082586 0.7059408 0.004165933
vn -0.9261153 0.2532808 0.2795698
vn -0.6697369 0.6700466 0.3201408
vn 0.6697369 -0.6700466 -0.3201408
vn 0 0 0
vn 0 0 0
vn 0 0 0
vn 0 0 0
vn 0 0 0
vn 0 0 0
vn 0 0 0
vn 0 0 0
vn 0 0 0
vn 0 0 0
vn 0 0 0
vn 0 0 0
vn -0.1744771 0.9846613 2.244089E-06
vn -0.9946046 -0.01328163 0.1028851
vn 0.1796682 -0.9837167 0.004563159
vn 0.9948897 0.01286281 -0.1001453
vn -0.7606753 0.06768931 -0.6455938
vn 0.7681349 -0.1304641 0.6268556
vn -0.06666208 0.5633074 0.8235539
vn 0.06666208 -0.5633074 -0.8235539
vn -0.9521722 -0.2825963 0.1162217
vn 0.9521722 0.2825963 -0.1162217
vn 0.2982018 -0.7764175 0.5552041
vn -0.2982018 0.7764175 -0.5552041
vn -0.5328413 0.06294491 0.843871
vn 0.5328413 -0.06294491 -0.843871
vn -0.06261431 -0.9974287 0.03486262
vn 0.06261431 0.9974287 -0.03486262
vn 0.8438956 -0.03426216 0.5354124
vn -0.8438956 0.03426216 -0.5354124
vn 0.2275263 0.03648224 -0.9730883
vn -0.2656054 -0.03170823 0.9635602
vn -0.06553996 -0.9971623 -0.03703731
vn 0.02710284 0.9995308 0.01426975
vn -0.8510048 0.1254381 -0.509957
vn 0.8535393 -0.1254473 0.5057011
vn -0.006430524 -0.9974527 0.0710411
vn -0.002836827 0.9994978 -0.03156092
vn -0.1955733 -0.1672927 0.9663148
vn -0.8434252 0.3737969 -0.3858886
vn -0.2737964 0.7289463 0.6274337
vn -0.2690094 -0.6827796 0.6792982
vn 0.2735646 -0.7289369 -0.6275457
vn 0.2687369 0.6827685 -0.6794171
vn -0.8899556 0.01422412 -0.4558252
vn 0.8939503 -0.01827318 0.4477934
vn 0.0123392 -0.03763333 0.9992155
vn -0.0123392 0.03763333 -0.9992155
vn -0.9657749 0.2584759 0.02166134
vn 0.9059886 -0.254784 0.338038
vn -0.066647 -0.3279918 0.9423267
vn 0.2590881 0.9652844 0.03315577
vn 0.8956845 -0.2272785 -0.3822221
vn 0.7734473 -0.5610124 0.2950329
vn 0.7477661 -0.5542848 -0.3655328
vn -0.113807 -0.3472226 -0.9308515
vn -0.5616376 -0.827029 -0.02421253
vn -0.5127865 -0.85824 -0.02177182
vn -0.4363674 -0.8726329 0.2193069
vn -0.7275587 -0.6323695 -0.266021
vn 0.01973558 0.999106 0.0373854
vn 0.9853278 -0.1342026 0.1054457
vn 0.9788613 -0.1301205 -0.1577948
vn -0.0123392 0.03763333 -0.9992155
vn 0.0123392 -0.03763333 0.9992155
vn -0.6468452 -0.5335923 0.5448583
vn 0.7732725 -0.2278754 0.5917116
vn 0.02084094 0.6546059 0.7556831
vn -0.7755035 -0.5476186 -0.3141787
vn 0.585138 -0.1295582 -0.8005175
vn 0.002966707 0.2346256 -0.9720814
vn 0.01581067 0.180558 0.9834372
vn 0.04580611 0.7406188 -0.6703625
vn 0.457951 -0.03779981 -0.8881735
vn -0.4389002 0.09200244 -0.8938133
vn 0.3005022 0.04922541 0.9525101
vn -0.4401561 0.02200973 0.8976514
vn 0.5683686 -0.675195 -0.4701797
vn -0.5209103 -0.8521349 0.05018519
vn 0.7954875 -0.5383813 0.2781101
vn -0.2048938 0.009536595 0.9787378
vn 0.2048938 -0.009536595 -0.9787378
vn -0.9527224 0.2272719 -0.2016621
vn 0.9527224 -0.2272719 0.2016621
vn -0.2243627 -0.9737847 -0.03748089
vn 0.2243627 0.9737847 0.03748089
vn 0.08195949 0.01694495 0.9964916
vn -0.08195949 -0.01694495 -0.9964916
vn -0.9962286 -0.02718285 0.08240006
vn 0.9962286 0.02718285 -0.08240006
vn 0.02848372 -0.9994869 0.01465312
vn -0.02848372 0.9994869 -0.01465312
vn 0.20465 0.04608377 0.9777498
vn -0.20465 -0.04608377 -0.9777498
vn -0.9738497 -0.09110349 0.2081278
vn 0.9738497 0.09110349 -0.2081278
vn 0.09866787 -0.9947746 0.02623444
vn -0.09866787 0.9947746 -0.02623444
vn 0.8445702 0.01093995 0.535333
vn -0.6657954 0.6106568 -0.4287364
vn 0.4965178 -0.3677047 -0.7862973
vn -0.3659597 0.9043109 -0.219762
vn 0.6182583 -0.3019885 -0.7256444
vn -0.551478 -0.03484378 0.8334613
vn 0.5108478 -0.1338814 -0.8491822
vn -0.4946987 -0.1111419 0.8619285
vn -0.8335118 -0.1114221 -0.54115
vn -0.4927854 -0.1255856 0.8610406
vn 0.8310377 -0.1224141 0.5425782
vn 0.4730397 0.06714286 -0.8784789
vn 0.477668 -0.2792468 -0.8329793
vn 0.8257235 -0.2552457 0.5030212
vn -0.8558859 0.0552211 -0.5142082
vn -0.4760992 -0.03301522 0.8787717
vn -0.8581002 -0.005338248 -0.5134546
vn -0.468997 -0.1049125 0.8769465
vn 0.8580384 0.0004669021 0.5135852
vn 0.07520342 -0.9947966 0.06873327
vn 0.441957 0.1097588 -0.890296
vn 0.8699539 -0.05062991 0.4905271
vn -0.8702534 0.04499521 -0.4905451
vn -0.4477969 -0.06414151 0.8918318
vn 0.8377814 0.03421914 0.5449326
vn -0.671216 0.5930862 -0.4446547
vn -0.3928488 0.8917197 -0.2247351
vn -0.4487971 -0.04453892 0.8925231
vn 0.4487971 0.04453892 -0.8925231
vn -0.01188246 -0.9983715 -0.05579599
vn 0.01188246 0.9983715 0.05579599
vn 0.8935547 -0.03564644 0.447537
vn -0.8935547 0.03564644 -0.447537
vn -0.2253234 0.966471 -0.1231394
vn 0.6700871 0.5991265 0.4382131
vn 0.2263869 -0.9662365 0.1230285
vn -0.6652265 -0.5960094 -0.4497183
vn -0.7629361 -0.6206796 0.180791
vn 0.7635102 0.636174 -0.1110631
vn -0.1437498 -0.9895256 0.01323527
vn 0.1437498 0.9895256 -0.01323527
vn 0.7471041 -0.1172842 -0.6542782
vn -0.7471041 0.1172842 0.6542782
vn 0.6489773 -0.08416433 0.7561381
vn -0.6489773 0.08416433 -0.7561381
vn 0.9307581 0.2956222 0.2151671
vn -0.9307581 -0.2956222 -0.2151671
vn 0 0 0
vn 0 0 0
vn 0 0 0
vn 0 0 0
vn 0 0 0
vn 0 0 0
vn 0.1589158 -0.9768549 -0.1431791
vn -0.1835077 0.321214 0.9290568
vn -0.9796438 -0.1380013 -0.1457868
vn 0.3584047 -0.0780495 0.930298
vn -0.1226536 -0.1634323 0.9789004
vn 0.1226536 0.1634323 -0.9789004
vn 0 0 0
vn 0 0 0
vn 0 0 0
vn 0 0 0
vn 0 0 0
vn 0 0 0
vn 0 0 0
vn 0 0 0
vn 0 0 0
vn 0 0 0
vn 0 0 0
vn 0 0 0
vn 0 0 0
vn 0 0 0
vn 0 0 0
vn 0 0 0
vn 0 0 0
vn 0 0 0
vn 0 0 0
vn 0 0 0
vn 0 0 0
vn 0 0 0
vn 0 0 0
vn 0 0 0
vn 0.8328508 -0.05946097 -0.5502945
vn -0.86568 0.1848394 -0.4652232
vn 0.1471107 0.9822337 0.1165135
vn -0.5392929 -0.3109689 -0.7825993
vn -0.5335897 0.1779925 -0.8268015
vn 0.5335897 -0.1779925 0.8268015
vn 0 0 0
vn 0 0 0
vn 0 0 0
vn 0 0 0
vn 0 0 0
vn 0 0 0
vn 0 0 0
vn 0 0 0
vn 0 0 0
vn 0 0 0
vn 0 0 0
vn 0 0 0
vn 0.9663345 -0.03776915 -0.2545022
vn -0.6600515 0.3137284 -0.6825735
vn 0.1201012 0.9410024 0.3163705
vn -0.2572757 -0.1521308 -0.9542879
vn -0.2275382 0.3362858 -0.913859
vn 0.2275382 -0.3362858 0.913859
vn 0 0 0
vn 0 0 0
vn 0 0 0
vn 0 0 0
vn 0 0 0
vn 0 0 0
vn 0 0 0
vn 0 0 0
vn 0 0 0
vn 0 0 0
vn 0 0 0
vn 0 0 0
vn 0.7768473 0.2796761 -0.5641716
vn -0.9213408 0.2392855 -0.3063881
vn 0.05606663 0.8616725 0.5043581
vn -0.5782757 -0.03772329 -0.8149688
vn -0.627188 0.4234404 -0.6537074
vn 0.627188 -0.4234404 0.6537074
vn 0 0 0
vn 0 0 0
vn 0 0 0
vn 0 0 0
vn 0 0 0
vn 0 0 0
vn 0 0 0
vn 0 0 0
vn 0 0 0
vn 0 0 0
vn 0 0 0
vn 0 0 0
vn -0.150525 -0.07952165 0.9854028
vn 0.150525 0.07952165 -0.9854028
vn 0.3952985 -0.9184501 -0.01373477
vn 0.6832871 0.7119895 0.1618326
vn 0.7144656 -0.6976728 0.05283611
vn -0.7144656 0.6976728 -0.05283611
vn -0.2644778 -0.3392118 -0.9027662
vn -0.9744135 0.1802259 -0.1343021
vn -0.5162019 -0.4746358 0.7129211
vn 0.8628386 -0.4680756 0.1908269
vn 0.2367221 -0.9713989 0.01862451
vn -0.444052 -0.2460421 0.8615574
vn -0.2989443 -0.4223798 -0.8557031
vn -0.9708059 -0.03562929 -0.2372056
vn 0.5081418 0.3144701 -0.8018107
vn -0.4956643 0.8642657 -0.0858013
vn -0.2039646 -0.008723652 0.9789394
vn 0.9386353 -0.06979054 0.3377766
vn 0.7852104 -0.5676013 0.2475349
vn -0.2439296 0.2469501 0.9378241
vn 0.4202806 0.5316493 -0.7353321
vn -0.49997 0.8571911 -0.1235044
vn 0.2898336 -0.1149713 -0.9501464
vn -0.9301701 -0.1181029 -0.3476136
vn -0.3281873 -0.01260029 0.9445286
vn 0.1162766 -0.9931678 -0.009873927
vn 0.987808 0.02305991 0.15396
vn -0.1469243 -0.08039994 0.9858748
vn 0.1626112 -0.05650613 -0.9850709
vn -0.9875969 -0.02998779 -0.1541211
vn -0.2751813 0.7796603 0.5624991
vn -0.4044057 -0.6246793 0.6680059
vn 0.2751813 -0.7796602 -0.5624991
vn 0.4044057 0.6246793 -0.6680059
vn -0.8721992 0.04365516 -0.4871991
vn 0.8721991 -0.04365513 0.487199
vn -0.9533336 0.2922381 -0.07584218
vn -0.2678013 -0.7471327 0.6083382
vn 0.9542993 -0.2871079 0.08295743
vn 0.2668636 0.7463414 -0.6097201
vn -0.4460754 -0.3544524 -0.8218152
vn 0.5477791 0.4548401 0.7021813
vn -0.249778 0.7442971 0.619381
vn -0.3583534 -0.6652936 0.654956
vn 0.249778 -0.7442971 -0.619381
vn 0.3583534 0.6652936 -0.654956
vn -0.899552 0.05836362 -0.4328971
vn 0.899552 -0.05836359 0.4328971
vn -0.8831314 0.4124668 0.2234952
vn 0.07383485 -0.4149168 0.9068586
vn 0.8804877 -0.4163595 -0.2266853
vn -0.03485985 0.4652742 -0.88448
vn -0.5868487 -0.6603817 -0.4685132
vn 0.5595728 0.5880794 0.5839872
vn -0.1781851 -0.9724745 -0.1501449
vn -0.1408478 0.6327984 -0.7613987
vn 0.09375758 -0.748221 0.6567914
vn -0.6778009 0.2319154 -0.6977114
vn -0.2565847 0.193227 -0.9470099
vn 0.2565847 -0.193227 0.9470099
vn 0 0 0
vn 0 0 0
vn -0.1765882 -0.9736599 -0.1442326
vn 0 0 0
vn -0.6259937 0.2691104 0.7319232
vn -0.8290843 0.5462692 0.1192026
vn 0.6259926 -0.2691106 -0.7319241
vn 0.8290867 -0.5457088 -0.1217255
vn -0.3794089 0.5595965 0.7368179
vn -0.155642 -0.7855911 0.5988508
vn 0.3820738 -0.5582342 -0.7364742
vn 0.1555046 0.7855875 -0.598891
vn -0.9080661 -0.4141998 -0.06208492
vn 0.9462246 0.3199731 -0.04771024
vn 0.4936186 -0.01478647 -0.8695528
vn -0.4936186 0.01478647 0.8695528
vn 0.061582 -0.996887 0.0492353
vn -0.0615816 0.996887 -0.04923512
vn -0.8826242 -0.07735072 -0.4636717
vn 0.8826242 0.07735064 0.4636717
vn -0.960555 -0.001507469 0.278086
vn -0.8034397 -0.3390946 0.4893869
vn 0.9575216 -0.04957372 -0.2840685
vn 0.7652839 0.3404422 -0.5462964
vn -0.8180423 -0.3318065 0.4697993
vn 0.9376093 0.3082303 -0.1608821
vn 0.9660469 -0.1935826 0.1711119
vn -0.8820611 -0.4016538 -0.2462571
vn 0.8256572 -0.03037396 -0.563354
vn -0.7674333 -0.5349132 0.3534318
vn 0.2016086 0.1506273 -0.9678147
vn -0.2578998 -0.6827 0.6836727
vn -0.5405395 0.2433932 -0.8053427
vn 0.3480614 -0.7584432 0.5510147
vn -0.1615779 -0.969452 -0.184541
vn 0.1615779 0.969452 0.184541
vn 0 0 0
vn 0 0 0
vn 0 0 0
vn 0 0 0
vn 0 0 0
vn 0 0 0
vn 0 0 0
vn 0 0 0
vn 0.1950517 0.9618803 0.1916796
vn 0.1950517 0.9618803 0.1916796
vn 0.1950517 0.9618803 0.1916796
vn 0.1950517 0.9618803 0.1916796
vn 0.1950517 0.9618803 0.1916796
vn 0.1950517 0.9618803 0.1916796
vn 0.1950517 0.9618803 0.1916796
vn 0.1950517 0.9618803 0.1916796
vn 0.1950517 0.9618803 0.1916796
vn 0.1950517 0.9618803 0.1916796
vn 0.1950517 0.9618803 0.1916796
vn 0.1950517 0.9618803 0.1916796
vn 0.2037496 0.9665989 -0.1554758
vn 0.03359517 0.9928854 -0.1142374
vn -0.09644904 0.9953207 0.005873712
vn -0.1515377 0.9732524 0.172674
vn -0.11691 0.9325936 0.3414694
vn -0.00184424 0.8842389 0.4670314
vn 0.1628277 0.8411447 0.5157156
vn 0.3329822 0.8148584 0.4744773
vn 0.4630264 0.8124231 0.3543662
vn 0.518115 0.8344914 0.1875659
vn 0.4834873 0.8751501 0.01877052
vn 0.3684215 0.9235049 -0.1067915
vn 0.1878723 0.8547314 -0.4838785
vn -0.1319135 0.9041336 -0.4063758
vn -0.3763166 0.9087105 -0.1806407
vn -0.4798495 0.8672357 0.1328413
vn -0.4147706 0.7908222 0.4500729
vn -0.1985178 0.6999451 0.6860522
vn 0.1109643 0.6189548 0.7775487
vn 0.4307502 0.5695525 0.7000459
vn 0.6751532 0.5649756 0.4743109
vn 0.778686 0.6064504 0.1608289
vn 0.7136072 0.6828639 -0.1564026
vn 0.4973542 0.7737411 -0.3923821
vn 0.1493348 0.6397706 -0.7539183
vn -0.2815114 0.7063301 -0.6494992
vn -0.6107948 0.7124965 -0.3453671
vn -0.7502844 0.6566176 0.07698599
vn -0.6626038 0.553666 0.504391
vn -0.3712472 0.4312276 0.822325
vn 0.04571699 0.3221096 0.9455979
vn 0.4765632 0.2555501 0.8411788
vn 0.8058466 0.2493837 0.5370467
vn 0.945336 0.3052626 0.1146936
vn 0.8576555 0.4082142 -0.3127113
vn 0.5662986 0.5306526 -0.6306456
vn 0.09278531 0.347644 -0.9330245
vn -0.3971549 0.4233327 -0.8142834
vn -0.7716022 0.4303448 -0.4684372
vn -0.9302238 0.3668017 0.01184504
vn -0.8305171 0.2497295 0.4978721
vn -0.4991986 0.1104978 0.8594132
vn -0.0250445 -0.01358668 0.999594
vn 0.4648958 -0.08927532 0.8808529
vn 0.8393429 -0.0962875 0.5350067
vn 0.9979645 -0.03274437 0.05472459
vn 0.8982579 0.08432779 -0.4313023
vn 0.566939 0.2235597 -0.7928438
vn 0.02504457 0.01358656 -0.9995941
vn -0.4648956 0.08927521 -0.8808531
vn -0.839343 0.09628741 -0.5350068
vn -0.9979645 0.03274425 -0.05472458
vn -0.8982577 -0.08432793 0.4313024
vn -0.5669393 -0.2235597 0.7928435
vn -0.09278524 -0.3476441 0.9330244
vn 0.397155 -0.4233328 0.8142833
vn 0.7716022 -0.430345 0.4684371
vn 0.9302238 -0.3668018 -0.01184503
vn 0.8305172 -0.2497297 -0.4978719
vn 0.4991983 -0.1104978 -0.8594134
vn -0.04571693 -0.3221097 -0.9455978
vn -0.476563 -0.2555502 -0.8411788
vn -0.8058465 -0.2493838 -0.5370467
vn -0.9453359 -0.3052627 -0.1146936
vn -0.8576553 -0.4082142 0.3127114
vn -0.5662988 -0.5306526 0.6306453
vn -0.1493347 -0.6397706 0.7539182
vn 0.2815115 -0.7063302 0.6494991
vn 0.6107948 -0.7124966 0.345367
vn 0.7502842 -0.6566176 -0.07698599
vn 0.6626037 -0.5536662 -0.5043909
vn 0.3712468 -0.4312276 -0.8223251
vn -0.1109643 -0.6189548 -0.7775487
vn -0.43075 -0.5695525 -0.7000461
vn -0.6751532 -0.5649756 -0.4743109
vn -0.778686 -0.6064504 -0.1608289
vn -0.7136072 -0.6828639 0.1564027
vn -0.4973544 -0.773741 0.392382
vn -0.1878722 -0.8547314 0.4838785
vn 0.1319136 -0.9041336 0.4063757
vn 0.3763166 -0.9087105 0.1806407
vn 0.4798495 -0.8672357 -0.1328413
vn 0.4147706 -0.7908223 -0.4500729
vn 0.1985176 -0.699945 -0.6860523
vn -0.1628277 -0.8411449 -0.5157155
vn -0.3329821 -0.8148585 -0.4744772
vn -0.4630263 -0.8124232 -0.3543661
vn -0.5181149 -0.8344915 -0.1875659
vn -0.4834872 -0.8751502 -0.01877054
vn -0.3684215 -0.9235049 0.1067913
vn -0.2037496 -0.9665989 0.1554756
vn -0.03359518 -0.9928853 0.1142373
vn 0.09644893 -0.9953206 -0.005873802
vn 0.1515376 -0.9732523 -0.172674
vn 0.1169099 -0.9325936 -0.3414693
vn 0.001844076 -0.8842389 -0.4670313
vn -0.3188647 0.6956077 0.643782
vn -0.35467 -0.7174605 0.5995497
vn 0.3188648 -0.6956077 -0.643782
vn 0.3546699 0.7174605 -0.5995496
vn -0.8789395 0.037155 -0.475484
vn 0.8789395 -0.03715501 0.475484
vn -0.9157657 0.2205731 -0.335739
vn -0.9767818 0.1300404 0.1702551
vn -0.77607 0.004663512 0.6306296
vn -0.3674108 -0.1219629 0.9220273
vn 0.1396958 -0.2159095 0.9663686
vn 0.6093709 -0.2520033 0.7517722
vn 0.9157658 -0.220573 0.335739
vn 0.9767818 -0.1300403 -0.1702553
vn 0.7760699 -0.004663499 -0.6306296
vn 0.3674109 0.1219629 -0.9220273
vn -0.1396956 0.2159095 -0.9663686
vn -0.6093712 0.2520033 -0.751772
vn 0.1624267 0.9677151 0.1927304
vn -0.1624267 -0.9677151 -0.1927304
vn 0.9737867 -0.2075069 -0.09316851
vn -0.9025916 -0.386243 0.1901174
vn 0.5961809 -0.2704786 -0.7559164
vn -0.5942777 -0.3348269 0.7312489
vn -0.1306597 -0.1750077 -0.9758589
vn -0.0008148673 -0.4127784 0.9108312
vn -0.7809616 0.02298046 -0.6241562
vn 0.5301542 -0.5744354 0.6236671
vn -0.1861922 -0.9624517 0.197533
vn 0.1861922 0.9624517 -0.197533
vn 0 0 0
vn 0 0 0
vn 0 0 0
vn 0 0 0
vn 0 0 0
vn 0 0 0
vn 0 0 0
vn 0 0 0
vn 0 0 0
vn 0 0 0
vn 0 0 0
vn 0 0 0
vn 0 0 0
vn 0 0 0
vn 0 0 0
vn 0 0 0
vn 0.9763392 -0.2131123 -0.03667533
vn -0.1335674 0.03045479 -0.9905717
vn -0.2133013 -0.9769856 -0.001275832
vn 0.2133013 0.9769856 0.001275832
vn -0.03555937 0.00906854 -0.9993264
vn 0.03555937 -0.00906854 0.9993264
vn -0.3044066 0.9523431 0.01947399
vn 0.1433822 -0.03259575 0.9891305
vn 0.3886389 -0.921123 -0.02218794
vn 0.1365442 0.00612006 -0.9906151
vn -0.1524082 -0.04942309 -0.9870811
vn 0.6552347 -0.7549013 0.02813447
vn -0.5038707 0.8633868 -0.02602932
vn 0.07583316 0.0348855 0.9965101
vn -0.9685173 0.2473564 -0.02809102
vn -0.1867595 -0.01594475 0.9822763
vn 0.982439 -0.1845518 0.02746454
vn -0.3440258 -0.2519531 -0.9045252
vn 0.03377989 0.04726543 -0.998311
vn 0.976601 -0.2150421 0.002703941
vn -0.9602946 0.278987 -0.0007871939
vn -0.02204239 -0.03803135 0.9990335
vn -0.9894887 0.1445315 -0.004768971
vn -0.4223912 -0.349668 0.8362523
vn 0.97838 -0.2067946 0.002948082
vn -0.6981198 -0.7158554 0.01340701
vn 0.9458901 -0.3218089 -0.04160558
vn -0.9664932 0.2533731 0.04114474
vn -0.3023647 -0.3599103 0.8826326
vn 0.1021997 -0.1656242 -0.9808791
vn -0.6814596 -0.5307865 0.5038636
vn 0.6726627 0.5146428 -0.5316649
vn -0.3058855 -0.9435002 0.1274419
vn -0.05734792 0.2476457 0.967152
vn 0 0 0
vn 0 0 0
vn 0 0 0
vn 0 0 0
vn 0 0 0
vn 0 0 0
vn 0 0 0
vn 0 0 0
vn 0 0 0
vn 0 0 0
vn 0 0 0
vn 0 0 0
vn 0 0 0
vn 0 0 0
vn 0 0 0
vn 0 0 0
vn 0 0 0
vn 0 0 0
vn 0 0 0
vn 0 0 0
vn 0 0 0
vn 0 0 0
vn 0 0 0
vn 0 0 0
vn 0 0 0
vn 0 0 0
vn 0 0 0
vn 0 0 0
vn 0 0 0
vn 0 0 0
vn 0 0 0
vn 0 0 0
vn 0.7784212 -0.6014619 0.1797331
vn -0.05968528 -0.4242964 -0.9035543
vn -0.8998805 0.3999648 -0.173906
vn -0.492071 -0.8704789 -0.01151623
vn 0.5588352 0.7122793 0.4246899
vn -0.7310396 0.6649104 -0.1532171
vn -0.3441205 -0.2317737 0.9098693
vn 0 0 0
vn 0 0 0
vn 0 0 0
vn 0 0 0
vn 0 0 0
vn 0 0 0
vn 0 0 0
vn 0 0 0
vn 0 0 0
vn 0 0 0
vn 0 0 0
vn 0 0 0
vn 0 0 0
vn 0 0 0
vn 0 0 0
vn 0 0 0
vn 0 0 0
vn 0 0 0
vn 0 0 0
vn 0 0 0
vn 0 0 0
vn 0 0 0
vn 0 0 0
vn 0 0 0
vn 0 0 0
vn 0 0 0
vn 0 0 0
vn 0 0 0
vn 0 0 0
vn 0 0 0
vn 0 0 0
vn 0 0 0
vn -0.2478615 -0.962055 0.114083
vn -0.6345311 -0.5798941 0.5109729
vn 0.5645505 -0.8175758 0.1133699
vn 0.2646186 0.1106456 -0.9579846
vn -0.7068067 0.6938737 -0.1377088
vn -0.5092487 -0.856904 -0.07988336
vn -0.4092176 -0.1973594 0.8908368
vn -0.635007 0.7380316 -0.2282005
vn 0.4947225 -0.846403 0.1971084
vn 0.3046105 -0.001921133 -0.9524751
vn -0.3988198 -0.3985167 0.82591
vn 0.509279 -0.1970214 -0.8377455
vn 0.3261725 -0.1758422 0.9288117
vn -0.08267469 -0.3788344 -0.9217643
vn 0.8600974 0.1498382 0.487628
vn -0.5186227 -0.6447512 -0.5615394
vn 0.8901888 0.3877454 -0.2392015
vn -0.5431919 -0.8390018 0.0319143
vn 0.3180807 -0.9048387 -0.2830046
vn -0.3180807 0.9048387 0.2830046
vn 0 0 0
vn 0 0 0
vn 0 0 0
vn 0 0 0
vn 0 0 0
vn 0 0 0
vn 0 0 0
vn 0 0 0
vn 0 0 0
vn 0 0 0
vn 0 0 0
vn 0 0 0
vn 0 0 0
vn 0 0 0
vn 0 0 0
vn 0 0 0
vn 0.7345161 -0.07807466 -0.674085
vn -0.6799412 -0.5076094 0.5291623
vn 0.04970869 0.03010849 -0.9983099
vn -0.1207983 -0.5959407 0.7938908
vn -0.6642174 0.1206545 -0.7377383
vn 0.46212 -0.669871 0.5811351
vn -0.9890538 0.1405227 -0.04500964
vn 0.7273477 -0.6860936 0.01552445
vn -0.1389301 -0.9896196 -0.03676411
vn 0.1389301 0.9896196 0.03676411
vn 0 0 0
vn 0 0 0
vn 0 0 0
vn 0 0 0
vn 0 0 0
vn 0 0 0
vn 0 0 0
vn 0 0 0
vn -0.7284989 0.08894369 -0.6792483
vn -0.9668862 0.1270236 -0.2213503
vn -0.9461972 0.1310676 0.2958584
vn -0.6719753 0.09999222 0.733792
vn -0.2176982 0.04212395 0.9751067
vn 0.2949108 -0.02703138 0.9551424
vn 0.728499 -0.0889437 0.6792483
vn 0.9668863 -0.1270236 0.2213501
vn 0.9461972 -0.1310676 -0.2958584
vn 0.6719753 -0.09999222 -0.733792
vn 0.2176984 -0.04212397 -0.9751067
vn -0.2949112 0.02703143 -0.9551423
vn 0.1331857 0.9910048 -0.01307628
vn -0.1331857 -0.9910048 0.01307628
vn -0.2967322 0.6941574 0.6558167
vn -0.3807165 -0.7158024 0.5853904
vn 0.2967322 -0.6941574 -0.6558167
vn 0.3807164 0.7158025 -0.5853903
vn -0.8757883 0.07597633 -0.4766786
vn 0.8757883 -0.07597634 0.4766786
vn 0.2232571 -0.009544967 0.9747128
vn -0.2232571 0.009544967 -0.9747128
vn -0.03167354 -0.9994951 -0.002532852
vn 0.03167354 0.9994951 0.002532852
vn 0.9742448 -0.03030712 -0.2234467
vn -0.9742448 0.03030712 0.2234467
vn -0.4284473 0.7689304 0.4745303
vn 0.1072447 -0.5678796 0.8160952
vn 0.4311489 -0.7685759 -0.4726539
vn -0.1061305 0.5682016 -0.8160167
vn -0.8828428 0.0376749 -0.4681551
vn 0.8853539 -0.04835177 0.4623967
vn 0.03896567 -0.5858485 -0.8094833
vn -0.8116716 -0.04611884 0.5822905
vn -0.430337 0.7212853 -0.5427316
vn -0.5883009 -0.6682664 0.4553265
vn -0.9018269 -0.3694986 0.2240068
vn 0.9018269 0.3694986 -0.2240068
vn 0 0 0
vn 0 0 0
vn 0 0 0
vn 0 0 0
vn 0 0 0
vn 0 0 0
vn 0 0 0
vn 0 0 0
vn 0 0 0
vn 0 0 0
vn 0 0 0
vn 0 0 0
vn 0 0 0
vn 0 0 0
vn 0 0 0
vn 0 0 0
vn 0 0 0
vn 0 0 0
vn 0 0 0
vn 0 0 0
vn 0 0 0
vn 0 0 0
vn 0 0 0
vn 0 0 0
vn 0 0 0
vn 0 0 0
vn 0 0 0
vn 0 0 0
vn -0.04421144 -0.9897746 0.1356155
vn -0.3626702 0.3805217 -0.8506901
vn 0.8987131 -0.09868946 -0.4272883
vn -0.8114675 -0.04360208 -0.5827687
vn -0.4363029 -0.1029883 -0.8938866
vn 0.4363029 0.1029883 0.8938866
vn 0 0 0
vn 0 0 0
vn 0 0 0
vn 0 0 0
vn 0.0008274044 -0.9756814 -0.2191923
vn -0.2311891 0.6502178 -0.7237185
vn 0.9649516 0.05830093 -0.2558701
vn -0.6900766 0.1580803 -0.7062612
vn -0.2624268 0.2112982 -0.9415334
vn 0.2624268 -0.2112982 0.9415334
vn 0 0 0
vn 0 0 0
vn 0 0 0
vn 0 0 0
vn -0.2960929 0.9516644 0.08163223
vn 0.3472531 0.9372877 0.03011852
vn 0.8373162 0.5396101 -0.08787836
vn 0.9679572 0.2199924 -0.1210879
vn 0.9969237 0.007990777 -0.07797051
vn 0.1151857 -0.9908887 -0.06979861
vn 0.2960929 -0.9516645 -0.08163223
vn -0.2195478 -0.9746773 -0.04246084
vn -0.6763607 -0.7365263 0.008087882
vn -0.9519433 -0.3010236 0.05646946
vn -0.9724536 0.2151381 0.08972011
vn -0.7323955 0.6736541 0.09893032
vn -0.07831324 0.06098904 -0.9950616
vn 0.07831324 -0.06098904 0.9950616
vn -0.06637725 -0.1296876 -0.9893307
vn 0.09382693 -0.09389173 0.9911513
vn 0.9979631 -0.02989733 -0.05635501
vn 0.9956135 0.07737149 -0.05260714
vn -0.4923491 0.4999091 0.712519
vn -0.6039156 0.5689853 -0.5581592
vn 0.2740711 0.961666 0.009142253
vn 0.6352642 0.3241105 0.7009936
vn 0.4864259 -0.03690543 0.872942
vn 0.5853597 0.4456554 -0.6773074
vn 0.3864059 0.07457518 -0.9193091
vn 0.0614915 -0.6070222 -0.7923023
vn -0.6656541 -0.2157719 0.7143858
vn -0.6874685 0.5497325 -0.4745327
vn -0.3091768 -0.7663445 0.5631393
vn -0.7236062 -0.5738626 0.3835048
vn 0.7236062 0.5738626 -0.3835048
vn 0 0 0
vn 0 0 0
vn 0 0 0
vn 0 0 0
vn 0 0 0
vn 0 0 0
vn 0 0 0
vn 0 0 0
vn 0 0 0
vn 0 0 0
vn 0 0 0
vn 0 0 0
vn -0.73083 -0.05370358 0.6804437
vn 0.73083 0.05370358 -0.6804437
vn 0.05486593 -0.9982962 -0.01986119
vn -0.05486593 0.9982962 0.01986119
vn 0.680351 0.02281802 0.7325312
vn -0.680351 -0.02281802 -0.7325312
vn 0.2721168 -0.8870243 0.3730153
vn -0.9261022 0.09943679 -0.3639327
vn 0.3248858 -0.2801908 -0.9032953
vn -0.9512184 -0.1893937 0.2435441
vn -0.9057603 -0.3669891 -0.211937
vn 0.9057603 0.3669891 0.211937
vn 0 0 0
vn 0 0 0
vn 0 0 0
vn 0 0 0
vn 0 0 0
vn 0 0 0
vn 0 0 0
vn 0 0 0
vn 0 0 0
vn 0 0 0
vn 0 0 0
vn 0 0 0
vn 0 0 0
vn 0 0 0
vn 0 0 0
vn 0 0 0
vn 0 0 0
vn 0 0 0
vn 0 0 0
vn 0 0 0
vn 0 0 0
vn 0 0 0
vn 0 0 0
vn 0 0 0
vn 0 0 0
vn 0 0 0
vn 0 0 0
vn 0 0 0
vn 0.4376225 -0.8360372 0.3309508
vn -0.9447607 -0.05324771 -0.3234066
vn 0.3274744 -0.1945947 -0.9246045
vn -0.8923343 -0.3585507 0.2741914
vn -0.837405 -0.5130056 -0.1886217
vn 0.837405 0.5130056 0.1886217
vn 0 0 0
vn 0 0 0
vn 0 0 0
vn 0 0 0
vn 0 0 0
vn 0 0 0
vn 0 0 0
vn 0 0 0
vn 0 0 0
vn 0 0 0
vn 0 0 0
vn 0 0 0
vn 0 0 0
vn 0 0 0
vn 0 0 0
vn 0 0 0
vn 0 0 0
vn 0 0 0
vn 0 0 0
vn 0 0 0
vn 0.4367173 -0.8220619 0.365366
vn -0.9263815 -0.07698859 -0.3686328
vn 0.3765561 -0.2018044 -0.9041463
vn -0.897747 -0.3722084 0.2356083
vn -0.8169968 -0.532437 -0.221421
vn 0.8169968 0.532437 0.221421
vn 0 0 0
vn 0 0 0
vn 0 0 0
vn 0 0 0
vn 0 0 0
vn 0 0 0
vn 0 0 0
vn 0 0 0
vn 0 0 0
vn 0 0 0
vn 0 0 0
vn 0 0 0
vn 0 0 0
vn 0 0 0
vn 0 0 0
vn 0 0 0
vn -0.2024681 -0.9470825 -0.2490812
vn -0.7580644 0.5935282 0.2703013
vn -0.1229849 0.2769262 -0.9529883
vn -0.7958955 0.01094505 0.6053351
vn -0.9715356 0.1623165 0.1725456
vn 0.9715356 -0.1623165 -0.1725456
vn -0.1912439 -0.9526448 -0.2364186
vn -0.7663767 0.5909827 0.251806
vn -0.1138899 0.2607746 -0.9586583
vn -0.8031943 0.01343982 0.5955654
vn -0.9749127 0.156412 0.1583683
vn 0.9749127 -0.156412 -0.1583683
vn 0 0 0
vn 0 0 0
vn 0 0 0
vn 0 0 0
vn 0 0 0
vn 0 0 0
vn 0 0 0
vn 0 0 0
vn 0 0 0
vn 0 0 0
vn 0 0 0
vn 0 0 0
vn -0.05585467 -0.9761181 -0.2099377
vn -0.7266181 0.4107346 0.5507479
vn -0.5132281 0.2084295 -0.8325588
vn -0.5089252 -0.1530664 0.8470926
vn -0.8564328 -0.0612436 0.5126131
vn 0.8564328 0.0612436 -0.5126131
vn -0.3381362 -0.9169227 -0.2119355
vn -0.3993745 0.4868026 0.7768676
vn -0.6926444 0.3949319 -0.60355
vn -0.2306417 -0.1375918 0.9632616
vn -0.6371087 0.05728618 0.7686422
vn 0.6371087 -0.05728618 -0.7686422
vn 0 0 0
vn 0 0 0
vn 0 0 0
vn 0 0 0
vn -0.3289773 -0.9193707 -0.2157119
vn -0.4119722 0.4839775 0.7720394
vn -0.6883622 0.3898402 -0.6117043
vn -0.2409182 -0.1391586 0.9605172
vn -0.6464761 0.052749 0.7611085
vn 0.6464761 -0.052749 -0.7611085
vn -0.2282001 -0.957976 -0.1738008
vn -0.5258078 0.4968362 0.6904202
vn -0.6538695 0.2830583 -0.7016644
vn -0.323205 -0.09385042 0.9416638
vn -0.7213733 0.04647698 0.6909853
vn 0.7213733 -0.04647698 -0.6909853
vn 0 0 0
vn 0 0 0
vn 0 0 0
vn 0 0 0
vn 0.01867701 -0.9604758 -0.2777361
vn -0.8854853 0.4222339 0.1939957
vn -0.07852333 0.2755176 -0.9580836
vn -0.8392216 -0.1660534 0.5178161
vn -0.9967373 -0.03970271 0.07027402
vn 0.9967373 0.03970271 -0.07027402
vn 0.0472408 -0.9579484 -0.283025
vn -0.896916 0.3923816 0.2039077
vn -0.09583002 0.2776881 -0.9558797
vn -0.8288196 -0.1957358 0.5241618
vn -0.9942762 -0.0722786 0.07868215
vn 0.9942762 0.0722786 -0.07868215
vn 0 0 0
vn 0 0 0
vn 0 0 0
vn 0 0 0
vn 0 0 0
vn 0 0 0
vn 0 0 0
vn 0 0 0
vn 0.0259114 -0.9531553 -0.3013697
vn -0.8897439 0.4152195 0.1896015
vn -0.06320326 0.2993057 -0.9520617
vn -0.8473286 -0.1809059 0.4993069
vn -0.9976643 -0.04371673 0.05248713
vn 0.9976643 0.04371673 -0.05248713
vn 0.0351783 -0.954248 -0.2969399
vn -0.8939825 0.4085439 0.184085
vn -0.06179865 0.2944781 -0.953658
vn -0.8478251 -0.1858037 0.4966586
vn -0.9974685 -0.05189859 0.04861194
vn 0.9974685 0.05189859 -0.04861194
vn 0 0 0
vn 0 0 0
vn 0 0 0
vn 0 0 0
vn 0.3076886 -0.937213 -0.1641941
vn -0.9574218 0.2251775 -0.180662
vn 0.2345648 0.2419546 -0.9415081
vn -0.9226176 -0.3360628 0.1893108
vn -0.9221211 -0.2511769 -0.2942838
vn 0.9221211 0.2511769 0.2942838
vn 0 0 0
vn 0 0 0
vn 0 0 0
vn 0 0 0
vn 0.3161178 -0.9358221 -0.1559059
vn -0.9574115 0.216936 -0.1905312
vn 0.2411976 0.2382089 -0.940787
vn -0.9217523 -0.3418595 0.1830433
vn -0.9175475 -0.2597952 -0.3010201
vn 0.9175475 0.2597952 0.3010201
vn -0.04463816 -0.9711369 -0.2343089
vn -0.8544653 0.4835834 0.189832
vn -0.08078203 0.2372835 -0.9680758
vn -0.8372622 -0.09158019 0.5390781
vn -0.9957318 0.02428524 0.08904234
vn 0.9957318 -0.02428524 -0.08904234
vn -0.03110659 -0.9783021 -0.2048351
vn -0.862411 0.4807556 0.158497
vn -0.06433709 0.2064691 -0.9763356
vn -0.8465946 -0.08315187 0.5257028
vn -0.9974433 0.01719209 0.06936377
vn 0.9974433 -0.01719209 -0.06936377
vn -0.02622491 -0.941303 -0.336543
vn -0.8619899 0.4390831 0.253337
vn -0.1031268 0.3374101 -0.935692
vn -0.8253874 -0.1695371 0.5385099
vn -0.9943224 -0.01016792 0.1059223
vn 0.9943224 0.01016792 -0.1059223
vn -0.01909489 -0.9379761 -0.346174
vn -0.8647017 0.4280482 0.2628039
vn -0.1118004 0.3460689 -0.931524
vn -0.8205773 -0.1831098 0.541409
vn -0.9935472 -0.02091476 0.1114744
vn 0.9935472 0.02091476 -0.1114744
vn -0.009582533 -0.920032 -0.391726
vn -0.8685297 0.4043238 0.2866677
vn -0.1197993 0.3899787 -0.9129977
vn -0.8160707 -0.2191931 0.5347739
vn -0.9927519 -0.03817948 0.1139563
vn 0.9927519 0.03817948 -0.1139563
vn 0.1056382 -0.920539 -0.3760965
vn -0.4614389 0.6912806 -0.5560624
vn 0.8776531 0.264123 -0.3999553
vn -0.8288894 0.1274251 -0.5447065
vn -0.4675102 0.2878316 -0.8358153
vn 0.4675102 -0.2878316 0.8358153
vn 0 0 0
vn 0 0 0
vn 0 0 0
vn 0 0 0
vn 0 0 0
vn 0 0 0
vn 0 0 0
vn 0 0 0
vn 0.1557017 -0.8989423 -0.4094629
vn -0.3569391 0.7319865 -0.5803364
vn 0.9339883 0.2689278 -0.2352524
vn -0.727375 0.1761235 -0.6632543
vn -0.3215941 0.3458047 -0.881474
vn 0.3215941 -0.3458047 0.881474
vn 0 0 0
vn 0 0 0
vn 0 0 0
vn 0 0 0
vn 0 0 0
vn 0 0 0
vn 0 0 0
vn 0 0 0
vn 0.03269304 0.3176902 0.9476309
vn 0.8665243 0.2968169 -0.4012924
vn -0.03855005 -0.2984995 -0.9536309
vn -0.8679956 -0.2965042 0.3983327
vn 0.1729973 -0.1884458 0.9667265
vn -0.1617906 0.1666177 -0.9726573
vn -0.3097936 0.495115 -0.8117199
vn -0.941861 -0.3335304 0.04068592
vn 0.3034202 -0.466133 0.8310574
vn 0.9418479 0.3327561 -0.04686126
vn -0.1230523 -0.1853441 -0.9749388
vn 0.1108003 0.1427222 0.9835414
vn -0.2718832 0.9492815 -0.1579373
vn -0.813484 -0.05428793 0.5790482
vn 0.2787672 -0.9462934 0.1637611
vn 0.8124288 0.05429291 -0.5805271
vn -0.7776229 -0.06153045 -0.6257129
vn 0.7685724 -0.03562384 0.6387702
vn 0.0411568 0.9950261 0.09071593
vn 0.7794564 -0.07840372 0.6215308
vn -0.01210709 -0.9916621 -0.1282953
vn -0.7769399 0.0772768 -0.6248142
vn -0.6277247 0.2110484 0.7492799
vn 0.5026034 -0.3087082 -0.8075204
vn -0.2422233 0.8835191 -0.4009015
vn -0.9173723 -0.05214121 0.3946002
vn 0.257294 -0.8620148 0.4367269
vn 0.9164612 0.05285766 -0.3966168
vn -0.4418056 0.2791453 -0.852576
vn 0.3860183 -0.3336286 0.8600476
vn -0.2280112 0.9635645 0.1398373
vn 0.8145785 -0.02493807 0.5795171
vn 0.2328472 -0.9623478 -0.1402461
vn -0.820482 0.02356473 -0.5711867
vn -0.9920825 -0.09442958 0.08279748
vn 0.9908202 0.04609063 -0.127087
vn -0.3290242 0.7089201 0.6238392
vn -0.3766108 -0.70432 0.6017457
vn 0.3290243 -0.7089202 -0.6238392
vn 0.3766106 0.70432 -0.6017457
vn -0.865972 0.03695571 -0.4987252
vn 0.865972 -0.03695572 0.4987252
vn 0.6873153 0.1102038 0.7179505
vn -0.6915562 -0.1980507 0.6946409
vn -0.689226 -0.1015604 -0.7173932
vn 0.6915339 0.1980546 -0.694662
vn -0.7192898 0.1704389 -0.6734782
vn 0.722908 -0.1830136 0.6662658
vn 0.08289064 0.7347001 0.6733089
vn 0.7099781 0.3712392 -0.5984251
vn -0.08648442 -0.7299919 -0.6779619
vn -0.7107047 -0.3709112 0.5977657
vn 0.486524 -0.4321252 0.759317
vn -0.4776142 0.38596 -0.7892526
vn -0.07625202 0.8397859 0.5375364
vn 0.8278841 -0.2751814 0.4887569
vn 0.07908521 -0.837976 -0.539946
vn -0.8268473 0.2757705 -0.4901776
vn -0.6807488 -0.290107 0.6726211
vn 0.693514 0.2473657 -0.676645
vn -0.01190815 0.9997859 0.01692192
vn 0.9976779 0.006869463 -0.0677611
vn 0.01197343 -0.9998131 -0.01517989
vn -0.9974555 -0.006673635 0.07097973
vn -0.0919406 0.08791979 0.9918755
vn -0.1641606 -0.03168919 -0.9859245
vn 0.3744084 0.6205231 0.6890352
vn 0.4465778 0.2964554 -0.8442053
vn -0.3746438 -0.6195824 -0.6897534
vn -0.4209201 -0.3096412 0.8526128
vn 0.2812094 -0.5244768 0.8036451
vn -0.3356565 0.5265775 -0.7810576
vn 0.816287 -0.05620812 0.5749055
vn -0.816287 0.05620812 -0.5749055
vn -0.05162001 -0.9983707 -0.0243167
vn 0.05162001 0.9983707 0.0243167
vn 0.5753356 -0.009827215 -0.8178585
vn -0.5753356 0.009827215 0.8178585
vn 0.8374692 -0.09205173 0.5386761
vn -0.8374692 0.09205173 -0.5386761
vn -0.1030278 -0.9946303 -0.009792266
vn 0.1030278 0.9946303 0.009792266
vn 0.5366849 -0.04729787 -0.842456
vn -0.5366849 0.04729787 0.842456
vn -0.4988015 -0.6112922 0.6144257
vn 0.4988015 0.6112922 -0.6144257
vn -0.8272269 0.1242281 -0.5479626
vn 0.8272269 -0.1242281 0.5479626
vn 0.2586364 -0.781594 -0.5676425
vn -0.2586364 0.781594 0.5676425
vn -0.5030082 -0.5702557 0.6494545
vn 0.5030082 0.5702557 -0.6494545
vn -0.832452 0.1176125 -0.5414712
vn 0.832452 -0.1176125 0.5414712
vn 0.2323932 -0.8130042 -0.5338703
vn -0.2323932 0.8130042 0.5338703
vn -0.464625 -0.5802623 0.6688942
vn 0.464625 0.5802623 -0.6688942
vn -0.8537272 0.09298194 -0.5123518
vn 0.8537272 -0.09298194 0.5123518
vn 0.2351032 -0.8091046 -0.5385874
vn -0.2351032 0.8091046 0.5385874
vn -0.4416622 -0.6282032 0.640543
vn 0.4416622 0.6282032 -0.640543
vn -0.8661283 0.1123357 -0.4870344
vn 0.8661283 -0.1123357 0.4870344
vn 0.2340007 -0.769897 -0.5937189
vn -0.2340007 0.769897 0.5937189
vn -0.4766205 -0.6562424 0.5849608
vn 0.4766205 0.6562424 -0.5849608
vn -0.840856 0.1461596 -0.5211513
vn 0.840856 -0.1461596 0.5211513
vn 0.256504 -0.7402591 -0.6214678
vn -0.256504 0.7402591 0.6214678
vn -0.4806019 -0.6175656 0.6226032
vn 0.4806019 0.6175656 -0.6226032
vn -0.8458446 0.1390701 -0.5149821
vn 0.8458446 -0.1390701 0.5149821
vn 0.2314499 -0.7741269 -0.5892016
vn -0.2314499 0.7741269 0.5892016
vn -0.696777 -0.5147839 -0.4994991
vn 0.696777 0.5147839 0.4994991
vn 0.5796678 0.006037711 -0.8148305
vn -0.5796678 -0.006037711 0.8148305
vn 0.4224774 -0.8572987 0.294197
vn -0.4224774 0.8572987 -0.294197
vn -0.6671808 -0.559438 -0.4918321
vn 0.6671808 0.559438 0.4918321
vn 0.5867373 0.01210204 -0.8096869
vn -0.5867373 -0.01210204 0.8096869
vn 0.4589218 -0.8287838 0.3201692
vn -0.4589218 0.8287838 -0.3201692
vn -0.7185816 -0.5202696 -0.461476
vn 0.7185816 0.5202696 0.461476
vn 0.5484976 -0.01604381 -0.8359982
vn -0.5484976 0.01604381 0.8359982
vn 0.4275405 -0.8538514 0.2968954
vn -0.4275405 0.8538514 -0.2968954
vn -0.6417171 -0.6367117 -0.4275483
vn 0.6417171 0.6367117 0.4275483
vn 0.5433213 0.01604083 -0.8393716
vn -0.5433213 -0.01604083 0.8393716
vn 0.5412959 -0.7709351 0.3356453
vn -0.5412959 0.7709351 -0.3356453
vn -0.6752591 -0.5950549 -0.4358153
vn 0.6752591 0.5950549 0.4358153
vn 0.5365363 0.009162068 -0.8438275
vn -0.5365363 -0.009162068 0.8438275
vn 0.5061166 -0.8036329 0.3130819
vn -0.5061166 0.8036329 -0.3130819
vn -0.6946433 -0.6002401 -0.3964625
vn 0.6946433 0.6002401 0.3964625
vn 0.5063078 -0.01645151 -0.8621959
vn -0.5063078 0.01645151 0.8621959
vn 0.5110021 -0.7996506 0.3153344
vn -0.5110021 0.7996506 -0.3153344
vn 0.6213606 -0.140324 0.7708569
vn 0.2171063 -0.5963297 -0.7728232
vn 0.8737502 -0.2342769 0.4262335
vn -0.8737502 0.2342769 -0.4262335
vn 0.4250588 -0.0581359 -0.9032969
vn 0.2224877 0.9718053 0.07806257
vn -0.8992176 -0.0858376 -0.4289985
vn -0.4303889 0.03577938 0.9019342
vn 0.8989788 0.08935817 0.4287799
vn 0.3072175 -0.2868255 -0.9073856
vn 0.297292 -0.04141274 -0.9538881
vn 0.9560603 -0.03646786 0.2908932
vn -0.955999 0.03853871 -0.2908276
vn -0.2986538 0.05940595 0.9525108
vn -0.9544242 -0.05895238 -0.2925732
vn -0.2771085 -0.1487435 0.9492556
vn 0.956349 0.01023677 0.2920477
vn 0.0718487 -0.9952339 -0.06593384
vn 0.935341 0.06417374 0.3478779
vn -0.9294121 -0.1155898 -0.3504744
vn -0.3361503 -0.1565266 0.9287101
vn 0.2495567 0.4414708 -0.861873
vn -0.6251702 0.2036509 -0.7534511
vn -0.410096 -0.8260298 0.3866472
vn -0.5533591 0.0418683 0.8318899
vn 0.6587867 -0.2544315 0.7080005
vn -0.7237679 -0.6811247 0.1105863
vn 0.2823135 -0.8444802 -0.45514
vn -0.2730694 0.2770625 -0.9212326
vn 0.47181 0.07133204 0.8788101
vn -0.1885391 0.2536197 -0.9487519
vn -0.8896548 0.02500067 0.4559489
vn -0.5140581 0.05507957 0.8559852
vn 0.5381355 -0.0821523 -0.8388452
vn -0.9561349 0.201848 0.2122819
vn -0.2331995 0.5672569 0.789834
vn 0.9598521 -0.2043122 -0.1921993
vn 0.1132247 -0.09094882 -0.9893981
vn -0.08254811 -0.5646102 -0.8212194
vn 0.963582 -0.1732223 -0.203725
vn -0.9605894 0.1607278 0.2267919
vn 0.09515184 0.5912188 0.8008786
vn -0.8231748 -0.04957406 0.5656196
vn -0.1702321 -0.06965089 0.9829394
vn 0.8588179 0.0123794 -0.5121315
vn 0.05966305 -0.2325241 -0.9707589
vn 0.0143529 0.07473956 0.9970998
vn 0.8165142 0.1455114 -0.558687
vn 0.05338274 0.3878159 -0.9201897
vn -0.1861287 0.03919282 0.9817434
vn -0.06460701 -0.2962173 -0.952933
vn 0.7087132 -0.2463403 -0.6610916
vn -0.5911068 0.02567889 -0.8061845
vn 0.8371733 0.5208391 0.1669357
vn 0.8399019 0.5348656 0.09210698
vn -0.9806702 -0.1942642 0.02339631
vn 0.7955664 -0.1535107 -0.586096
vn 0.9772853 -0.01562023 0.2113514
vn 0.3425117 0.0118877 -0.9394384
vn 0.3187062 0.1775712 0.9310719
vn 0.815623 0.5375606 0.2139805
vn -0.9492714 -0.2107175 -0.2334139
vn 0.9839386 -0.04076482 0.1737907
vn 0.1535511 -0.3305548 0.9312119
vn -0.1577664 0.3451507 -0.9251923
vn 0.5202596 -0.8211774 -0.2345159
vn 0.07350677 0.3482222 -0.9345256
vn -0.1919238 -0.3204557 0.9276171
vn -0.7484608 -0.4591292 0.4785466
vn 0.723665 0.5232304 -0.4500432
vn -0.1179197 0.08949485 0.9889821
vn 0.3450256 -0.9096204 -0.2314046
vn 0.9409095 0.3039427 -0.1493592
vn -0.9635572 -0.230267 0.1361418
vn 0.3060256 -0.7648116 -0.5669318
vn 0.9096004 -0.178196 0.375331
vn 0.3870695 0.9119056 0.1364014
vn -0.7799032 0.112393 0.6157263
vn 0.9650505 -0.161367 0.2064902
vn -0.9395358 -0.2406838 -0.2436059
vn 0.3390634 -0.03145327 -0.9402376
vn 0.9556315 -0.1448662 0.2564805
vn -0.8320033 0.1008885 0.5455199
vn -0.6551744 0.1249139 0.7450792
vn 0.7389888 -0.1304886 -0.6609602
vn -0.6856575 -0.06571987 0.7249516
vn -0.5924782 0.02106067 -0.8053112
vn 0.6493561 -0.1795209 -0.7389918
vn -0.09136064 0.2056103 0.9743601
vn -0.3403188 0.869121 0.3589037
vn -0.6181167 -0.4944915 0.6110727
vn 0.3409477 -0.8691239 -0.3582992
vn 0.617358 0.4945987 -0.6117527
vn -0.8155949 0.02008882 -0.5782745
vn -0.8764717 -0.09310874 -0.4723645
vn 0.4286468 -0.8822734 0.1945649
vn -0.8573276 -0.129516 -0.4982118
vn -0.419796 0.8744102 -0.2432655
vn 0.9060816 0.1656323 0.3893357
vn -0.03455892 -0.9825088 0.1829815
vn 0.4457964 -0.002478895 -0.895131
vn 0.04531706 0.9818135 -0.1843602
vn -0.3142779 0.02726895 0.9489393
vn -0.5350987 0.5232683 0.6632192
vn -0.3772208 -0.8851186 0.2725244
vn 0.5265779 -0.5245792 -0.6689786
vn 0.330755 0.8867595 -0.3228913
vn -0.6845648 -0.5686045 -0.4561359
vn 0.6723551 -0.2132615 0.7088428
vn -0.7891929 -0.3859185 -0.4777463
vn -0.06885349 0.1592425 0.9848356
vn 0.7975465 0.3743188 0.4730804
vn 0.07607082 -0.1364837 -0.9877173
vn -0.1511207 -0.5608738 -0.8139921
vn 0.1200633 0.7853308 0.6073223
vn -0.9050267 -0.08126479 -0.4175198
vn -0.02975481 0.1445474 0.9890504
vn 0.906235 0.07825888 0.415468
vn 0.01236725 -0.1916018 -0.9813948
vn 0.06042154 0.9566424 -0.2849288
vn -0.3605847 0.1457596 0.921267
vn -0.1144002 -0.9534162 0.2791238
vn 0.3494941 -0.1517784 -0.9245632
vn -0.8455622 -0.5154621 0.1390092
vn 0.9626902 0.2628152 0.06446602
vn -0.9733754 0.1895981 0.1288139
vn 0.180196 0.5760669 0.7972932
vn 0.9743857 -0.1792934 -0.135744
vn -0.1809189 -0.5782929 -0.795516
vn -0.182921 -0.901055 -0.3932427
vn 0.3993881 0.5714715 -0.7168749
vn -0.9941913 -0.0005548749 0.1076261
vn 0.1014181 -0.08484209 0.9912196
vn 0.9941908 0.0003568183 -0.1076312
vn -0.100637 0.08989475 -0.9908538
vn -0.6023667 0.740382 -0.29831
vn 0.6607463 0.6696302 0.339131
vn 0.6014815 -0.7404848 0.2998372
vn -0.6608905 -0.6696254 -0.3388594
vn -0.593584 0.05248062 0.8030591
vn 0.4341741 0.1246636 -0.8921614
vn -0.151971 0.9740098 -0.1679579
vn 0.787587 0.2469844 0.56454
vn 0.1519303 -0.9740139 0.1679709
vn -0.7873709 -0.2469894 -0.5648393
vn -0.9411897 -0.1403111 0.3073675
vn 0.9428946 0.1369317 -0.3036439
vn 0.2231566 -0.7261418 -0.6503225
vn -0.2231566 0.7261418 0.6503225
vn 0.9346033 -0.03018278 0.3544089
vn -0.9346033 0.03018278 -0.3544089
vn -0.2769797 -0.6868823 0.671919
vn 0.2769797 0.6868823 -0.671919
vn 0.1276788 -0.7138743 -0.6885359
vn -0.1276788 0.7138743 0.6885359
vn 0.8989185 -0.2100551 0.3844767
vn -0.8989185 0.2100551 -0.3844767
vn -0.4190986 -0.668027 0.6148953
vn 0.4190986 0.668027 -0.6148953
vn 0.1784393 -0.719287 -0.6714058
vn -0.1784393 0.719287 0.6714058
vn 0.8954855 -0.1640587 0.4137518
vn -0.8954855 0.1640587 -0.4137518
vn -0.4077563 -0.6750637 0.6148365
vn 0.4077563 0.6750637 -0.6148365
vn 0.2355401 -0.7147939 -0.6584761
vn -0.2355401 0.7147939 0.6584761
vn 0.9228181 -0.04802614 0.3822307
vn -0.9228181 0.04802614 -0.3822307
vn -0.3048403 -0.6976842 0.6483126
vn 0.3048403 0.6976842 -0.6483126
vn 0.2061066 -0.7179864 -0.6648425
vn -0.2061066 0.7179864 0.6648425
vn 0.925341 -0.07794355 0.3710375
vn -0.925341 0.07794355 -0.3710375
vn -0.31822 -0.6916793 0.6483176
vn 0.31822 0.6916793 -0.6483176
vn 0.1950765 -0.7356497 -0.6486639
vn -0.1950765 0.7356497 0.6486639
vn 0.9262253 -0.07933815 0.3685269
vn -0.9262253 0.07933815 -0.3685269
vn -0.3225705 -0.6726997 0.6659003
vn 0.3225705 0.6726997 -0.6659003
vn 0.1748888 -0.7180481 -0.6736624
vn -0.1748888 0.7180481 0.6736624
vn 0.9268082 -0.1108793 0.3587931
vn -0.9268082 0.1108793 -0.3587931
vn -0.332326 -0.6871045 0.6461012
vn 0.332326 0.6871045 -0.6461012
vn -0.3530184 -0.7083736 0.611216
vn 0.3530184 0.7083736 -0.611216
vn -0.8775568 0.02414577 -0.4788643
vn 0.8775568 -0.02414577 0.4788643
vn 0.3244567 -0.7054247 -0.6301619
vn -0.3244567 0.7054247 0.6301619
vn 0.2248 -0.7260826 -0.6498224
vn -0.2248 0.7260826 0.6498224
vn 0.9233877 -0.05421963 0.3800203
vn -0.9233877 0.05421963 -0.3800203
vn -0.3111593 -0.6854665 0.6582671
vn 0.3111593 0.6854665 -0.6582671
vn -0.3782126 0.923858 0.05866577
vn -0.7996659 0.2587487 -0.5418335
vn 0.386188 -0.9212084 -0.04726467
vn 0.7861409 -0.2673576 0.5572276
vn -0.6729137 0.3254762 -0.6642683
vn 0.7833951 -0.2229328 0.5801665
vn 0.6764175 -0.505124 0.5360122
vn 0 0 0
vn -0.6764275 0.5051306 -0.5359936
vn 0.7520562 -0.2893805 0.5921744
vn 0.6449512 -0.4799084 0.5947486
vn -0.7368092 0.3107025 -0.60048
vn -0.6954988 0.4101739 -0.5899482
vn 0.6196666 -0.2209477 0.7531238
vn 0 0 0
vn -0.5763577 0.2213313 -0.7866539
vn -0.6510457 0.3960124 -0.6475444
vn 0.5763716 -0.2213151 0.7866483
vn 0.9832782 -0.113842 0.1421406
vn -0.5087064 -0.3405918 -0.7907054
vn -0.9990236 0.02444983 0.03679774
vn 0.5387375 0.270977 0.7977051
vn 0.987576 -0.0787508 0.1359854
vn -0.6906245 -0.01193205 -0.7231151
vn -0.9875784 0.07875295 -0.1359666
vn 0.6906189 0.01193316 0.7231205
vn 0.9427718 0.1299447 -0.3070762
vn -0.6767968 -0.06918863 -0.7329113
vn -0.9418882 -0.1309974 0.3093322
vn 0.6772431 0.067563 0.7326508
vn 0.897513 0.1766012 -0.4040821
vn -0.6623961 -0.1242947 -0.7387707
vn -0.89608 -0.1778358 0.4067125
vn 0.6628442 0.1228696 0.7386072
vn 0.9489007 0.1239709 -0.2902045
vn -0.657313 -0.1460645 -0.7393273
vn -0.9481682 -0.1248976 0.2921948
vn 0.6581434 0.1435736 0.7390764
vn 0.9394425 0.1365925 -0.3143093
vn -0.6409435 -0.2010508 -0.7407902
vn -0.9373611 -0.1389758 0.3194371
vn 0.6416169 0.1992593 0.7406912
vn 0.9958068 0.03420363 -0.0848471
vn -0.6830446 -0.09840646 -0.723717
vn -0.9943229 -0.04042091 0.09842861
vn 0.685431 0.09043215 0.7225001
vn 0.9857484 -0.0667538 0.1544155
vn -0.6834329 -0.1251364 -0.7192082
vn -0.9883878 0.06006767 -0.1395757
vn 0.6862106 0.1165015 0.7180129
vn 0.9603308 -0.1059952 0.2579339
vn -0.6973708 -0.106568 -0.7087434
vn -0.9644485 0.1000377 -0.2446049
vn 0.6998128 0.09863221 0.7074841
vn 0.9264929 -0.1400568 0.3492781
vn -0.7112591 -0.08502842 -0.6977683
vn -0.9332092 0.1331443 -0.3337561
vn 0.7146139 0.07344115 0.6956532
vn 0.9282923 -0.1313995 0.3478617
vn -0.7071203 -0.1267178 -0.6956461
vn -0.935693 0.1236891 -0.3304236
vn 0.7112455 0.1139949 0.693639
vn 0.8899626 -0.1586536 0.4275462
vn -0.7351825 -0.06296277 -0.6749389
vn -0.8975061 0.1525583 -0.4137739
vn 0.7389269 0.04911317 0.6719932
vn -0.9381836 0.1040132 -0.3301405
vn -0.7439036 -0.07640735 -0.6639046
vn 0.9225488 -0.1199502 0.3667637
vn 0.7508087 0.05144049 0.6585137
vn -0.7833951 0.2229331 -0.5801664
vn 0.7984964 -0.200475 0.5676385
vn -0.09984017 0.7702695 0.6298547
vn -0.9911485 -0.1084028 -0.07663906
vn 0.09893088 -0.7698731 -0.6304825
vn 0.9911637 0.1044283 0.08178791
vn -0.7656809 0.3007174 -0.5685964
vn 0.8468893 -0.2147685 0.4864699
vn -0.5637178 -0.1921637 -0.8033028
vn -0.9387353 0.1044071 -0.3284437
vn 0.563606 0.1923432 0.8033383
vn 0.9374382 -0.106869 0.3313435
vn -0.762109 0.2299545 -0.6052362
vn -0.8119637 0.2706379 -0.5171751
vn 0.7635671 -0.2359166 0.6010895
vn 0.8048592 -0.2775492 0.5245649
vn -0.7518004 0.18031 -0.634259
vn 0 0 0
vn 0.7517988 -0.1803192 0.6342583
vn 0.8407078 -0.2394469 0.4856703
vn -0.6740276 0.2087941 -0.7085844
vn -0.8413331 0.2255738 -0.4911977
vn 0.6740266 -0.2088115 0.7085802
vn 0 0 0
vn 0.2350722 -0.2809224 -0.9304965
vn -0.8754947 -0.408634 -0.2579288
vn -0.2284795 0.2781406 0.9329711
vn 0.8772361 0.4027486 0.2612478
vn -0.2677139 -0.04824525 -0.9622898
vn -0.905457 -0.2005851 -0.3740498
vn 0.270902 0.0465784 0.9614794
vn 0.9057434 0.1917368 0.3779761
vn -0.06179181 -0.1557666 -0.9858593
vn -0.8930388 -0.3200974 -0.3162584
vn 0.0580232 0.15754 0.9858065
vn 0.8939386 0.3148777 0.3189449
vn -0.1350439 -0.1278028 -0.9825628
vn -0.8933393 -0.3290616 -0.3060448
vn 0.1274976 0.1313828 0.9830986
vn 0.8956628 0.3163725 0.3125646
vn -0.3830487 -0.009215756 -0.9236822
vn -0.8884091 0.03830058 -0.4574519
vn 0.3993554 0.0005036984 0.9167961
vn 0.8885978 -0.03737202 0.4571621
vn -0.1405532 -0.1298723 -0.9815182
vn -0.9018773 -0.05669858 -0.4282553
vn 0.1405714 0.1298721 0.9815156
vn 0.9018746 0.05669942 0.428261
vn 0.09581206 -0.2345394 -0.9673734
vn -0.9069851 -0.1113757 -0.4061694
vn -0.09787245 0.2353926 0.9669598
vn 0.906835 0.1087328 0.4072192
vn 0.5180359 -0.3832405 -0.7646996
vn -0.8846033 0.05329997 -0.4632883
vn -0.5181752 0.383282 0.7645844
vn 0.8819259 -0.06497012 0.4668894
vn 0.6316944 -0.4053539 -0.6607953
vn -0.9119331 -0.1282386 -0.3897857
vn -0.6243367 0.4039484 0.6686026
vn 0.9111736 0.1097398 0.3971396
vn 0.2113647 -0.2932261 -0.9323859
vn -0.9162239 -0.130364 -0.3788655
vn -0.2124966 0.2935948 0.9320125
vn 0.915848 0.1178509 0.3838408
vn -0.8115735 0.5829129 -0.03951067
vn -0.9553487 0.0425738 -0.2923978
vn 0.8161368 -0.5758153 0.04855568
vn 0.9554357 -0.04236822 0.292143
vn -0.881807 0.1630897 -0.4425134
vn 0.8549482 -0.2810338 0.435986
vn -0.8054996 -0.07057818 -0.5883785
vn -0.9287909 0.0963624 -0.3578574
vn 0.8082569 0.06478448 0.5852553
vn 0.9269646 -0.09950405 0.3617121
vn -0.8534619 0.04195823 -0.5194636
vn -0.9337513 0.08494557 -0.3476964
vn 0.8546777 -0.04560238 0.5171523
vn 0.9325354 -0.08713875 0.3504066
vn 0 0 0
vn -0.9340103 0.08303633 -0.3474619
vn 0.8610961 -0.06326792 0.5044904
vn 0.9340122 -0.08301853 0.347461
vn -0.8278739 0.170577 -0.5343484
vn -0.9255862 0.1794444 -0.3333014
vn 0.7157593 -0.2886682 0.6358926
vn 0.9286951 -0.3029373 0.2139025
vn -0.7821651 0.2715116 -0.5608023
vn -0.9072856 0.2550577 -0.3343331
vn 0.7792801 -0.2744356 0.5633895
vn 0.9066229 -0.246874 0.3421815
vn -0.8121913 0.2356293 -0.5336892
vn -0.9025492 0.2164995 -0.3722002
vn 0.8121903 -0.2356382 0.5336868
vn 0 0 0
vn -0.217713 -0.2719707 -0.9373543
vn -0.8576401 -0.5138729 -0.01970233
vn 0.2776356 0.2426777 0.92953
vn 0.9020584 0.4234238 0.08368374
vn -0.6073291 -0.1207225 -0.7852245
vn -0.929189 -0.309801 -0.2015715
vn 0.6087447 0.1198339 0.7842638
vn 0.9307073 0.3017413 0.2067271
vn -0.4038123 -0.2346742 -0.8842306
vn -0.8570704 -0.5118822 -0.05836819
vn 0.4026208 0.2352604 0.884618
vn 0.855661 0.514462 0.05633233
vn -0.1234193 -0.3507628 -0.9282959
vn -0.8963021 -0.4274633 -0.1179732
vn 0.118437 0.3524904 0.9282905
vn 0.8976906 0.4238081 0.120575
vn 0.04861631 -0.4050519 -0.9130003
vn -0.9441792 -0.208627 -0.2549515
vn -0.05071181 0.4056187 0.9126346
vn 0.944329 0.2061919 0.2563742
vn -0.2954942 -0.2883482 -0.91079
vn -0.9381186 -0.04428264 -0.3434714
vn 0.297812 0.28738 0.9103411
vn 0.9377264 0.04148395 0.344889
vn -0.5369439 -0.1714823 -0.8260056
vn 0.9208069 -0.04548713 0.3873571
vn 0.536965 0.1714721 0.825994
vn 0.9208072 -0.04548419 0.3873569
vn 0.1467866 -0.2206102 -0.9642535
vn -0.8719937 0.22858 -0.4328722
vn -0.1715708 0.2228839 0.9596282
vn 0.8139207 -0.3719997 0.4462616
vn 0.9429077 -0.2378567 -0.2331295
vn -0.8749655 0.1958817 -0.4427931
vn -0.9429009 0.237872 0.2331414
vn -0.8749442 0.1959824 -0.4427909
vn 0.5505678 -0.1502034 0.8211663
vn -0.8981302 -0.01432765 -0.4394963
vn -0.6051137 0.1580944 -0.7802843
vn 0.8749846 -0.2102341 0.4361235
vn -0.8549482 0.2810338 -0.4359859
vn 0.8952332 -0.09716427 0.4348755
vn -0.2796366 0.7868631 0.5501363
vn 0.2099181 -0.5689247 0.7951472
vn 0.2800849 -0.7869167 -0.5498314
vn -0.2090475 0.5691801 -0.7951938
vn -0.8726498 0.1132087 -0.4750432
vn 0.8471931 -0.1803786 0.4997273
vn -0.8659922 0.2803913 -0.4140509
vn 0 0 0
vn 0.8659656 -0.2804619 0.4140588
vn -0.7863056 0.2433899 -0.5678776
vn -0.9643714 -0.1648511 0.2069105
vn 0.7227173 0.1513457 0.6743695
vn 0.992021 0.09451579 -0.0834336
vn -0.6552548 -0.2829278 -0.7004235
vn -0.9643326 0.02935183 -0.263061
vn 0.8204013 -0.006200721 0.5717546
vn 0.9611549 -0.03531549 0.2737408
vn -0.8186048 -0.0001425745 -0.5743572
vn -0.9392573 0.06795345 -0.3364194
vn 0.8392546 -0.07647053 0.5383344
vn 0.939258 -0.06794245 0.3364197
vn 0 0 0
vn -0.9246892 0.3215489 0.2038533
vn 0.6280937 -0.5069722 0.59032
vn 0.8964139 -0.3405516 -0.2836665
vn -0.7157982 0.3875499 -0.5808943
vn -0.9116797 0.2066285 -0.3551688
vn 0 0 0
vn 0.9116804 -0.2066246 0.3551692
vn -0.818011 0.2356728 -0.524706
vn -0.9010398 -0.3761851 0.2158985
vn 0.7168644 0.08859263 0.6915612
vn 0.9460191 0.3023041 -0.116877
vn -0.614852 -0.2335087 -0.75328
vn -0.5855017 -0.5979035 0.5474479
vn 0.5382025 0.366329 0.7590397
vn 0.5881864 0.5971209 -0.5454203
vn -0.5407365 -0.3638382 -0.7584364
vn -0.9565104 -0.2912356 0.01642672
vn 0.5678716 0.3403577 0.7494521
vn 0.9559896 0.2928093 -0.018618
vn -0.570088 -0.3380657 -0.7488066
vn -0.9726017 -0.2228864 -0.06608767
vn 0.4821858 0.4238384 0.7667189
vn 0.9733292 0.2173415 0.07343712
vn -0.4940868 -0.4133047 -0.7648905
vn -0.9578565 -0.04284739 -0.2840337
vn 0.7841304 0.06737852 0.6169277
vn 0.954027 0.03067794 0.2981465
vn -0.7800945 -0.07456849 -0.6212022
vn -0.8932466 0.0913085 -0.4401968
vn 0.8600744 -0.09412482 0.5014107
vn 0.8923435 -0.09273696 0.4417273
vn -0.8584333 0.08924238 -0.5051022
vn -0.9242153 0.03225047 -0.3805075
vn 0.8405592 -0.03954497 0.5402744
vn 0.9242157 -0.03223442 0.380508
vn 0 0 0
vn -0.9211601 0.1139308 -0.3721342
vn 0.7321846 -0.2958813 0.6134819
vn 0.9509878 -0.2121916 0.2249379
vn -0.835696 0.1252438 -0.5347206
vn 0.7104805 0.06055212 0.701107
vn -0.9433714 0.01618837 -0.3313434
vn -0.713152 -0.05630244 -0.6987448
vn 0.9423161 -0.01893891 0.3341883
vn -0.831906 0.2047514 -0.515761
vn -0.8604739 0.1262504 -0.4936046
vn -0.7619786 0.02010437 -0.6472902
vn -0.9257646 0.05749298 -0.373704
vn 0.7642767 -0.02450778 0.6444227
vn 0.921201 -0.06703085 0.3832696
vn -0.7936487 0.06257703 -0.6051496
vn -0.9286873 0.04703293 -0.3678695
vn 0.7955896 -0.06680439 0.6021416
vn 0.9187287 -0.06802341 0.3889865
vn 0 0 0
vn -0.9014967 0.09832834 -0.421468
vn 0.8144283 -0.09451573 0.5725149
vn 0.9014916 -0.09835377 0.421473
vn -0.815973 0.1031727 -0.5688089
vn -0.9000776 0.1045673 -0.4229966
vn 0 0 0
vn 0.8931628 -0.1563305 0.4216882
vn -0.7589518 -0.04104633 -0.6498519
vn -0.9747869 -0.1024914 -0.1982072
vn 0.7606446 0.037875 0.6480628
vn 0.9740255 0.09733599 0.2044503
vn -0.660501 -0.2003905 -0.7235898
vn -0.9519433 -0.300229 0.06055122
vn 0.6580235 0.203658 0.7249334
vn 0.9534997 0.2963139 -0.05510497
vn -0.7999539 0.02331318 -0.5996084
vn -0.9581754 -0.02861043 -0.2847481
vn 0.8016964 -0.02721736 0.5971115
vn 0.9546039 0.0176689 0.2973539
vn -0.7374895 -0.1072511 -0.6667881
vn -0.9723834 -0.08872331 -0.2158672
vn 0.7371981 0.1076894 0.6670397
vn 0.9705033 0.07871395 0.2278761
vn -0.818443 0.03277221 -0.5736524
vn -0.9448093 0.00274382 -0.3276093
vn 0.8211043 -0.03907842 0.5694388
vn 0.9407265 -0.01277826 0.3389255
vn -0.8553813 0.1195244 -0.5040208
vn -0.8905466 0.1005734 -0.4436348
vn 0.8572447 -0.1257145 0.4993269
vn 0.8833688 -0.1116233 0.4551921
vn 0 0 0
vn -0.9435609 -0.005555287 -0.3311525
vn 0.8385297 -0.06518089 0.5409431
vn 0.9435648 0.005570475 0.3311413
vn -0.8377485 0.1705174 -0.5187497
vn -0.9714139 0.07750382 -0.2243842
vn 0.7933816 -0.3313906 0.5106133
vn 0.9892491 -0.08559499 0.1185741
vn 0.8099781 0.06238801 0.5831323
vn -0.9207763 0.09113532 -0.3792958
vn -0.8118883 -0.05841892 -0.5808826
vn 0.9183761 -0.09520302 0.3840857
vn -0.8817788 0.1491548 -0.4474584
vn -0.8757734 0.07294846 -0.4771785
vn -0.7189079 -0.2256233 -0.6574691
vn -0.9806707 -0.06664778 -0.1839651
vn 0.7196834 0.2245217 0.6569976
vn 0.9794726 0.06010818 0.1924075
vn -0.8667405 0.06291788 -0.494775
vn -0.930793 0.06895187 -0.3589847
vn 0.8688788 -0.0698232 0.4900759
vn 0.9332011 -0.06439746 0.3535375
vn 0 0 0
vn -0.9611954 -0.003646377 -0.2758442
vn 0.8652204 -0.06276152 0.497448
vn 0.9611973 0.003651399 0.2758381
vn -0.8759414 0.08446223 -0.4749661
vn -0.9589124 0.07233848 -0.274325
vn 0.8432711 -0.2457123 0.4780369
vn 0.9857061 -0.08487529 0.1455327
vn -0.8630056 0.2200006 -0.4547758
vn -0.9623275 0.1513364 -0.225883
vn 0 0 0
vn 0.9623327 -0.1513407 0.2258579
vn -0.7476397 -0.1580261 -0.6450292
vn -0.693229 -0.4856768 0.5324957
vn 0.8316532 -0.02087153 0.5549031
vn 0.739172 0.4609433 -0.4910765
vn -0.8319775 -0.01533985 -0.5545973
vn -0.9735706 -0.07542399 -0.2155729
vn 0.833621 0.01114142 0.5522244
vn 0.9773905 0.0939341 0.1894314
vn -0.7105237 -0.232293 -0.6642259
vn -0.9808639 -0.1855932 -0.05883247
vn 0.7105148 0.2322929 0.6642354
vn 0.9808659 0.1855899 0.05880962
vn -0.8201275 -0.04421733 -0.5704696
vn -0.9566991 -0.0295211 -0.2895781
vn 0.8232892 0.0367914 0.5664285
vn 0.9518604 0.01732617 0.3060417
vn 0 0 0
vn -0.9554968 -0.03170993 -0.2932926
vn 0.8535843 -0.02975243 0.5201045
vn 0.9555006 0.03170384 0.2932806
vn -0.7692375 0.4040139 -0.4950218
vn -0.9913126 0.07777388 0.1060691
vn 0.691725 -0.5469958 0.4714999
vn 0.9794765 -0.08521205 -0.1826602
vn -0.1004407 0.9884437 0.1135381
vn 0.8911207 0.03026015 0.4527563
vn 0.1005925 -0.9884129 -0.1136706
vn -0.8941667 -0.0311281 -0.4466509
vn 0.83185 0.1014905 -0.5456421
vn 0.7380717 0.1218588 -0.6636269
vn -0.02198617 0.9986356 0.04736514
vn 0.9957026 0.09253986 -0.003583194
vn 0.02109665 -0.9986899 -0.04661922
vn -0.9953851 -0.09412299 0.01869727
vn -0.08011932 0.9921104 0.09642529
vn 0.9452335 0.06063796 0.320713
vn 0.0795393 -0.9922037 -0.09594534
vn -0.9475582 -0.06169978 -0.3135706
vn -0.01638727 0.9986875 0.04852643
vn 0.5699215 -0.03719604 0.8208569
vn 0.01472717 -0.9987759 -0.04722206
vn -0.568149 0.03756273 -0.822068
vn -0.05195538 0.9955605 0.0784857
vn 0.2299148 -0.1048133 0.9675502
vn 0.04890826 -0.9958905 -0.07622485
vn -0.2253742 0.1055688 -0.9685359
vn -0.2122244 0.9577242 0.1942299
vn -0.6253946 -0.2067718 0.7524141
vn 0.2137456 -0.9571705 -0.1952879
vn 0.6378095 0.2070274 -0.7418483
vn -0.7929232 0.2067536 0.5731717
vn -0.7469319 -0.2091043 0.6311643
vn 0.7929217 -0.2067838 -0.5731629
vn -0.7468528 -0.2090836 0.6312647
vn -0.2622268 0.9292846 -0.2601291
vn -0.2994565 -0.2927661 -0.9080825
vn 0.2550062 -0.9297487 0.2655923
vn 0.2465106 0.2755076 0.9291546
vn -0.2261265 0.9353123 -0.2721355
vn -0.5951362 -0.3707873 -0.7129725
vn 0.2229271 -0.935488 0.2741634
vn 0.5941574 0.3706365 0.7138667
vn -0.1462895 0.9351808 -0.3225466
vn -0.5461663 -0.3602083 -0.7562754
vn 0.1415211 -0.9349309 0.3253862
vn 0.546154 0.3602197 0.7562788
vn -0.2412307 0.9342668 -0.2625898
vn -0.6314138 -0.3660767 -0.6835968
vn 0.2394946 -0.934402 0.2636953
vn 0.6330916 0.3662075 0.681973
vn -0.4284362 0.8494288 0.3080798
vn 0.7580734 -0.1304205 0.6389954
vn 0.4325991 -0.8471994 -0.3084011
vn -0.7603391 0.1296278 -0.6364599
vn -0.9773798 -0.1236485 0.1715806
vn 0.9773721 0.09287686 -0.190047
vn -0.647384 0.6952518 0.3122801
vn 0.9148214 -0.04443953 0.401406
vn 0.6582882 -0.6850839 -0.3119566
vn -0.9150993 0.04425465 -0.4007927
vn 0.9832993 0.1696954 -0.06577305
vn -0.9324271 -0.1842583 0.3108516
vn 0 0 0
vn 0.9324285 0.1842666 -0.3108423
vn -0.9904575 -0.08609518 0.1076176
vn 0.9821265 -0.0700235 -0.1747119
vn -0.9977158 -0.03795909 0.05587744
vn -0.7944574 0.01712319 0.6070785
vn 0.9867089 -0.162406 0.005460225
vn 0.7013112 -0.06677251 -0.7097211
vn -0.9975225 0.02636022 0.0652225
vn -0.9741694 -0.04886372 0.2204687
vn 0 0 0
vn 0.9741695 0.04889892 -0.2204602
vn -0.552772 0.01557649 0.833187
vn -0.7379916 0.4724235 -0.4818552
vn 0.5522474 -0.01767376 -0.8334929
vn 0.7358013 -0.4774469 0.480251
vn -0.7935247 -0.6070805 -0.04209184
vn -0.1123288 -0.9657591 -0.2338623
vn -0.1848215 0.7755238 0.6036587
vn -0.7755434 0.2155591 -0.5933521
vn 0.1339781 -0.8414136 -0.52352
vn 0.786195 -0.1960343 0.5860613
vn -0.1350034 0.9896922 -0.04778764
vn -0.9188008 -0.1768177 -0.3529031
vn 0.1339736 -0.9864738 0.09444904
vn 0.9340999 0.1913086 0.3014276
vn -0.4895139 0.6470715 -0.5845295
vn -0.7571737 -0.09948155 0.6455939
vn 0.5077239 -0.6065854 0.6117766
vn 0.7605122 0.1020771 -0.6412498
vn -0.8940164 0.02084609 -0.4475492
vn -0.1842707 0.3699142 0.9106085
vn 0.8972754 0.01208729 0.4413059
vn 0.2270631 -0.3432531 -0.9113834
vn 0.4040324 0.08805595 -0.9104966
vn 0.4800501 -0.7061396 0.5204988
vn -0.6222512 -0.6923276 -0.3653575
vn 0.6602345 0.699016 0.2747129
vn 0.6626701 -0.7143207 0.2249762
vn -0.4487499 -0.8410385 -0.3021224
vn 0.8730589 -0.04156416 -0.4858402
vn -0.5147814 0.4829929 -0.7083207
vn -0.549818 -0.260064 0.7937676
vn 0.8062643 -0.3403006 0.4838733
vn 0.8252192 -0.3780547 0.4196283
vn -0.5040428 -0.3074847 0.8070898
vn 0.5440539 0.5373504 -0.6444067
vn -0.8527393 0.4838949 -0.196676
vn 0.3293463 -0.1638268 -0.9298881
vn -0.07368612 -0.3227745 -0.9436033
vn -0.241494 0.3293884 0.912789
vn -0.2345254 -0.8556686 -0.461334
vn 0.9835068 -0.03593671 -0.177265
vn 0.2517629 0.1353549 0.9582768
vn -0.2023651 0.2072656 -0.9571255
vn -0.8865476 0.3243372 0.3299071
vn -0.7555014 0.6154004 0.2247221
vn -0.1919868 0.1283338 0.9729704
vn 0.7541437 -0.6207731 -0.214262
vn 0.545548 0.282229 -0.7891288
vn 0.8897591 -0.4406378 0.1190256
vn -0.8820477 0.4533543 -0.128303
vn -0.2337281 0.1442443 0.9615429
vn -0.804633 0.55677 -0.206332
vn -0.3383321 0.01698535 0.9408735
vn 0.787529 -0.5753278 0.2208982
vn -0.7314845 -0.6814551 -0.02344003
vn 0.6338379 0.08716813 -0.7685383
vn 0.8224145 -0.3955121 0.4089065
vn -0.8297235 0.3820397 -0.4069453
vn -0.5373936 0.04756562 0.8419891
vn 0.7487082 0.5633786 0.3493431
vn -0.5202878 -0.02644627 0.8535814
vn -0.1356571 -0.968681 -0.2079767
vn 0.6261681 -0.5634572 -0.5389151
vn 0.2380559 -0.5831187 0.7767252
vn 0.2642088 0.9596722 0.09603695
vn 0.8481949 -0.2120801 -0.4853737
vn 0.9012609 -0.279827 0.3307956
vn -0.5091004 -0.8588994 -0.05575568
vn -0.1578077 0.1571206 0.9748896
vn 0.16248 -0.1560924 -0.9742871
vn 0.1953681 0.9787499 -0.06228988
vn 0.5510125 -0.05293763 -0.8328162
vn -0.8031842 0.4980558 -0.3268571
vn -0.530863 0.05929505 0.8453807
vn 0.8768252 0.1224102 0.4649658
vn 0.7361235 -0.4322097 0.5208811
vn -0.7678227 0.369396 -0.5234452
vn 0.4327481 -0.3072879 -0.8475277
vn -0.8747719 -0.18066 -0.4495954
vn -0.6175655 -0.254193 0.744311
vn 0.0712074 -0.9943152 0.07916347
vn 0.8265156 0.0211514 0.5625162
vn -0.5152271 -0.2755669 0.8115442
vn 0.5582508 -0.3234594 -0.7640222
vn -0.7947319 -0.291214 -0.532537
vn 0.3097093 -0.01395076 -0.950729
vn -0.3687464 0.02680975 0.9291433
vn 0.5163521 -0.3573062 0.7782755
vn 0.6927837 -0.100419 0.7141197
vn -0.3007338 0.7026061 0.6449061
vn -0.4332698 -0.895512 0.1016641
vn 0.4594614 0.1039164 -0.8820978
vn -0.6305251 -0.005539718 0.776149
vn -0.08436294 -0.8466312 0.5254509
vn 0.3306745 -0.3949356 0.8571349
vn -0.7424874 0.6237472 0.2442377
vn 0.4231749 0.166577 -0.8906038
vn 0.3080604 0.5350754 -0.786634
vn 0.1453169 0.6280758 0.7644631
vn 0.7920434 -0.4639207 0.3967931
vn 0.4677902 -0.007067007 0.8838113
vn -0.4932183 -0.3132154 0.8115614
vn 0.2575092 0.6342963 -0.7289426
vn 0.2759801 0.2664602 -0.9234901
vn 0.4745804 0.8206982 -0.3181632
vn 0.6516814 -0.6770784 -0.3418717
vn 0.8500295 -0.4707316 0.2363507
vn -0.7184576 0.5475722 0.4289331
vn 0.6922804 -0.5058157 -0.5146829
vn 0.7745485 0.5236531 0.3547706
vn 0.6308234 -0.753655 0.1845701
vn 0.4046222 -0.8562697 0.3210654
vn -0.8254246 0.3291541 -0.4586197
vn -0.1253722 -0.0792301 0.9889411
vn 0.3369277 0.9369966 -0.09228814
vn -0.8296679 0.3352138 -0.4464112
vn 0.2768472 -0.6349283 0.7212641
vn 0.2886803 -0.8234456 -0.4884682
vn -0.8202435 0.3780949 -0.4292375
vn -0.4456837 -0.5322489 0.7197759
vn 0.1760516 0.6480937 0.7409322
vn -0.8366905 0.3753956 -0.3987822
vn 0.296297 -0.8025324 -0.5178319
vn -0.8962387 0.1350098 -0.4225262
vn 0.2764542 -0.06976558 0.9584915
vn 0.8980856 -0.1405565 0.4167568
vn -0.2782423 0.06737863 -0.9581447
vn -0.9489075 0.04010554 -0.3129953
vn 0.5213279 0.3558848 0.7756052
vn -0.883705 0.4604729 -0.08384626
vn -0.6580086 -0.7491684 -0.07597089
vn 0.882602 -0.463603 0.0780127
vn 0.6664975 0.7343888 0.1282745
vn -0.5549725 -0.08173945 -0.8278431
vn 0.39032 0.003543326 0.9206724
vn -0.5549753 -0.08173069 -0.8278421
vn -0.3903234 -0.003535489 -0.920671
vn 0.5360773 -0.1035855 0.8377895
vn -0.8881117 0.1151488 0.4449701
vn 0.5360785 -0.1035798 0.8377895
vn 0.8881158 -0.1151494 -0.4449618
vn 0.1909555 0.978597 0.07670687
vn -0.5072497 0.009590509 0.8617458
vn -0.1949988 -0.9775449 -0.07988407
vn 0.5308256 -0.01304908 -0.8473807
vt 0.1206242 -0.06953543
vt 0.1193858 -0.06511037
vt 0.1149349 -0.06395267
vt 0.1117222 -0.06722003
vt 0.1129606 -0.07164509
vt 0.1174115 -0.0728028
vt -0.1151176 -0.07141094
vt -0.112444 -0.07072014
vt -0.1117055 -0.06805936
vt -0.1136405 -0.06608938
vt -0.1163141 -0.06678019
vt -0.1170527 -0.06944096
vt 0 0
vt 0 0
vt 0 0
vt 0 0
vt 0 0
vt 0 0
vt 0 0
vt 0 0
vt 0 0
vt 0 0
vt 0 0
vt 0 0
vt 0 0
vt 0 0
vt 0 0
vt 0 0
vt 0 0
vt 0 0
vt 0 0
vt 0 0
vt 0 0
vt 0 0
vt 0 0
vt 0 0
vt 0.08869897 0.07737523
vt 0.08443562 0.07566103
vt 0.08377095 0.07111023
vt 0.08736962 0.06827365
vt 0.09163298 0.06998785
vt 0.09229766 0.07453863
vt -0.09116464 0.07210644
vt -0.09076996 0.06937341
vt -0.08820576 0.06834871
vt -0.08603624 0.07005702
vt -0.08643092 0.07279004
vt -0.08899511 0.07381474
vt 0 0
vt 0 0
vt 0 0
vt 0 0
vt 0 0
vt 0 0
vt 0 0
vt 0 0
vt 0 0
vt 0 0
vt 0 0
vt 0 0
vt 0 0
vt 0 0
vt 0 0
vt 0 0
vt 0 0
vt 0 0
vt 0 0
vt 0 0
vt 0 0
vt 0 0
vt 0 0
vt 0 0
vt 0.009802805 0.01229453
vt 0.00715152 0.008541493
vt 0.009062198 0.00435809
vt 0.01362416 0.003927736
vt 0.01627545 0.007680784
vt 0.01436478 0.01186418
vt -0.0147326 0.009206348
vt -0.01588385 0.006696412
vt -0.01428581 0.004444429
vt -0.01153652 0.004702385
vt -0.01038527 0.007212323
vt -0.01198331 0.009464304
vt 0 0
vt 0 0
vt 0 0
vt 0 0
vt 0 0
vt 0 0
vt 0 0
vt 0 0
vt 0 0
vt 0 0
vt 0 0
vt 0 0
vt 0 0
vt 0 0
vt 0 0
vt 0 0
vt 0 0
vt 0 0
vt 0 0
vt 0 0
vt 0 0
vt 0 0
vt 0 0
vt 0 0
vt -0.1462682 0.0002049284
vt -0.1484421 -0.003843398
vt -0.1460356 -0.007762598
vt -0.1414552 -0.007633469
vt -0.1392813 -0.003585141
vt -0.1416878 0.0003340586
vt 0.1409987 -0.002259084
vt 0.1395499 -0.004609912
vt 0.1408615 -0.007039951
vt 0.1436217 -0.007119161
vt 0.1450704 -0.004768333
vt 0.1437589 -0.002338294
vt 0 0
vt 0 0
vt 0 0
vt 0 0
vt 0 0
vt 0 0
vt 0 0
vt 0 0
vt 0 0
vt 0 0
vt 0 0
vt 0 0
vt 0 0
vt 0 0
vt 0 0
vt 0 0
vt 0 0
vt 0 0
vt 0 0
vt 0 0
vt 0 0
vt 0 0
vt 0 0
vt 0 0
vt -0.0865062 0.06383564
vt -0.09120463 0.06010405
vt -0.09406067 0.06370007
vt -0.08936224 0.06743167
vt 0.00140771 -0.05285849
vt 0.006180255 -0.05168272
vt 0.00807524 -0.04930428
vt 0.00330269 -0.05048006
vt 0.102103 0.1048524
vt 0.09910312 0.1048213
vt 0.09905554 0.1094133
vt 0.1020554 0.1094443
vt -0.1002122 -0.003289792
vt -0.1031821 0.0006267423
vt -0.1031587 0.003667689
vt -0.1001888 -0.000248846
vt 0.1673053 0.0007306902
vt 0.1696663 -0.001120066
vt 0.1724993 0.002494119
vt 0.1701383 0.004344873
vt -0.1704939 0.0007846226
vt -0.1752343 -0.002893395
vt -0.1770985 -0.0004907266
vt -0.172358 0.003187291
vt -0.1132814 -0.09586406
vt -0.1103407 -0.101094
vt -0.104341 -0.1011622
vt -0.1012821 -0.09600053
vt -0.1042228 -0.09077059
vt -0.1102225 -0.09070236
vt 0.09799777 -0.09357966
vt 0.09201441 -0.09371118
vt 0.08902431 -0.09874889
vt 0.09201757 -0.1036551
vt 0.09800093 -0.1035235
vt 0.100991 -0.09848584
vt 0 0
vt 0 0
vt 0 0
vt 0 0
vt 0 0
vt 0 0
vt 0 0
vt 0 0
vt 0 0
vt 0 0
vt 0 0
vt 0 0
vt 0 0
vt 0 0
vt 0 0
vt 0 0
vt 0 0
vt 0 0
vt 0 0
vt 0 0
vt 0 0
vt 0 0
vt 0 0
vt 0 0
vt -0.1066841 -0.03522759
vt -0.1059092 -0.03848171
vt -0.1042526 -0.03986567
vt -0.1050275 -0.03661155
vt 0.1527459 0.02535775
vt 0.1547976 0.02234095
vt 0.1533773 0.02029089
vt 0.1513256 0.02330769
vt 0.0419741 0.1373633
vt 0.04495146 0.1346984
vt 0.04380073 0.1324459
vt 0.04082338 0.1351107
vt 0.09557147 0.04440088
vt 0.09598188 0.04679229
vt 0.09554043 0.04449943
vt 0.09513002 0.04210801
vt 0.1239655 -0.0004507172
vt 0.1286098 -0.0009746103
vt 0.1280264 0.002971073
vt 0.1233821 0.003494965
vt -0.1193288 -0.003681434
vt -0.1240155 -0.004089611
vt -0.1251508 -0.006587324
vt -0.1204641 -0.006179136
vt 0 0
vt 0 0
vt 0 0
vt 0 0
vt 0 0
vt 0 0
vt 0 0
vt 0 0
vt 0 0
vt 0 0
vt 0 0
vt 0 0
vt 0 0
vt 0 0
vt 0 0
vt 0 0
vt 0 0
vt 0 0
vt 0 0
vt 0 0
vt 0 0
vt 0 0
vt 0 0
vt 0 0
vt 0 0
vt 0 0
vt 0 0
vt 0 0
vt 0 0
vt 0 0
vt 0 0
vt 0 0
vt 0 0
vt 0 0
vt 0 0
vt 0 0
vt 0 0
vt 0 0
vt 0 0
vt 0 0
vt 0 0
vt 0 0
vt 0 0
vt 0 0
vt 0 0
vt 0 0
vt 0 0
vt 0 0
vt -0.1044084 0.0717022
vt -0.1069146 0.06737565
vt -0.110226 0.0692938
vt -0.1077198 0.07362035
vt 4.717099E-05 0.00678122
vt 0.004103501 0.00735016
vt 0.005876633 0.009160735
vt 0.001820303 0.008591795
vt 0.129591 0.08344994
vt 0.127277 0.08439603
vt 0.1287252 0.08793825
vt 0.1310392 0.08699216
vt -0.09331056 0.03497182
vt -0.09633315 0.03773615
vt -0.09677062 0.0402323
vt -0.09374804 0.03746797
vt 0.147727 -0.01767415
vt 0.1487874 -0.01993816
vt 0.152253 -0.01831507
vt 0.1511926 -0.01605107
vt -0.1525615 -0.005665263
vt -0.1550607 -0.009995887
vt -0.1572556 -0.008729221
vt -0.1547565 -0.004398599
vt -0.08633848 -0.06070777
vt -0.08309843 -0.06451593
vt -0.07818045 -0.06361406
vt -0.07650249 -0.05890401
vt -0.07974254 -0.05509584
vt -0.08466053 -0.05599772
vt 0.08389704 -0.05479216
vt 0.07897998 -0.05388588
vt 0.07576887 -0.05755829
vt 0.07747479 -0.06213697
vt 0.08239184 -0.06304325
vt 0.08560297 -0.05937085
vt 0 0
vt 0 0
vt 0 0
vt 0 0
vt 0 0
vt 0 0
vt 0 0
vt 0 0
vt 0 0
vt 0 0
vt 0 0
vt 0 0
vt 0 0
vt 0 0
vt 0 0
vt 0 0
vt 0 0
vt 0 0
vt 0 0
vt 0 0
vt 0 0
vt 0 0
vt 0 0
vt 0 0
vt -0.05375738 0.113332
vt -0.05820828 0.1073101
vt -0.05524165 0.1004274
vt -0.04782412 0.09956667
vt -0.04337322 0.1055886
vt -0.04633983 0.1124712
vt 0.04583354 0.1081281
vt 0.04404566 0.1039985
vt 0.04672805 0.1003854
vt 0.05119831 0.1009018
vt 0.05298619 0.1050314
vt 0.05030379 0.1086445
vt 0 0
vt 0 0
vt 0 0
vt 0 0
vt 0 0
vt 0 0
vt 0 0
vt 0 0
vt 0 0
vt 0 0
vt 0 0
vt 0 0
vt 0 0
vt 0 0
vt 0 0
vt 0 0
vt 0 0
vt 0 0
vt 0 0
vt 0 0
vt 0 0
vt 0 0
vt 0 0
vt 0 0
vt -0.1541606 0.0141486
vt -0.1522768 0.01207147
vt -0.1513429 0.01156985
vt -0.1532268 0.01364697
vt 0.06918798 0.01726709
vt 0.06899343 0.01521959
vt 0.06717679 0.01541814
vt 0.06737134 0.01746564
vt -0.1406634 -0.04853987
vt -0.1426879 -0.04745182
vt -0.142657 -0.04576993
vt -0.1406325 -0.04685798
vt 0.04477552 0.107405
vt 0.04542005 0.107394
vt 0.04362614 0.1073772
vt 0.04298162 0.1073882
vt 0.00273178 0.0539455
vt 0.003306936 0.05089093
vt 0.004635785 0.05232986
vt 0.004060633 0.05538443
vt -0.003952059 0.04767037
vt -0.005697205 0.05030588
vt -0.004308458 0.04985274
vt -0.002563316 0.04721722
vt 0 0
vt 0 0
vt 0 0
vt 0 0
vt 0 0
vt 0 0
vt 0 0
vt 0 0
vt 0 0
vt 0 0
vt 0 0
vt 0 0
vt 0 0
vt 0 0
vt 0 0
vt 0 0
vt 0 0
vt 0 0
vt 0 0
vt 0 0
vt 0 0
vt 0 0
vt 0 0
vt 0 0
vt 0 0
vt 0 0
vt 0 0
vt 0 0
vt 0 0
vt 0 0
vt 0 0
vt 0 0
vt 0 0
vt 0 0
vt 0 0
vt 0 0
vt 0 0
vt 0 0
vt 0 0
vt 0 0
vt 0 0
vt 0 0
vt 0 0
vt 0 0
vt 0 0
vt 0 0
vt 0 0
vt 0 0
vt 0 0
vt 0 0
vt 0 0
vt 0 0
vt 0 0
vt 0 0
vt 0 0
vt 0 0
vt 0 0
vt 0 0
vt 0 0
vt 0 0
vt 0 0
vt 0 0
vt 0 0
vt 0 0
vt 0 0
vt 0 0
vt 0 0
vt 0 0
vt 0 0
vt 0 0
vt 0 0
vt 0 0
vt 0 0
vt 0 0
vt 0 0
vt 0 0
vt 0 0
vt 0 0
vt 0 0
vt 0 0
vt 0 0
vt 0 0
vt 0 0
vt 0 0
vt 0 0
vt 0 0
vt 0 0
vt 0 0
vt 0 0
vt 0 0
vt 0 0
vt 0 0
vt 0 0
vt 0 0
vt 0 0
vt 0 0
vt -0.1674512 0.002450924
vt -0.1691697 -0.002244472
vt -0.1727634 -0.0009291727
vt -0.1710449 0.003766223
vt 0.1500065 0.03330991
vt 0.1541 0.03316633
vt 0.1561604 0.03464175
vt 0.1520669 0.03478534
vt -0.05651223 0.1667507
vt -0.05899144 0.1670724
vt -0.058499 0.1708674
vt -0.05601979 0.1705457
vt 0.07626297 0.09045681
vt 0.07362871 0.0935934
vt 0.07352212 0.09612535
vt 0.07615639 0.09298876
vt 0.1419057 0.07314996
vt 0.1427303 0.07078989
vt 0.1463429 0.07205217
vt 0.1455183 0.07441225
vt -0.03236935 0.04350907
vt -0.03501863 0.03926864
vt -0.03716785 0.0406114
vt -0.03451856 0.04485183
vt 0.07088245 -0.02055588
vt 0.07355426 -0.02478216
vt 0.07855023 -0.02458144
vt 0.08087439 -0.02015445
vt 0.07820258 -0.01592817
vt 0.0732066 -0.01612888
vt -0.06788082 -0.01762382
vt -0.07284667 -0.01747272
vt -0.07554274 -0.02165903
vt -0.07327297 -0.02599643
vt -0.06830712 -0.02614751
vt -0.06561105 -0.02196121
vt 0 0
vt 0 0
vt 0 0
vt 0 0
vt 0 0
vt 0 0
vt 0 0
vt 0 0
vt 0 0
vt 0 0
vt 0 0
vt 0 0
vt 0 0
vt 0 0
vt 0 0
vt 0 0
vt 0 0
vt 0 0
vt 0 0
vt 0 0
vt 0 0
vt 0 0
vt 0 0
vt 0 0
vt -0.1357761 -0.0543857
vt -0.1307542 -0.05110236
vt -0.1282413 -0.05494596
vt -0.1332632 -0.05822931
vt 0.1740171 0.04214615
vt 0.1696039 0.03998203
vt 0.1682582 0.03725491
vt 0.1726714 0.03941903
vt -0.1471521 0.09605123
vt -0.1444052 0.09484501
vt -0.1462516 0.09064035
vt -0.1489985 0.09184657
vt 0.1704579 0.02543748
vt 0.1744755 0.02260577
vt 0.1753751 0.01970085
vt 0.1713575 0.02253256
vt 0.001016149 0.04152348
vt -0.001008985 0.0437368
vt -0.004397002 0.04063686
vt -0.002371878 0.03842353
vt 0.1189952 -0.04216388
vt 0.1224057 -0.03722744
vt 0.1249077 -0.03895602
vt 0.1214972 -0.04389247
vt 0.1912669 0.01750849
vt 0.1864419 0.02107489
vt 0.1809408 0.01867951
vt 0.1802647 0.01271771
vt 0.1850897 0.009151315
vt 0.1905908 0.0115467
vt -0.1751324 -0.002404085
vt -0.1706325 -0.004638291
vt -0.1665305 -0.0009554949
vt -0.1669284 0.004961508
vt -0.1714282 0.007195699
vt -0.1755303 0.00351291
vt 0 0
vt 0 0
vt 0 0
vt 0 0
vt 0 0
vt 0 0
vt 0 0
vt 0 0
vt 0 0
vt 0 0
vt 0 0
vt 0 0
vt 0 0
vt 0 0
vt 0 0
vt 0 0
vt 0 0
vt 0 0
vt 0 0
vt 0 0
vt 0 0
vt 0 0
vt 0 0
vt 0 0
vt 0.1382263 -0.03156792
vt 0.140579 -0.03201144
vt 0.1404855 -0.03077566
vt 0.1382263 -0.03156792
vt 0.140042 -0.03312837
vt 0.140579 -0.03201144
vt 0.1382263 -0.03156792
vt 0.1390185 -0.03382717
vt 0.140042 -0.03312837
vt 0.1382263 -0.03156792
vt 0.1377828 -0.03392062
vt 0.1390185 -0.03382717
vt 0.1382263 -0.03156792
vt 0.1366658 -0.03338366
vt 0.1377828 -0.03392062
vt 0.1382263 -0.03156792
vt 0.135967 -0.03236017
vt 0.1366658 -0.03338366
vt 0.1382263 -0.03156792
vt 0.1358736 -0.0311244
vt 0.135967 -0.03236017
vt 0.1382263 -0.03156792
vt 0.1364105 -0.03000747
vt 0.1358736 -0.0311244
vt 0.1382263 -0.03156792
vt 0.137434 -0.02930867
vt 0.1364105 -0.03000747
vt 0.1382263 -0.03156792
vt 0.1386698 -0.02921522
vt 0.137434 -0.02930867
vt 0.1382263 -0.03156792
vt 0.1397867 -0.02975218
vt 0.1386698 -0.02921522
vt 0.1382263 -0.03156792
vt 0.1404855 -0.03077566
vt 0.1397867 -0.02975218
vt 0.101182 -0.07229151
vt 0.1009195 -0.07349771
vt 0.1030816 -0.0744809
vt 0.1035749 -0.07221398
vt 0.1058895 -0.0549361
vt 0.1051135 -0.05589609
vt 0.1066041 -0.05774524
vt 0.1080626 -0.05594105
vt 0.1176664 -0.0363438
vt 0.116559 -0.03688905
vt 0.117135 -0.03919325
vt 0.1192164 -0.03816851
vt 0.1309922 -0.02211422
vt 0.1297583 -0.02215077
vt 0.1293263 -0.02448626
vt 0.1316453 -0.02441758
vt 0.1413839 -0.0127728
vt 0.1402466 -0.01229283
vt 0.1388824 -0.01423703
vt 0.1410198 -0.01513909
vt 0.1466157 -0.005166038
vt 0.1457803 -0.004257212
vt 0.143732 -0.005459541
vt 0.145302 -0.007167575
vt 0.1474893 0.003288154
vt 0.147109 0.004462571
vt 0.1447459 0.004224047
vt 0.1454605 0.002016868
vt 0.1468347 0.01043711
vt 0.1470056 0.01165966
vt 0.1447757 0.01247726
vt 0.1444545 0.01017963
vt 0.1472784 0.007725444
vt 0.1480347 0.008701091
vt 0.1465066 0.01051938
vt 0.1450853 0.008685755
vt 0.1460199 -0.0170822
vt 0.1472151 -0.01677333
vt 0.1471192 -0.01440016
vt 0.1448731 -0.01498063
vt 0.1308695 -0.05753298
vt 0.1319364 -0.05815399
vt 0.1335373 -0.05639952
vt 0.1315323 -0.05523241
vt 0.1094789 -0.07787183
vt 0.1098894 -0.07903601
vt 0.1122456 -0.07873649
vt 0.1114741 -0.07654852
vt 0.04205113 -0.09082289
vt 0.04098143 -0.09285523
vt 0.04290946 -0.0942274
vt 0.04435067 -0.09148924
vt 0.06497483 -0.05077435
vt 0.06332721 -0.05237436
vt 0.06473419 -0.05427713
vt 0.06695402 -0.05212147
vt 0.09469411 -0.01683107
vt 0.09261035 -0.0177968
vt 0.0933096 -0.0200576
vt 0.09611703 -0.01875648
vt 0.1240856 0.0001568485
vt 0.1217925 2.743755E-05
vt 0.121609 -0.002331901
vt 0.1246983 -0.002157542
vt 0.1433869 0.001577689
vt 0.1412265 0.002357018
vt 0.1401332 0.000258239
vt 0.1430439 -0.0007917554
vt 0.1470965 0.002715643
vt 0.1453915 0.004254417
vt 0.1435855 0.002725283
vt 0.1458825 0.0006521048
vt 0.1391999 0.01710824
vt 0.138122 0.01913622
vt 0.1359027 0.01831471
vt 0.137355 0.01558242
vt 0.1274725 0.04412975
vt 0.1270817 0.04639293
vt 0.1247169 0.0463055
vt 0.1252434 0.04325634
vt 0.119828 0.07056434
vt 0.1202075 0.07282941
vt 0.1179467 0.07352884
vt 0.1174354 0.07047709
vt 0.1335121 0.06039419
vt 0.1350557 0.06209474
vt 0.1335317 0.06390517
vt 0.131452 0.06161403
vt 0.09026392 -0.1133591
vt 0.09171049 -0.115143
vt 0.09373126 -0.1139114
vt 0.09178229 -0.1115081
vt 0.0347004 -0.122961
vt 0.03442607 -0.1252412
vt 0.03671676 -0.1258353
vt 0.03708636 -0.1227632
vt -0.01641687 -0.0777292
vt -0.01828347 -0.08015165
vt -0.01646578 -0.08168043
vt -0.01434317 -0.07892572
vt 0.02404825 -0.0266319
vt 0.0218164 -0.02872265
vt 0.02336458 -0.03052384
vt 0.02590255 -0.02814632
vt 0.06952245 0.01702408
vt 0.06683691 0.0155611
vt 0.06788291 0.01342872
vt 0.07093679 0.01509235
vt 0.1161942 0.03004754
vt 0.1131659 0.02962128
vt 0.113396 0.02725735
vt 0.1168397 0.02774207
vt 0.1450044 0.0106865
vt 0.1420707 0.01154981
vt 0.1413034 0.009302047
vt 0.1446396 0.008320331
vt 0.1427571 -0.005665474
vt 0.1403647 -0.003760547
vt 0.1388072 -0.005553653
vt 0.1415278 -0.007719859
vt 0.1212824 0.009484386
vt 0.1195186 0.01198273
vt 0.1175215 0.01069715
vt 0.1195271 0.007856143
vt 0.09281679 0.05191237
vt 0.09154829 0.05469505
vt 0.089347 0.05380317
vt 0.09078948 0.05063882
vt 0.05760815 0.1033226
vt 0.05660106 0.1062102
vt 0.05432703 0.1055246
vt 0.05547225 0.102241
vt -0.01072221 0.1401137
vt -0.01216298 0.1428112
vt -0.01430391 0.1417828
vt -0.01266553 0.1387153
vt -0.1327066 -0.0625499
vt -0.1352816 -0.06419973
vt -0.1340869 -0.06625252
vt -0.1311588 -0.06437641
vt -0.05879433 -0.1107949
vt -0.06052808 -0.1133142
vt -0.05863089 -0.1147431
vt -0.05665934 -0.1118783
vt -0.06216531 -0.04707483
vt -0.06443524 -0.04967362
vt -0.06256083 -0.05116308
vt -0.06029091 -0.04856429
vt -0.0153916 0.006026822
vt -0.01775238 0.003510258
vt -0.01593204 0.00195518
vt -0.01357126 0.004471748
vt 0.03932696 0.05629875
vt 0.03656476 0.05423075
vt 0.03808715 0.05238299
vt 0.04084934 0.05445098
vt 0.1048385 0.0643563
vt 0.1015242 0.06339643
vt 0.1022963 0.06113023
vt 0.1056107 0.06209011
vt 0.1465168 0.01222441
vt 0.1431601 0.01302349
vt 0.1427145 0.01067117
vt 0.1460712 0.009872089
vt 0.1325062 -0.02903076
vt 0.129766 -0.0269336
vt 0.1284009 -0.02890039
vt 0.131141 -0.03099754
vt 0.09604388 -0.0144332
vt 0.09383336 -0.01178368
vt 0.09206829 -0.01340122
vt 0.0942788 -0.01605073
vt 0.05424843 0.03589477
vt 0.05223966 0.03870033
vt 0.05035993 0.03721758
vt 0.05236871 0.03441203
vt 0.001070446 0.09065579
vt -0.001138413 0.09330668
vt -0.002904502 0.09169026
vt -0.0006956388 0.08903936
vt -0.08231579 0.1023084
vt -0.08530767 0.1040274
vt -0.0864026 0.1018983
vt -0.08341072 0.1001794
vt -0.1475395 -6.122689E-05
vt -0.1508938 -0.0008701994
vt -0.150225 -0.003169009
vt -0.1468706 -0.002360033
vt -0.1102042 -0.06639016
vt -0.1127962 -0.06866784
vt -0.111134 -0.0703909
vt -0.108542 -0.06811322
vt -0.0960439 -0.01443319
vt -0.09825442 -0.0170827
vt -0.09622272 -0.01838068
vt -0.09427882 -0.01605073
vt -0.05424847 0.03589476
vt -0.05625725 0.03308919
vt -0.05413523 0.03194484
vt -0.05236874 0.034412
vt -0.001070471 0.09065579
vt -0.003279326 0.08800489
vt -0.001246816 0.0867082
vt 0.0006956218 0.08903936
vt 0.08231578 0.1023085
vt 0.0793239 0.1005895
vt 0.08077969 0.0986677
vt 0.08341072 0.1001794
vt 0.1475395 -6.126358E-05
vt 0.1441851 0.0007477147
vt 0.1439208 -0.00164867
vt 0.1468706 -0.002360068
vt 0.1102042 -0.06639017
vt 0.1076122 -0.06411249
vt 0.1062626 -0.06611027
vt 0.108542 -0.06811322
vt 0.0621653 -0.04707482
vt 0.05989537 -0.04447602
vt 0.05829474 -0.04627894
vt 0.06029088 -0.04856429
vt 0.01539157 0.006026835
vt 0.01303079 0.008543399
vt 0.0114952 0.006684781
vt 0.01357123 0.004471757
vt -0.03932697 0.05629874
vt -0.04208917 0.05836674
vt -0.04327839 0.05626953
vt -0.04084936 0.05445097
vt -0.1048385 0.06435629
vt -0.1081529 0.06531616
vt -0.1085253 0.06293418
vt -0.1056107 0.06209009
vt -0.1465168 0.01222443
vt -0.1498736 0.01142535
vt -0.1490231 0.00916942
vt -0.1460712 0.009872118
vt -0.1325061 -0.02903076
vt -0.1352463 -0.03112791
vt -0.1335506 -0.03284176
vt -0.131141 -0.03099755
vt -0.1212824 0.009484388
vt -0.1230461 0.006986047
vt -0.1208362 0.006001808
vt -0.1195272 0.007856144
vt -0.09281681 0.05191235
vt -0.09408532 0.04912967
vt -0.09173103 0.04857341
vt -0.09078951 0.0506388
vt -0.05760818 0.1033226
vt -0.05861527 0.100435
vt -0.05621978 0.1000977
vt -0.0554723 0.102241
vt 0.01072215 0.1401137
vt 0.00928138 0.1374162
vt 0.01159609 0.1367131
vt 0.01266548 0.1387153
vt 0.1327066 -0.06255002
vt 0.1301316 -0.06090019
vt 0.1292475 -0.06315197
vt 0.1311587 -0.06437652
vt 0.05879432 -0.110795
vt 0.05706056 -0.1082757
vt 0.05537249 -0.1100085
vt 0.05665933 -0.1118784
vt 0.01641684 -0.0777292
vt 0.01455026 -0.07530675
vt 0.01295771 -0.07712771
vt 0.01434314 -0.07892572
vt -0.02404827 -0.02663189
vt -0.02628013 -0.02454114
vt -0.02755912 -0.0265945
vt -0.02590258 -0.02814632
vt -0.06952246 0.01702406
vt -0.072208 0.01848703
vt -0.0729301 0.0161782
vt -0.07093681 0.01509234
vt -0.1161942 0.03004752
vt -0.1192225 0.03047378
vt -0.1190874 0.02805844
vt -0.1168397 0.02774206
vt -0.1450044 0.01068651
vt -0.1479382 0.009823198
vt -0.1468171 0.007679564
vt -0.1446395 0.008320333
vt -0.1427572 -0.005665479
vt -0.1451496 -0.007570409
vt -0.1433035 -0.009133752
vt -0.1415278 -0.007719863
vt -0.1391999 0.01710825
vt -0.1402779 0.01508027
vt -0.1379286 0.01450336
vt -0.137355 0.01558242
vt -0.1274725 0.04412974
vt -0.1278633 0.04186656
vt -0.1254513 0.04205212
vt -0.1252434 0.04325633
vt -0.119828 0.07056432
vt -0.1194485 0.06829925
vt -0.1172335 0.06927187
vt -0.1174354 0.07047708
vt -0.1335121 0.06039418
vt -0.1319685 0.05869361
vt -0.1306307 0.06070916
vt -0.131452 0.06161401
vt -0.09026388 -0.1133592
vt -0.08881731 -0.1115753
vt -0.09101255 -0.1105589
vt -0.09178226 -0.1115081
vt -0.03470042 -0.122961
vt -0.03497477 -0.1206807
vt -0.03723235 -0.1215499
vt -0.03708638 -0.1227632
vt -0.04205113 -0.09082288
vt -0.04312082 -0.08879055
vt -0.04491984 -0.09040785
vt -0.04435066 -0.09148923
vt -0.06497484 -0.05077434
vt -0.06662246 -0.04917433
vt -0.06783073 -0.0512701
vt -0.06695404 -0.05212144
vt -0.09469411 -0.01683107
vt -0.09677786 -0.01586533
vt -0.09722577 -0.01824263
vt -0.09611703 -0.01875648
vt -0.1240856 0.0001568573
vt -0.1263786 0.0002862683
vt -0.1259184 -0.002088682
vt -0.1246983 -0.002157543
vt -0.1433869 0.001577687
vt -0.1455473 0.0007983517
vt -0.1441934 -0.001206431
vt -0.1430439 -0.0007917595
vt -0.1470965 0.002715653
vt -0.1488014 0.001176884
vt -0.1467897 -0.0001666519
vt -0.1458825 0.0006521122
vt -0.1474893 0.003288136
vt -0.1478695 0.002113728
vt -0.1454605 0.002016851
vt -0.1468347 0.0104371
vt -0.1466638 0.009214552
vt -0.1444545 0.01017961
vt -0.1472784 0.007725419
vt -0.1465221 0.006749769
vt -0.1450853 0.008685729
vt -0.1460199 -0.0170822
vt -0.1448248 -0.01739107
vt -0.144873 -0.01498064
vt -0.1308695 -0.05753298
vt -0.1298027 -0.05691197
vt -0.1315323 -0.0552324
vt -0.109479 -0.07787181
vt -0.1090685 -0.07670762
vt -0.1114742 -0.0765485
vt -0.101182 -0.07229149
vt -0.1014445 -0.07108528
vt -0.1035749 -0.07221396
vt -0.1058895 -0.05493609
vt -0.1066656 -0.0539761
vt -0.1080626 -0.05594104
vt -0.1176665 -0.0363438
vt -0.1187739 -0.03579855
vt -0.1192164 -0.03816851
vt -0.1309922 -0.02211423
vt -0.1322261 -0.02207768
vt -0.1316453 -0.02441758
vt -0.1413839 -0.01277281
vt -0.1425212 -0.01325278
vt -0.1410198 -0.01513909
vt -0.1466157 -0.005166034
vt -0.1474511 -0.00607486
vt -0.145302 -0.007167572
vt -0.1458303 0.01168251
vt -0.146143 0.009677246
vt -0.1436356 0.008763564
vt -0.1433229 0.01076885
vt 0.1234744 0.0134956
vt 0.1237043 0.008731036
vt 0.1223911 0.008048437
vt 0.1221612 0.012813
vt 0.05748399 0.1429381
vt 0.06094552 0.1400266
vt 0.05927591 0.1379372
vt 0.05581438 0.1408488
vt 0.04046663 0.04991105
vt 0.04135871 0.05407321
vt 0.04151383 0.05266152
vt 0.04062176 0.04849935
vt 0.06018588 -0.01956616
vt 0.06507986 -0.02025242
vt 0.06574061 -0.01536576
vt 0.06084665 -0.0146795
vt -0.0584851 -0.01953983
vt -0.06340605 -0.02005206
vt -0.06290533 -0.02401814
vt -0.05798438 -0.02350591
vt 0 0
vt 0 0
vt 0 0
vt 0 0
vt 0 0
vt 0 0
vt 0 0
vt 0 0
vt 0 0
vt 0 0
vt 0 0
vt 0 0
vt 0 0
vt 0 0
vt 0 0
vt 0 0
vt 0 0
vt 0 0
vt 0 0
vt 0 0
vt 0 0
vt 0 0
vt 0 0
vt 0 0
vt 0 0
vt 0 0
vt 0 0
vt 0 0
vt 0 0
vt 0 0
vt 0 0
vt 0 0
vt 0 0
vt 0 0
vt 0 0
vt 0 0
vt 0 0
vt 0 0
vt 0 0
vt 0 0
vt 0 0
vt 0 0
vt 0 0
vt 0 0
vt 0 0
vt 0 0
vt 0 0
vt 0 0
vt -0.07857073 -0.003351099
vt -0.07585265 -0.003875186
vt -0.07367346 -0.004302608
vt -0.07639153 -0.003778524
vt 0.1578464 0.02430857
vt 0.1591256 0.02019106
vt 0.156919 0.01897125
vt 0.1556398 0.02308876
vt 0.1588939 -0.00192174
vt 0.1562887 -0.005837368
vt 0.1541168 -0.004882499
vt 0.156722 -0.0009668557
vt 0.1125825 0.09589396
vt 0.111877 0.09807388
vt 0.1110506 0.09574144
vt 0.111756 0.09356152
vt 0.1283793 0.05186229
vt 0.1327165 0.05122429
vt 0.1318394 0.05523279
vt 0.1275022 0.05587079
vt -0.1220948 0.04802441
vt -0.126499 0.04753473
vt -0.1281847 0.04503046
vt -0.1237806 0.04552014
vt 0 0
vt 0 0
vt 0 0
vt 0 0
vt 0 0
vt 0 0
vt 0 0
vt 0 0
vt 0 0
vt 0 0
vt 0 0
vt 0 0
vt 0 0
vt 0 0
vt 0 0
vt 0 0
vt 0 0
vt 0 0
vt 0 0
vt 0 0
vt 0 0
vt 0 0
vt 0 0
vt 0 0
vt 0 0
vt 0 0
vt 0 0
vt 0 0
vt 0 0
vt 0 0
vt 0 0
vt 0 0
vt 0 0
vt 0 0
vt 0 0
vt 0 0
vt 0 0
vt 0 0
vt 0 0
vt 0 0
vt 0 0
vt 0 0
vt 0 0
vt 0 0
vt 0 0
vt 0 0
vt 0 0
vt 0 0
vt 0.0987116 -0.0087891
vt 0.09798245 -0.01000084
vt 0.1021571 -0.009112301
vt 0.1028723 -0.00789225
vt 0.01506658 0.1800756
vt 0.01592574 0.1789527
vt 0.01969719 0.1808077
vt 0.01889142 0.1819695
vt -0.09732164 -0.009781484
vt -0.09805283 -0.008570958
vt -0.1021384 -0.007635421
vt -0.1014212 -0.008854257
vt -0.01583513 0.1795121
vt -0.01497128 0.1806314
vt -0.01877828 0.1825344
vt -0.01958905 0.1813761
vt -0.1101854 0.09737629
vt -0.1107527 0.09608086
vt -0.1094573 0.09551354
vt -0.10889 0.09680896
vt 0.09989341 0.09549294
vt 0.1004984 0.09421465
vt 0.1017766 0.09481959
vt 0.1011717 0.09609789
vt 0.1514827 0.01787008
vt 0.157298 0.01934722
vt 0.1558208 0.02516255
vt 0.1500055 0.02368541
vt -0.1514827 0.01787008
vt -0.1500055 0.02368541
vt -0.1558208 0.02516254
vt -0.157298 0.01934722
vt -0.02232553 0.150685
vt -0.009557012 0.1541899
vt -0.01114523 0.1599758
vt -0.02391374 0.156471
vt 0.02232553 0.150685
vt 0.02391374 0.156471
vt 0.01114523 0.1599758
vt 0.009557016 0.1541899
vt -0.01970223 -0.01864832
vt -0.01928491 -0.01266285
vt -0.03249364 -0.01174189
vt -0.03291098 -0.01772736
vt 0.01970224 -0.01864832
vt 0.03291097 -0.01772736
vt 0.03249364 -0.01174189
vt 0.0192849 -0.01266285
vt 0.1747071 0.00623504
vt 0.1814083 -0.001187496
vt 0.1888309 0.005513684
vt 0.1821297 0.01293623
vt -0.1747071 0.006235044
vt -0.1821297 0.01293622
vt -0.1888309 0.005513688
vt -0.1814083 -0.001187495
vt -0.1084139 -0.0442173
vt -0.1146211 -0.036377
vt -0.1224614 -0.04258424
vt -0.1162542 -0.05042453
vt 0.1084139 -0.0442173
vt 0.1162542 -0.05042453
vt 0.1224614 -0.04258423
vt 0.1146211 -0.036377
vt 0.08992513 0.1043805
vt 0.09806061 0.1101954
vt 0.09224564 0.1183309
vt 0.08411016 0.1125159
vt -0.08992513 0.1043805
vt -0.08411016 0.1125159
vt -0.09224565 0.1183309
vt -0.09806062 0.1101954
vt -0.163863 -0.02875144
vt -0.1562335 -0.01418044
vt -0.1644143 -0.008429416
vt -0.1720438 -0.02300042
vt 0.1707472 -0.03313811
vt 0.1699695 -0.01366559
vt 0.1618698 -0.01953024
vt -0.1225554 -0.05972486
vt -0.1128622 -0.04668555
vt -0.1264477 -0.02932949
vt 0.1207051 -0.02737874
vt 0.1068099 -0.04448779
vt 0.1140831 -0.05638203
vt -0.06725417 0.1082131
vt -0.07540407 0.1140079
vt -0.08075467 0.09155226
vt 0.06553942 0.1141497
vt 0.0783428 0.09620893
vt 0.08648259 0.1020179
vt 0.07367921 0.1199587
vt -0.1081971 -0.03415047
vt -0.1166749 -0.04824479
vt -0.1023908 -0.06423894
vt 0.104933 -0.05737158
vt 0.1210239 -0.04249761
vt 0.1123065 -0.02855018
vt 0.1550154 -0.04874311
vt 0.1621195 -0.04186814
vt 0.1561142 -0.02928607
vt -0.01874962 0.1081012
vt -0.03477335 0.09315486
vt -0.02731565 0.08666508
vt 0.1610742 0.03344085
vt 0.1606326 0.03288855
vt 0.1611378 0.03241768
vt 0.1615773 0.03297166
vt 0.04055316 -0.1030318
vt 0.03985834 -0.1029005
vt 0.03974681 -0.1035756
vt 0.04044041 -0.1037131
vt -0.160632 0.03288597
vt -0.1610735 0.03343827
vt -0.1615716 0.03297306
vt -0.1611321 0.03241909
vt -0.03988232 -0.102806
vt -0.04057714 -0.1029373
vt -0.04046496 -0.103616
vt -0.03977136 -0.1034785
vt -0.08035479 0.1143197
vt -0.08023535 0.1136228
vt -0.0795384 0.1137422
vt -0.07965784 0.1144392
vt 0.07803296 0.1155522
vt 0.07791808 0.1148545
vt 0.0786158 0.1147396
vt 0.07873067 0.1154373
vt 0.1718138 -0.00687182
vt 0.1791918 -0.0004934737
vt 0.1633118 0.00296259
vt -0.1718138 -0.006871823
vt -0.1633118 0.002962587
vt -0.1797964 2.920226E-05
vt 0.0268285 0.153525
vt 0.03846627 0.1593183
vt 0.0337639 0.1687646
vt 0.03267298 0.1709561
vt 0.02103521 0.1651628
vt 0.02248228 0.1622559
vt 0.04622341 0.1264527
vt 0.05480846 0.1362147
vt 0.04100757 0.1312829
vt 0.1422952 -0.04436975
vt 0.1348851 -0.03368841
vt 0.132177 -0.0365999
vt 0.1313792 -0.07144968
vt 0.1433203 -0.06631071
vt 0.1381814 -0.05436956
vt 0.1262402 -0.05950852
vt -0.1298099 0.1444473
vt -0.1303928 0.1314603
vt -0.1235611 0.1313366
vt 0.001352489 0.09076655
vt -0.004372389 0.09498124
vt -0.00657466 0.09037759
vt -0.1254688 0.101066
vt -0.1323015 0.1011197
vt -0.126136 0.09600653
vt -0.1855633 0.03366999
vt -0.1945868 0.02431178
vt -0.1837294 0.02945024
vt -0.1714182 -0.07004257
vt -0.1605239 -0.07713588
vt -0.1635201 -0.06099233
vt -0.1546377 -0.07370872
vt -0.1522347 -0.06487085
vt -0.1577041 -0.06458193
vt -0.095096 -0.1103857
vt -0.09437349 -0.1195158
vt -0.09132685 -0.1257156
vt -0.1939252 0.01630341
vt -0.190822 0.02247504
vt -0.1886761 0.03186098
vt 0.1224583 -0.02795779
vt 0.116486 -0.0292186
vt 0.1102473 -0.03241786
vt 0.02809989 0.1690766
vt 0.02261424 0.1734429
vt 0.01482521 0.162866
vt -0.05567213 0.16703
vt -0.05141062 0.1794549
vt -0.0571701 0.1814763
vt -0.1731462 0.01146461
vt -0.1816482 0.001630197
vt -0.1797964 2.920226E-05
vt -0.1770692 0.004718786
vt 0.1791918 -0.0004934737
vt 0.1816482 0.0016302
vt 0.1731462 0.01146461
vt 0.1763531 0.005121424
vt 0.1039717 -0.1516716
vt 0.09509616 -0.1415846
vt 0.0911452 -0.1416917
vt 0.08639228 0.09150776
vt 0.09034449 0.09154592
vt 0.09600977 0.1002544
vt 0.1886213 0.0368326
vt 0.189097 0.03197473
vt 0.1923599 0.03078756
vt -0.1844541 0.06139194
vt -0.1885612 0.06232359
vt -0.2005439 0.05675929
vt -0.1977162 0.04228103
vt -0.19513 0.03192832
vt -0.1909898 0.03115644
vt -0.157876 -0.02264873
vt -0.1451794 -0.01899633
vt -0.1554685 -0.01778731
vt 0.1801015 0.02032529
vt 0.193101 0.01692883
vt 0.1899738 0.02238831
vt -0.04062182 -0.07617317
vt -0.04282882 -0.07203652
vt -0.04387594 -0.07976951
vt -0.1960702 0.01409596
vt -0.1974305 0.009609064
vt -0.1919372 0.004258053
vt -0.1379802 0.0446237
vt -0.1444608 0.04872391
vt -0.1482803 0.04573488
vt 0.1622138 0.03027226
vt 0.1693537 0.03347457
vt 0.1687815 0.03832203
vt 0.194718 0.009673867
vt 0.1916058 0.01121345
vt 0.1849793 0.007051609
vt -0.1518619 0.06783514
vt -0.1463881 0.06764916
vt -0.1528963 0.07231836
vt -0.1412488 -0.08054887
vt -0.1416927 -0.09632909
vt -0.1372211 -0.08438111
vt -0.001881195 0.09385152
vt 0.001003689 0.09658796
vt -0.006923203 0.09619381
vt 0.1737865 -0.01927882
vt 0.1839655 -0.01001808
vt 0.1785818 -0.004100622
vt 0.1684029 -0.01336136
vt -0.1737865 -0.01927882
vt -0.1684029 -0.01336137
vt -0.1785818 -0.004100621
vt -0.1839655 -0.01001808
vt -0.01684773 0.1338479
vt -0.01056309 0.138798
vt -0.01907802 0.1496085
vt -0.02536266 0.1446585
vt 0.01684774 0.1338479
vt 0.02536267 0.1446585
vt 0.01907803 0.1496085
vt 0.0105631 0.138798
vt -0.1329892 -0.06612254
vt -0.1283294 -0.05961978
vt -0.1348322 -0.05495994
vt -0.139492 -0.06146269
vt 0.1329892 -0.06612254
vt 0.139492 -0.06146269
vt 0.1348321 -0.05495993
vt 0.1283294 -0.05961978
vt 0.1682785 0.01484979
vt 0.1700965 0.01568334
vt 0.169263 0.01750136
vt 0.1674449 0.01666781
vt -0.1682785 0.01484979
vt -0.1674449 0.01666781
vt -0.169263 0.01750136
vt -0.1700965 0.01568334
vt 0.001005356 0.1827477
vt 0.002752518 0.183721
vt 0.001779157 0.1854682
vt 3.19948E-05 0.1844948
vt -0.001005354 0.1827477
vt -3.199256E-05 0.1844949
vt -0.001779155 0.1854682
vt -0.002752516 0.183721
vt -0.1010403 -0.03264568
vt -0.1005453 -0.0307079
vt -0.1024831 -0.03021292
vt -0.1029781 -0.03215071
vt 0.1010403 -0.03264568
vt 0.1029781 -0.03215071
vt 0.1024831 -0.03021293
vt 0.1005453 -0.0307079
vt 0.1653291 0.0269387
vt 0.1672029 0.02763784
vt 0.1665037 0.02951167
vt 0.1646299 0.02881251
vt -0.1653291 0.0269387
vt -0.1646299 0.02881251
vt -0.1665037 0.02951166
vt -0.1672029 0.02763785
vt 0.04940195 0.1861528
vt 0.05131879 0.1867235
vt 0.05074807 0.1886403
vt 0.04883123 0.1880696
vt -0.04940195 0.1861527
vt -0.04883122 0.1880696
vt -0.05074807 0.1886403
vt -0.05131879 0.1867235
vt -0.1034486 -0.02126385
vt -0.1032278 -0.01927608
vt -0.1052156 -0.01905525
vt -0.1054364 -0.02104303
vt 0.1034486 -0.02126385
vt 0.1054364 -0.02104302
vt 0.1052156 -0.01905525
vt 0.1032278 -0.01927608
vt 0.09945631 0.08732723
vt 0.1101918 0.09212378
vt 0.09768502 0.1145212
vt 0.005554755 0.06082425
vt -0.01113451 0.04199504
vt -0.002821936 0.03471371
vt -0.1699996 0.03561359
vt -0.181214 0.02423855
vt -0.1777349 0.01975596
vt 0.04411221 -0.007307366
vt 0.05155163 -0.01398982
vt 0.06836527 0.0047284
vt -0.1755691 0.05354334
vt -0.1797897 0.0451164
vt -0.1795348 0.03302288
vt 0.1751805 -0.02400985
vt 0.1782137 -0.01338362
vt 0.1762739 -0.003573573
vt -0.1799791 -0.001477493
vt -0.1703242 0.01124792
vt -0.1799599 0.01942265
vt 0.1714548 -0.02183979
vt 0.1612369 -0.02765804
vt 0.1681833 -0.04204212
vt -0.104732 0.1037473
vt -0.1151427 0.08362763
vt -0.1106293 0.08158616
vt 0.1669785 -0.04470444
vt 0.1602374 -0.03022302
vt 0.1560345 -0.03331333
vt 0.08177304 0.083811
vt 0.06883385 0.1024057
vt 0.07714307 0.08140737
vt -0.1566067 -0.0252816
vt -0.1635138 -0.03837401
vt -0.1547612 -0.04440967
vt -0.1780492 0.00936591
vt -0.1682984 0.02050326
vt -0.1712311 0.02563897
vt 0.04563626 0.09911065
vt 0.04219896 0.09429804
vt 0.05533756 0.07871809
vt -0.08189646 0.08618358
vt -0.07025202 0.1029097
vt -0.07353555 0.1075375
vt 0.1605836 -0.01976299
vt 0.1678663 -0.03265022
vt 0.1722731 -0.03038768
vt -0.08009021 0.1045415
vt -0.09115379 0.08742562
vt -0.08161809 0.08246569
vt 0.1627974 -0.04440359
vt 0.1563357 -0.0310857
vt 0.1472898 -0.03627779
vt 0.09103011 0.0884438
vt 0.07991724 0.1055278
vt 0.08160244 0.08398218
vt -0.1027981 -0.02836508
vt -0.1131734 -0.03892322
vt -0.09919128 -0.05375083
vt -0.08881606 -0.0431927
vt -0.1487234 -0.05188604
vt -0.1427974 -0.0383213
vt -0.1515629 -0.03288007
vt 0.06942493 0.1078916
vt 0.06027585 0.1031235
vt 0.07196744 0.08643029
vt -0.0713359 0.08487862
vt -0.05969821 0.1016095
vt -0.06893384 0.1068765
vt 0.1490003 -0.03117999
vt 0.1554581 -0.04449977
vt 0.1646774 -0.03897388
vt 0.1024101 0.1129038
vt 0.09233393 0.1052786
vt 0.1037 0.08568272
vt -0.007031181 0.03598548
vt 0.008509833 0.05246763
vt 0.001234517 0.06213138
vt 0.06606702 0.009278799
vt 0.0594004 0.01594085
vt 0.04179341 -0.002715479
vt 0.1682281 -0.0172299
vt 0.1738853 -0.0254759
vt 0.1821313 -0.01981873
vt 0.1764741 -0.01157274
vt -0.1682281 -0.01722991
vt -0.1764741 -0.01157274
vt -0.1821312 -0.01981874
vt -0.1738853 -0.0254759
vt -0.1078411 -0.04388795
vt -0.1145569 -0.03647863
vt -0.1219662 -0.04319444
vt -0.1152504 -0.05060375
vt 0.1078411 -0.04388795
vt 0.1152504 -0.05060375
vt 0.1219662 -0.04319444
vt 0.1145569 -0.03647863
vt 0.08845191 0.1019948
vt 0.09694394 0.1072754
vt 0.09166329 0.1157675
vt 0.08317125 0.1104868
vt -0.08845191 0.1019948
vt -0.08317126 0.1104868
vt -0.09166329 0.1157675
vt -0.09694395 0.1072754
vt 0.08994431 -0.01496185
vt 0.0885637 -0.01526749
vt 0.08414392 -0.02022883
vt 0.08554114 -0.0200114
vt 0.1557411 0.04710734
vt 0.1543839 0.04750515
vt 0.1543857 0.04085554
vt 0.1557443 0.0404628
vt -0.08841552 -0.01449144
vt -0.08979614 -0.01418585
vt -0.08539473 -0.01924381
vt -0.0839975 -0.01946114
vt -0.1544776 0.04891904
vt -0.1558361 0.04852578
vt -0.1558464 0.04182605
vt -0.1544865 0.04221413
vt -0.1455127 -0.06510751
vt -0.1443698 -0.06594049
vt -0.1435369 -0.06479762
vt -0.1446797 -0.06396464
vt 0.1573285 -0.03096789
vt 0.156348 -0.03198699
vt 0.1573671 -0.03296753
vt 0.1583476 -0.03194842
vt -0.08410183 -0.06647222
vt -0.08973758 -0.06853089
vt -0.08767889 -0.07416666
vt -0.08204314 -0.07210797
vt 0.08410183 -0.06647221
vt 0.08204314 -0.07210797
vt 0.08767889 -0.07416666
vt 0.08973758 -0.0685309
vt -0.1324129 0.03340795
vt -0.1378325 0.04375731
vt -0.1431478 0.04097384
vt -0.1377282 0.03062448
vt 0.1324129 0.03340795
vt 0.1377282 0.03062448
vt 0.1431478 0.04097384
vt 0.1378325 0.0437573
vt 0.09386662 0.02453419
vt 0.09729932 0.01961315
vt 0.106881 0.02629693
vt 0.1034483 0.03121797
vt -0.09386662 0.02453419
vt -0.1034483 0.03121796
vt -0.106881 0.02629693
vt -0.09729932 0.01961315
vt 0.1072468 0.1119712
vt 0.1041825 0.1188038
vt 0.09672962 0.1195949
vt 0.09234094 0.1135533
vt 0.09540518 0.1067207
vt 0.1028581 0.1059297
vt -0.09882504 0.107619
vt -0.09434941 0.1080867
vt -0.09251668 0.1121966
vt -0.09515958 0.1158387
vt -0.0996352 0.115371
vt -0.1014679 0.1112611
vt 0 0
vt 0 0
vt 0 0
vt 0 0
vt 0 0
vt 0 0
vt 0 0
vt 0 0
vt 0 0
vt 0 0
vt 0 0
vt 0 0
vt 0 0
vt 0 0
vt 0 0
vt 0 0
vt 0 0
vt 0 0
vt 0 0
vt 0 0
vt 0 0
vt 0 0
vt 0 0
vt 0 0
vt -0.08798236 -0.03448686
vt -0.08634166 -0.03153533
vt -0.0847443 -0.03242327
vt -0.086385 -0.03537481
vt 0.148917 -0.002055209
vt 0.1462716 -0.003405005
vt 0.1454968 -0.003800346
vt 0.1481422 -0.00245055
vt -0.07471351 0.1048546
vt -0.07471351 0.1048546
vt -0.07553409 0.1032216
vt -0.07553409 0.1032216
vt 0.1190052 -0.007463332
vt 0.1222858 -0.006662345
vt 0.1224921 -0.007507381
vt 0.1192115 -0.008308365
vt 0.1325039 -0.03866751
vt 0.1315954 -0.0354151
vt 0.128343 -0.0363236
vt 0.1292515 -0.03957601
vt -0.1257376 -0.03370632
vt -0.1272347 -0.03593699
vt -0.1300621 -0.03409155
vt -0.128565 -0.03186089
vt 0 0
vt 0 0
vt 0 0
vt 0 0
vt 0 0
vt 0 0
vt 0 0
vt 0 0
vt 0 0
vt 0 0
vt 0 0
vt 0 0
vt 0 0
vt 0 0
vt 0 0
vt 0 0
vt 0 0
vt 0 0
vt 0 0
vt 0 0
vt 0 0
vt 0 0
vt 0 0
vt 0 0
vt 0 0
vt 0 0
vt 0 0
vt 0 0
vt 0 0
vt 0 0
vt 0 0
vt 0 0
vt 0 0
vt 0 0
vt 0 0
vt 0 0
vt 0 0
vt 0 0
vt 0 0
vt 0 0
vt 0 0
vt 0 0
vt 0 0
vt 0 0
vt 0 0
vt 0 0
vt 0 0
vt 0 0
vt 0 0
vt 0 0
vt 0 0
vt 0 0
vt 0 0
vt 0 0
vt 0 0
vt 0 0
vt 0 0
vt 0 0
vt 0 0
vt 0 0
vt 0 0
vt 0 0
vt 0 0
vt 0 0
vt 0 0
vt 0 0
vt 0 0
vt 0 0
vt 0 0
vt 0 0
vt 0 0
vt 0 0
vt 0 0
vt 0 0
vt 0 0
vt 0 0
vt 0 0
vt 0 0
vt 0 0
vt 0 0
vt 0 0
vt 0 0
vt 0 0
vt 0 0
vt 0 0
vt 0 0
vt 0 0
vt 0 0
vt 0 0
vt 0 0
vt 0 0
vt 0 0
vt 0 0
vt 0 0
vt 0 0
vt 0 0
vt -0.1257836 0.06782116
vt -0.124582 0.06301949
vt -0.1271806 0.06236916
vt -0.1283823 0.06717084
vt -0.06886143 0.06057709
vt -0.06627585 0.06407917
vt -0.06551855 0.06510491
vt -0.06810413 0.06160282
vt 0.09800585 -0.05838777
vt 0.09800585 -0.05838776
vt 0.1006552 -0.05878347
vt 0.1006552 -0.05878348
vt -0.140777 0.01636727
vt -0.1428224 0.01185991
vt -0.1439834 0.01238679
vt -0.141938 0.01689415
vt -0.1074289 0.007961488
vt -0.1031785 0.005424796
vt -0.1006419 0.009675117
vt -0.1048922 0.01221181
vt 0.104995 0.01474408
vt 0.1007766 0.01216087
vt 0.103075 0.008268192
vt 0.1072934 0.01085141
vt 0 0
vt 0 0
vt 0 0
vt 0 0
vt 0 0
vt 0 0
vt 0 0
vt 0 0
vt 0 0
vt 0 0
vt 0 0
vt 0 0
vt 0 0
vt 0 0
vt 0 0
vt 0 0
vt 0 0
vt 0 0
vt 0 0
vt 0 0
vt 0 0
vt 0 0
vt 0 0
vt 0 0
vt 0 0
vt 0 0
vt 0 0
vt 0 0
vt 0 0
vt 0 0
vt 0 0
vt 0 0
vt 0 0
vt 0 0
vt 0 0
vt 0 0
vt 0 0
vt 0 0
vt 0 0
vt 0 0
vt 0 0
vt 0 0
vt 0 0
vt 0 0
vt 0 0
vt 0 0
vt 0 0
vt 0 0
vt -0.05036383 0.1218543
vt -0.05277899 0.1175338
vt -0.05511725 0.1188409
vt -0.05270209 0.1231614
vt -0.07628448 0.01800713
vt -0.07446813 0.02196322
vt -0.07393613 0.02312194
vt -0.07575248 0.01916585
vt 0.1172448 -0.04068973
vt 0.1172448 -0.04068973
vt 0.1198392 -0.04002265
vt 0.1198392 -0.04002264
vt -0.1391665 -0.004216874
vt -0.1414739 -0.008595913
vt -0.1426018 -0.008001562
vt -0.1402945 -0.00362252
vt -0.1050435 -0.03264511
vt -0.1005466 -0.03471354
vt -0.09847821 -0.0302167
vt -0.102975 -0.02814827
vt 0.1025876 -0.02448587
vt 0.09816815 -0.026671
vt 0.09983819 -0.03056469
vt 0.1042576 -0.02837956
vt 0 0
vt 0 0
vt 0 0
vt 0 0
vt 0 0
vt 0 0
vt 0 0
vt 0 0
vt 0 0
vt 0 0
vt 0 0
vt 0 0
vt 0 0
vt 0 0
vt 0 0
vt 0 0
vt 0 0
vt 0 0
vt 0 0
vt 0 0
vt 0 0
vt 0 0
vt 0 0
vt 0 0
vt 0 0
vt 0 0
vt 0 0
vt 0 0
vt 0 0
vt 0 0
vt 0 0
vt 0 0
vt 0 0
vt 0 0
vt 0 0
vt 0 0
vt 0 0
vt 0 0
vt 0 0
vt 0 0
vt 0 0
vt 0 0
vt 0 0
vt 0 0
vt 0 0
vt 0 0
vt 0 0
vt 0 0
vt -0.146193 -0.01102714
vt -0.1436674 -0.01528409
vt -0.1459713 -0.0166509
vt -0.1484968 -0.01239394
vt -0.03879827 0.07244802
vt -0.03738928 0.07656682
vt -0.0369766 0.07777318
vt -0.03838559 0.0736544
vt 0.1292535 -0.02354733
vt 0.1292535 -0.02354733
vt 0.1318975 -0.02397769
vt 0.1318975 -0.02397769
vt -0.1186073 0.01691979
vt -0.1194074 0.01203514
vt -0.1206657 0.01224126
vt -0.1198655 0.0171259
vt -0.06475366 0.01006454
vt -0.0599803 0.008754952
vt -0.05867071 0.01352831
vt -0.06344406 0.01483789
vt 0.06402987 0.01587448
vt 0.05926768 0.01453313
vt 0.06044952 0.01012425
vt 0.06521172 0.01146561
vt 0 0
vt 0 0
vt 0 0
vt 0 0
vt 0 0
vt 0 0
vt 0 0
vt 0 0
vt 0 0
vt 0 0
vt 0 0
vt 0 0
vt 0 0
vt 0 0
vt 0 0
vt 0 0
vt 0 0
vt 0 0
vt 0 0
vt 0 0
vt 0 0
vt 0 0
vt 0 0
vt 0 0
vt 0 0
vt 0 0
vt 0 0
vt 0 0
vt 0 0
vt 0 0
vt 0 0
vt 0 0
vt 0 0
vt 0 0
vt 0 0
vt 0 0
vt 0 0
vt 0 0
vt 0 0
vt 0 0
vt 0 0
vt 0 0
vt 0 0
vt 0 0
vt 0 0
vt 0 0
vt 0 0
vt 0 0
vt 0.1355106 -0.03708574
vt 0.1411679 -0.03908447
vt 0.1431666 -0.03342717
vt 0.1375093 -0.03142844
vt -0.1355106 -0.03708575
vt -0.1375093 -0.03142844
vt -0.1431666 -0.03342717
vt -0.1411679 -0.03908447
vt -0.08657776 -0.005258517
vt -0.09189729 -0.002483163
vt -0.09152785 -0.004663478
vt 0.1580934 -0.01287823
vt 0.1631481 -0.01611084
vt 0.1663807 -0.01105611
vt 0.161326 -0.007823505
vt -0.06013903 0.0448467
vt -0.05723767 0.05009856
vt -0.06248953 0.05299992
vt -0.0653909 0.04774805
vt 0.06013903 0.04484669
vt 0.0653909 0.04774806
vt 0.06248954 0.05299992
vt 0.05723767 0.05009856
vt -0.1498446 0.01000112
vt -0.1555742 0.008220387
vt -0.1537181 0.006977027
vt 0.001095241 0.1207402
vt -0.003420478 0.1167895
vt -0.001362528 0.116098
vt 0.09948254 -0.1124346
vt 0.0945819 -0.1089728
vt 0.09752917 -0.1133821
vt -0.02223139 0.07575507
vt -0.02542729 0.07805354
vt -0.03080855 0.07600969
vt -0.0942729 -0.02661201
vt -0.09092384 -0.02868096
vt -0.08932449 -0.02722092
vt 0.1331384 -0.06373262
vt 0.1334868 -0.06586997
vt 0.13722 -0.06711914
vt -0.1572575 0.01004686
vt -0.1534128 0.01089262
vt -0.1534099 0.013104
vt -0.05514896 0.1182118
vt -0.05280898 0.1213775
vt -0.05391621 0.1233179
vt -0.1273365 -0.07956995
vt -0.1310068 -0.0809931
vt -0.1290385 -0.09064983
vt 0.07395061 0.005348378
vt 0.07057185 0.003328295
vt 0.07529038 -0.005405689
vt 0.1474417 -0.03456242
vt 0.1436207 -0.03361579
vt 0.1471769 -0.04448598
vt 0.04672617 0.09751616
vt 0.04179161 0.1043614
vt 0.03037183 0.09352017
vt -0.03150256 0.05601559
vt -0.02505776 0.05056845
vt -0.02292496 0.05577662
vt 0.1573246 -0.01150211
vt 0.1554022 -0.01679156
vt 0.1621351 -0.02187838
vt -0.07387212 -0.1251625
vt -0.07108057 -0.1171992
vt -0.07596251 -0.1141493
vt 0.06958454 -0.006048954
vt 0.0763073 -0.0009488004
vt 0.06823422 0.004703793
vt -0.1526108 -0.0257267
vt -0.1591216 -0.03109484
vt -0.1429136 -0.0408689
vt -0.07886406 0.106869
vt -0.0826441 0.09932461
vt -0.0665018 0.09020582
vt 0.1521955 -0.04519032
vt 0.1459894 -0.03947269
vt 0.1352474 -0.05270613
vt -0.1019795 -0.0448054
vt -0.1074166 -0.04192777
vt -0.1102942 -0.04736484
vt -0.1048571 -0.05024246
vt 0.01773305 0.1167919
vt 0.02182925 0.1122024
vt 0.03380501 0.1218043
vt 0.1331368 -0.0439189
vt 0.1191938 -0.05033826
vt 0.1212513 -0.05613562
vt -0.1335668 -0.04458849
vt -0.1311511 -0.03893102
vt -0.1441599 -0.03005886
vt -0.02273307 0.1121439
vt -0.01866942 0.1167622
vt -0.03087532 0.1312277
vt 0.1596496 0.03622821
vt 0.1592409 0.03565111
vt 0.159649 0.03536218
vt 0.1600576 0.03593929
vt 0.05485175 -0.1172435
vt 0.05415033 -0.1171541
vt 0.05408708 -0.1176501
vt 0.05478851 -0.1177395
vt -0.159241 0.03565111
vt -0.1596496 0.03622822
vt -0.1600576 0.0359393
vt -0.159649 0.03536219
vt -0.05415032 -0.1171541
vt -0.05485175 -0.1172435
vt -0.0547885 -0.1177395
vt -0.05408708 -0.1176501
vt -0.07991333 0.1151005
vt -0.07984975 0.1143963
vt -0.07914551 0.1144599
vt -0.0792091 0.1151641
vt 0.07920909 0.1151641
vt 0.07914551 0.1144599
vt 0.07984974 0.1143963
vt 0.07991333 0.1151005
vt 0.02950133 0.1247039
vt 0.02890675 0.1219406
vt 0.03771585 0.1205289
vt 0.03786405 0.1233515
vt 0.009155637 -0.1050657
vt 0.007479043 -0.1027878
vt -0.001139816 -0.1043351
vt 0.0003874337 -0.1067157
vt -0.02829212 0.1221121
vt -0.02886422 0.1248801
vt -0.03707478 0.1236133
vt -0.03694769 0.1207896
vt -0.007709003 -0.1027419
vt -0.009389293 -0.1050172
vt -0.001031001 -0.1064004
vt 0.0005001376 -0.1040223
vt -0.1447031 0.04339417
vt -0.1430138 0.04112559
vt -0.1407453 0.04281484
vt -0.1424345 0.04508342
vt 0.1497661 0.05053174
vt 0.148028 0.04830033
vt 0.1502594 0.04656228
vt 0.1519975 0.04879368
vt 0.1621226 0.03326688
vt 0.1616898 0.03270767
vt 0.1620852 0.03240166
vt 0.162518 0.03296087
vt 0.04499087 -0.1150904
vt 0.04429041 -0.1149936
vt 0.04422202 -0.1154889
vt 0.04492248 -0.1155857
vt -0.1616898 0.03270767
vt -0.1621226 0.03326688
vt -0.162518 0.03296087
vt -0.1620852 0.03240166
vt -0.0442904 -0.1149936
vt -0.04499086 -0.1150904
vt -0.04492246 -0.1155857
vt -0.044222 -0.1154889
vt -0.07330785 0.1184113
vt -0.07323271 0.1177082
vt -0.0725296 0.1177833
vt -0.07260474 0.1184864
vt 0.07260475 0.1184864
vt 0.07252961 0.1177833
vt 0.07323272 0.1177082
vt 0.07330786 0.1184113
vt 0.1033871 0.1017408
vt 0.09986714 0.09731273
vt 0.1010532 0.09543291
vt 0.1051425 0.09934121
vt 0.07760743 -0.03899749
vt 0.07320371 -0.03544686
vt 0.07151119 -0.03705169
vt 0.0759833 -0.04051577
vt -0.1010519 0.09618039
vt -0.1045873 0.1005962
vt -0.1064179 0.09811358
vt -0.1023146 0.0942199
vt -0.06745613 -0.04300079
vt -0.07179008 -0.04663629
vt -0.0696565 -0.04870747
vt -0.06525139 -0.04515854
vt -0.1641549 0.03666474
vt -0.1600011 0.03282464
vt -0.156161 0.03697838
vt -0.1603148 0.04081849
vt 0.1564614 0.04857406
vt 0.1525545 0.04448307
vt 0.1566455 0.04057617
vt 0.1605524 0.04466716
vt -0.1395046 -0.03405514
vt -0.1396303 -0.03475098
vt -0.1400069 -0.03468291
vt -0.1398812 -0.03398708
vt -0.06409814 -0.03554451
vt -0.06353287 -0.03580376
vt -0.06393258 -0.03562044
vt 0.03428723 -0.05013289
vt 0.03403664 -0.04947167
vt 0.03326774 -0.05044123
vt 0.03351833 -0.05110244
vt -0.09473363 0.07403098
vt -0.09532882 0.07441276
vt -0.09523048 0.07456607
vt -0.1321296 0.01370435
vt -0.1325013 0.01310515
vt -0.1319 0.01273339
vt -0.1315282 0.01333261
vt 0.1324809 0.01344485
vt 0.1328532 0.01284369
vt 0.1334544 0.01321599
vt 0.1330821 0.01381715
vt 0 0
vt 0 0
vt 0 0
vt 0 0
vt 0 0
vt 0 0
vt 0 0
vt -0.1395178 -0.03591541
vt -0.1393946 -0.03521911
vt -0.1437797 -0.03338708
vt -0.143851 -0.03409058
vt 0 0
vt 0 0
vt 0 0
vt 0.1773687 0.05716827
vt 0.1778601 0.05603262
vt 0.17795 0.05772368
vt 0.07638244 0.1143349
vt 0.07715259 0.1128267
vt 0.08149182 0.1146371
vt -0.1776832 0.05800287
vt -0.1775933 0.05631179
vt -0.1771019 0.05744746
vt -0.08202872 0.1150054
vt -0.07763814 0.1131867
vt -0.07687005 0.114696
vt 0.1643371 0.0272538
vt 0.162981 0.02685237
vt 0.1703775 0.0184638
vt 0.1717345 0.01886191
vt -0.00799245 -0.0913441
vt -0.009386157 -0.09110858
vt -0.01331876 -0.1013758
vt -0.01196942 -0.1017967
vt -0.1630462 0.02664982
vt -0.1644022 0.02705162
vt -0.1717437 0.01886295
vt -0.1703868 0.01846446
vt 0.009521035 -0.09167843
vt 0.008127321 -0.0919139
vt 0.01210372 -0.1023701
vt 0.01345308 -0.1019492
vt -0.126047 0.1151341
vt -0.1250869 0.1140958
vt -0.1240486 0.1150559
vt -0.1250087 0.1160942
vt 0.06985717 0.1501799
vt 0.06934252 0.1488627
vt 0.07065977 0.148348
vt 0.07117441 0.1496653
vt -0.152721 -0.03226594
vt -0.1474263 -0.02378268
vt -0.1559095 -0.01848793
vt -0.1612043 -0.02697118
vt 0.1523021 -0.03169373
vt 0.1607853 -0.02639898
vt 0.1554906 -0.01791573
vt 0.1470073 -0.02321048
vt -0.1144788 -0.03527491
vt -0.09872334 -0.05142213
vt -0.09135057 -0.04466623
vt -0.107106 -0.02851901
vt 0.1144945 -0.03525779
vt 0.1071218 -0.02850189
vt 0.09136633 -0.04464911
vt 0.0987391 -0.05140501
vt -0.06921085 0.1040372
vt -0.07782377 0.1091183
vt -0.08924167 0.08966071
vt -0.08062875 0.08457962
vt 0.06937013 0.1037672
vt 0.08078802 0.08430962
vt 0.08940095 0.08939072
vt 0.07798304 0.1088483
vt 0.09912272 0.1293214
vt 0.09640884 0.1285446
vt 0.1152078 0.1178197
vt 0.1158821 0.1179369
vt 0.1535281 -0.05059041
vt 0.151093 -0.05202924
vt 0.1487056 -0.07218067
vt 0.1493138 -0.07181996
vt -0.1006486 0.1215605
vt -0.1033788 0.1222785
vt -0.1193926 0.1124104
vt -0.1187134 0.1123188
vt -0.1433381 -0.07072396
vt -0.1459354 -0.06960423
vt -0.1383191 -0.08837946
vt -0.1376704 -0.08866082
vt 0.1564029 -0.05860645
vt 0.155987 -0.05803461
vt 0.1554151 -0.05845055
vt 0.1558311 -0.05902238
vt 0.02272257 0.1633092
vt 0.02417877 0.1608844
vt 0.02660353 0.1623406
vt 0.02514734 0.1647654
vt -0.01619366 0.08276284
vt -0.0133232 0.0796838
vt -0.01640224 0.07681333
vt -0.0192727 0.07989237
vt -0.09985833 0.06854664
vt -0.09817486 0.06555009
vt -0.09473804 0.06550974
vt -0.0964215 0.06850629
vt -0.1289422 0.01656421
vt -0.1260389 0.01722061
vt -0.1251106 0.01311472
vt -0.1280139 0.01245832
vt -0.03632361 -0.1250723
vt -0.03818476 -0.1235093
vt -0.04081682 -0.121299
vt -0.03895567 -0.1228619
vt -0.09520362 -0.05611981
vt -0.09520362 -0.05611981
vt -0.09178451 -0.05857536
vt -0.09178451 -0.05857536
vt 0.00930975 -0.1008083
vt 0.008025585 -0.1039965
vt 0.004622485 -0.1044784
vt 0.00590665 -0.1012903
vt -0.04907177 0.004072375
vt -0.05055299 0.001490511
vt -0.04690169 -0.0006042505
vt -0.04542047 0.001977611
vt -0.02221173 -0.03922619
vt -0.0202021 -0.04292503
vt -0.02322219 -0.04456588
vt -0.02523182 -0.04086704
vt -0.1272036 -0.04637471
vt -0.122962 -0.04964419
vt -0.117652 -0.0489549
vt -0.1143842 -0.04471061
vt -0.1150728 -0.03939758
vt -0.1193144 -0.0361281
vt -0.1246244 -0.03681739
vt -0.1278922 -0.04106168
vt 0.1251575 -0.0402973
vt 0.1225885 -0.03696257
vt 0.118414 -0.0364211
vt 0.1150793 -0.03899008
vt 0.1145378 -0.04316462
vt 0.1171068 -0.04649935
vt 0.1212813 -0.04704082
vt 0.124616 -0.04447185
vt 0 0
vt 0 0
vt 0 0
vt 0 0
vt 0 0
vt 0 0
vt 0 0
vt 0 0
vt 0 0
vt 0 0
vt 0 0
vt 0 0
vt 0 0
vt 0 0
vt 0 0
vt 0 0
vt 0 0
vt 0 0
vt 0 0
vt 0 0
vt 0 0
vt 0 0
vt 0 0
vt 0 0
vt 0 0
vt 0 0
vt 0 0
vt 0 0
vt 0 0
vt 0 0
vt 0 0
vt 0 0
vt 0.1219193 -0.0406165
vt 0.1243135 -0.04061692
vt 0.1239929 -0.03941979
vt 0.1219193 -0.0406165
vt 0.1239925 -0.04181393
vt 0.1243135 -0.04061692
vt 0.1219193 -0.0406165
vt 0.1231161 -0.04269009
vt 0.1239925 -0.04181393
vt 0.1219193 -0.0406165
vt 0.1219189 -0.04301064
vt 0.1231161 -0.04269009
vt 0.1219193 -0.0406165
vt 0.1207219 -0.04268968
vt 0.1219189 -0.04301064
vt 0.1219193 -0.0406165
vt 0.1198458 -0.04181321
vt 0.1207219 -0.04268968
vt 0.1219193 -0.0406165
vt 0.1195252 -0.04061609
vt 0.1198458 -0.04181321
vt 0.1219193 -0.0406165
vt 0.1198462 -0.03941907
vt 0.1195252 -0.04061609
vt 0.1219193 -0.0406165
vt 0.1207226 -0.03854291
vt 0.1198462 -0.03941907
vt 0.1219193 -0.0406165
vt 0.1219198 -0.03822236
vt 0.1207226 -0.03854291
vt 0.1219193 -0.0406165
vt 0.1231168 -0.03854332
vt 0.1219198 -0.03822236
vt 0.1219193 -0.0406165
vt 0.1239929 -0.03941979
vt 0.1231168 -0.03854332
vt 0.09064773 -0.07294318
vt 0.09070686 -0.07417621
vt 0.09304987 -0.07456537
vt 0.09293874 -0.07224806
vt 0.08967884 -0.06002732
vt 0.08914095 -0.0611384
vt 0.09101234 -0.06260095
vt 0.09202324 -0.0605128
vt 0.09760275 -0.04354049
vt 0.09662805 -0.04429798
vt 0.09765715 -0.04643857
vt 0.09948899 -0.04501496
vt 0.1099104 -0.03051073
vt 0.1087028 -0.03076648
vt 0.1086936 -0.03314157
vt 0.1109633 -0.03266093
vt 0.1219228 -0.0235802
vt 0.1207258 -0.02327861
vt 0.1196728 -0.02540754
vt 0.1219224 -0.02597434
vt 0.1301348 -0.02052318
vt 0.1291924 -0.01972575
vt 0.1273103 -0.0211744
vt 0.1290812 -0.02267306
vt 0.1338289 -0.01742429
vt 0.1333295 -0.0162954
vt 0.1310036 -0.01677657
vt 0.1319422 -0.01889819
vt 0.134703 -0.01360362
vt 0.1347558 -0.01237031
vt 0.1324577 -0.01177051
vt 0.1323585 -0.01408837
vt 0.134646 -0.01393405
vt 0.1352824 -0.01287629
vt 0.1335512 -0.01125017
vt 0.1323553 -0.01323813
vt 0.1325318 -0.02676039
vt 0.1336475 -0.02623207
vt 0.1331066 -0.02391937
vt 0.1310098 -0.02491228
vt 0.121914 -0.05276135
vt 0.1231109 -0.05306304
vt 0.1241641 -0.0509342
vt 0.1219145 -0.05036721
vt 0.1032908 -0.07261185
vt 0.1040228 -0.07360581
vt 0.1061893 -0.07263242
vt 0.1048135 -0.07076438
vt 0.03726386 -0.09637897
vt 0.03678658 -0.0986255
vt 0.03901491 -0.09942219
vt 0.03965794 -0.09639546
vt 0.04678235 -0.06175765
vt 0.04553635 -0.06368693
vt 0.04733488 -0.06522495
vt 0.04901361 -0.06262563
vt 0.06869556 -0.02667108
vt 0.06685372 -0.02804306
vt 0.06800113 -0.03011276
vt 0.07048261 -0.02826429
vt 0.09687491 -0.005155541
vt 0.09464462 -0.00570366
vt 0.09489723 -0.008056606
vt 0.0979021 -0.007318129
vt 0.1219258 -0.003704541
vt 0.1196761 -0.003242417
vt 0.1188944 -0.005476069
vt 0.1219254 -0.006098681
vt 0.1339528 -0.0114321
vt 0.1321192 -0.01004922
vt 0.1304545 -0.01173125
vt 0.132925 -0.01359441
vt 0.1331934 -0.01005738
vt 0.1320415 -0.008070513
vt 0.129854 -0.008973258
vt 0.131406 -0.01165016
vt 0.1273123 0.005936856
vt 0.1269276 0.008201064
vt 0.1245625 0.008119949
vt 0.1250809 0.00506939
vt 0.1236744 0.02662672
vt 0.1241213 0.02887949
vt 0.1218824 0.029646
vt 0.1212804 0.02661086
vt 0.1296281 0.02610325
vt 0.1311161 0.02785269
vt 0.1295345 0.02961304
vt 0.1275298 0.02725602
vt 0.1218996 -0.05856519
vt 0.1241492 -0.059028
vt 0.1249315 -0.05679459
vt 0.1219007 -0.05617105
vt 0.05386479 -0.1140397
vt 0.0545423 -0.1162341
vt 0.05687647 -0.1158445
vt 0.05596365 -0.1128879
vt -0.02354347 -0.09336706
vt -0.02484491 -0.09613448
vt -0.02274078 -0.09723621
vt -0.02126084 -0.0940892
vt 0.002443688 -0.04711203
vt 0.0006771085 -0.04960835
vt 0.002555435 -0.05106198
vt 0.004564316 -0.04822327
vt 0.03659259 0.001905067
vt 0.03426984 -8.421599E-05
vt 0.03573627 -0.001952567
vt 0.03837761 0.0003095586
vt 0.08075415 0.02962433
vt 0.07787946 0.02858098
vt 0.07859357 0.02631577
vt 0.08186255 0.02750223
vt 0.1219291 0.01661329
vt 0.1188981 0.01701989
vt 0.118482 0.01468152
vt 0.1219287 0.01421915
vt 0.1346528 -0.01414839
vt 0.1321546 -0.01238444
vt 0.130703 -0.01426429
vt 0.1335438 -0.01627018
vt 0.1233843 -0.01865605
vt 0.1216676 -0.01612518
vt 0.1196468 -0.01737321
vt 0.121599 -0.0202512
vt 0.1055545 0.009465997
vt 0.1045077 0.01233943
vt 0.1022434 0.01162259
vt 0.1034338 0.008355045
vt 0.08744587 0.05472131
vt 0.08691908 0.05773376
vt 0.08456412 0.05742503
vt 0.08516316 0.05399939
vt 0.06836406 0.09912063
vt 0.06822142 0.1021755
vt 0.06584633 0.1021662
vt 0.06600853 0.09869239
vt -0.1223346 0.05635129
vt -0.1253685 0.05673558
vt -0.1257675 0.05439422
vt -0.1223174 0.05395721
vt -0.04616631 -0.1195579
vt -0.04710821 -0.1224674
vt -0.0448819 -0.1232948
vt -0.04381081 -0.1199863
vt -0.07213859 -0.06909513
vt -0.07402323 -0.07198554
vt -0.07195914 -0.07319856
vt -0.07007449 -0.07030816
vt -0.03866892 -0.02421525
vt -0.04057097 -0.02709424
vt -0.03851423 -0.02831969
vt -0.03661219 -0.0254407
vt 0.0001627796 0.03273268
vt -0.002097062 0.0301251
vt -0.0002168911 0.02864291
vt 0.002042951 0.03125049
vt 0.05677978 0.06849409
vt 0.05382683 0.06670903
vt 0.05515927 0.06471993
vt 0.05811222 0.06650499
vt 0.1219342 0.03492037
vt 0.1184874 0.03508152
vt 0.1184868 0.03268738
vt 0.1219336 0.03252623
vt 0.130449 -0.0314858
vt 0.1276751 -0.02943344
vt 0.1263421 -0.03142215
vt 0.1291159 -0.03347451
vt 0.1041139 -0.04032965
vt 0.1021064 -0.03752322
vt 0.100226 -0.03900516
vt 0.1022336 -0.04181158
vt 0.07504584 -0.002544293
vt 0.07341947 0.0004989395
vt 0.07136268 -0.000726418
vt 0.07298904 -0.003769653
vt 0.04197681 0.05460483
vt 0.04036857 0.05765768
vt 0.03830453 0.05644457
vt 0.03991277 0.05339172
vt -0.01292604 0.1027239
vt -0.01509937 0.105404
vt -0.01688684 0.1038112
vt -0.01471353 0.1011311
vt -0.1219463 0.04899664
vt -0.1253932 0.04915562
vt -0.1253922 0.04676148
vt -0.1219453 0.0466025
vt -0.1117411 -0.06906103
vt -0.1141532 -0.07152839
vt -0.1123653 -0.07312066
vt -0.1099532 -0.0706533
vt -0.104114 -0.04032966
vt -0.1061215 -0.04313608
vt -0.103999 -0.04427951
vt -0.1022336 -0.04181159
vt -0.07504585 -0.002544316
vt -0.07667221 -0.005587551
vt -0.07441926 -0.006445851
vt -0.07298906 -0.003769675
vt -0.04197682 0.05460482
vt -0.04358506 0.05155198
vt -0.04132704 0.05070708
vt -0.03991278 0.05339171
vt 0.01292603 0.1027239
vt 0.01075271 0.1000438
vt 0.01280233 0.09877428
vt 0.01471351 0.1011311
vt 0.1219464 0.04899659
vt 0.1184995 0.04883761
vt 0.1189142 0.04646265
vt 0.1219454 0.04660245
vt 0.1117411 -0.069061
vt 0.1093289 -0.06659363
vt 0.107832 -0.06848351
vt 0.1099532 -0.07065327
vt 0.07213857 -0.06909513
vt 0.07025392 -0.06620473
vt 0.06841714 -0.06776638
vt 0.07007448 -0.07030816
vt 0.0386689 -0.02421523
vt 0.03676685 -0.02133625
vt 0.03493953 -0.02290895
vt 0.03661216 -0.02544068
vt -0.0001627949 0.03273269
vt -0.002422637 0.03534026
vt -0.004030236 0.03354356
vt -0.002042966 0.0312505
vt -0.05677979 0.06849407
vt -0.05973274 0.07027912
vt -0.06070901 0.06807472
vt -0.05811223 0.06650497
vt -0.1219342 0.0349204
vt -0.125381 0.03475925
vt -0.1249647 0.03238454
vt -0.1219336 0.03252626
vt -0.1304489 -0.03148584
vt -0.1332228 -0.0335382
vt -0.1315552 -0.03527936
vt -0.1291159 -0.03347455
vt -0.1233844 -0.01865605
vt -0.1251011 -0.02118692
vt -0.1228732 -0.02212969
vt -0.121599 -0.02025121
vt -0.1055546 0.009465987
vt -0.1066014 0.006592552
vt -0.1042107 0.00622229
vt -0.1034338 0.008355031
vt -0.08744588 0.0547213
vt -0.08797267 0.05170884
vt -0.08555417 0.05176345
vt -0.08516318 0.05399938
vt -0.0683641 0.09912062
vt -0.06850673 0.09606577
vt -0.06611444 0.09642498
vt -0.06600857 0.09869237
vt 0.1223351 0.05635022
vt 0.1193012 0.05596597
vt 0.120066 0.05367094
vt 0.1223179 0.05395614
vt 0.04616629 -0.1195579
vt 0.04522439 -0.1166484
vt 0.04311169 -0.1178268
vt 0.04381079 -0.1199863
vt 0.02354344 -0.09336706
vt 0.02224201 -0.09059963
vt 0.02029485 -0.09203513
vt 0.02126081 -0.0940892
vt -0.002443718 -0.04711201
vt -0.004210297 -0.04461569
vt -0.005875545 -0.04637042
vt -0.004564339 -0.04822325
vt -0.03659261 0.001905062
vt -0.03891536 0.003894345
vt -0.04010163 0.001786055
vt -0.03837762 0.0003095572
vt -0.08075415 0.02962431
vt -0.08362883 0.03066767
vt -0.08399623 0.02827661
vt -0.08186255 0.02750221
vt -0.1219291 0.01661329
vt -0.1249602 0.01620669
vt -0.1241784 0.01391735
vt -0.1219287 0.01421914
vt -0.1346528 -0.01414842
vt -0.137151 -0.01591236
vt -0.135398 -0.01757946
vt -0.1335438 -0.01627021
vt -0.1331934 -0.01005738
vt -0.1343454 -0.01204424
vt -0.1320189 -0.01270735
vt -0.131406 -0.01165016
vt -0.1273123 0.005936847
vt -0.1276971 0.00367264
vt -0.1252856 0.003864619
vt -0.1250809 0.005069375
vt -0.1236744 0.02662672
vt -0.1232276 0.02437395
vt -0.1210426 0.02541218
vt -0.1212803 0.02661085
vt -0.1296281 0.02610324
vt -0.1281401 0.0243538
vt -0.126738 0.02632515
vt -0.1275298 0.02725601
vt -0.1218996 -0.05856521
vt -0.1196501 -0.0581024
vt -0.1207038 -0.05592481
vt -0.1219007 -0.05617107
vt -0.05386482 -0.1140397
vt -0.0531873 -0.1118452
vt -0.05560318 -0.1117202
vt -0.05596368 -0.1128879
vt -0.03726386 -0.09637896
vt -0.03774114 -0.09413244
vt -0.0399119 -0.09520011
vt -0.03965795 -0.09639546
vt -0.04678237 -0.06175763
vt -0.04802837 -0.05982835
vt -0.04967662 -0.06159906
vt -0.04901363 -0.0626256
vt -0.06869556 -0.02667107
vt -0.07053738 -0.02529909
vt -0.07146263 -0.02753428
vt -0.07048262 -0.02826429
vt -0.09687491 -0.005155538
vt -0.0991052 -0.004607419
vt -0.09908881 -0.007026479
vt -0.0979021 -0.007318133
vt -0.1219258 -0.003704546
vt -0.1241755 -0.004166671
vt -0.1231225 -0.006344579
vt -0.1219254 -0.006098689
vt -0.1339528 -0.01143211
vt -0.1357865 -0.012815
vt -0.1339007 -0.01433023
vt -0.132925 -0.01359441
vt -0.1338289 -0.0174243
vt -0.1343283 -0.0185532
vt -0.1319422 -0.0188982
vt -0.134703 -0.01360363
vt -0.1346502 -0.01483693
vt -0.1323585 -0.01408838
vt -0.134646 -0.01393407
vt -0.1340097 -0.01499184
vt -0.1323553 -0.01323814
vt -0.1325318 -0.02676042
vt -0.1314162 -0.02728873
vt -0.1310098 -0.0249123
vt -0.1219139 -0.05276135
vt -0.120717 -0.05245966
vt -0.1219145 -0.05036721
vt -0.1032908 -0.07261183
vt -0.1025588 -0.07161787
vt -0.1048135 -0.07076437
vt -0.09064774 -0.07294317
vt -0.09058861 -0.07171015
vt -0.09293875 -0.07224806
vt -0.08967885 -0.06002731
vt -0.09021674 -0.05891623
vt -0.09202326 -0.06051278
vt -0.09760277 -0.04354049
vt -0.09857747 -0.04278301
vt -0.099489 -0.04501496
vt -0.1099104 -0.03051074
vt -0.1111181 -0.03025499
vt -0.1109633 -0.03266094
vt -0.1219228 -0.02358021
vt -0.1231198 -0.0238818
vt -0.1219224 -0.02597435
vt -0.1301347 -0.02052318
vt -0.1310771 -0.02132061
vt -0.1290812 -0.02267307
vt 0.164417 0.0406291
vt 0.1631502 0.03892756
vt 0.1635513 0.03862898
vt 0.164818 0.04033051
vt 0.02357642 -0.1189454
vt 0.02153961 -0.1183526
vt 0.02139989 -0.1188327
vt 0.0234367 -0.1194255
vt -0.1631502 0.03892756
vt -0.164417 0.0406291
vt -0.164818 0.04033051
vt -0.1635513 0.03862897
vt -0.02153957 -0.1183526
vt -0.02357638 -0.1189454
vt -0.02343664 -0.1194255
vt -0.02139984 -0.1188327
vt -0.08230399 0.1159755
vt -0.08185475 0.1139023
vt -0.07978155 0.1143515
vt -0.08023077 0.1164247
vt 0.08023078 0.1164247
vt 0.07978154 0.1143515
vt 0.08185475 0.1139023
vt 0.08230399 0.1159755
vt 0.01191366 0.05381063
vt 0.009034436 0.05003273
vt 0.02414604 0.03851582
vt 0.02702527 0.04229372
vt 0.07849611 0.0689313
vt 0.07432131 0.06666558
vt 0.08338419 0.04996636
vt 0.087559 0.05223208
vt 0.1265585 -0.02240218
vt 0.1221067 -0.0207456
vt 0.1154804 -0.03855268
vt 0.1199322 -0.04020926
vt 0.09314092 -0.07465781
vt 0.09008087 -0.07102481
vt 0.07554889 -0.08326498
vt 0.07860894 -0.08689797
vt 0.05890639 -0.05388331
vt 0.05648137 -0.04979898
vt 0.04014405 -0.05949909
vt 0.04256908 -0.06358342
vt 0.02765938 -0.001607461
vt 0.02528222 0.002504914
vt 0.008832728 -0.007003732
vt 0.01120989 -0.01111611
vt -0.01191367 0.05381064
vt -0.0147929 0.05758855
vt -0.02990451 0.04607163
vt -0.02702528 0.04229373
vt -0.07849614 0.0689313
vt -0.08267095 0.07119702
vt -0.09173383 0.05449779
vt -0.08755903 0.05223207
vt -0.1265585 -0.02240218
vt -0.1310103 -0.02405876
vt -0.124384 -0.04186584
vt -0.1199322 -0.04020926
vt -0.09314092 -0.07465781
vt -0.09620096 -0.0782908
vt -0.08166898 -0.09053097
vt -0.07860894 -0.08689798
vt -0.0589064 -0.05388331
vt -0.06133143 -0.05796764
vt -0.04499412 -0.06766777
vt -0.04256909 -0.06358343
vt -0.02765936 -0.001607417
vt -0.03003651 -0.005719785
vt -0.01358703 -0.01522843
vt -0.01120987 -0.01111607
vt 0.1296822 -0.04347734
vt 0.1294368 -0.0385659
vt 0.1267686 -0.03443518
vt 0.1223925 -0.03219199
vt 0.117481 -0.0324374
vt 0.1133503 -0.03510565
vt 0.1111071 -0.03948179
vt 0.1113525 -0.04439322
vt 0.1140208 -0.04852394
vt 0.1183969 -0.05076712
vt 0.1233083 -0.05052171
vt 0.1274391 -0.04785346
vt -0.1274391 -0.04785347
vt -0.1233083 -0.05052171
vt -0.1183969 -0.05076712
vt -0.1140208 -0.04852394
vt -0.1113525 -0.04439322
vt -0.1111071 -0.03948178
vt -0.1133503 -0.03510565
vt -0.117481 -0.0324374
vt -0.1223925 -0.032192
vt -0.1267686 -0.03443518
vt -0.1294368 -0.0385659
vt -0.1296822 -0.04347734
vt -0.05482817 0.1188633
vt -0.05068282 0.118131
vt -0.05141507 0.1139857
vt -0.05556042 0.1147179
vt -0.08530479 0.1359793
vt -0.08541648 0.1325441
vt -0.08249732 0.1307297
vt -0.08238563 0.134165
vt -0.1561988 0.01810472
vt -0.1538068 0.01987629
vt -0.1513014 0.01649352
vt -0.1536934 0.01472196
vt 0.1273682 -0.07563445
vt 0.1250605 -0.07639679
vt 0.1217969 -0.07747491
vt 0.1241046 -0.07671256
vt -0.138687 0.0001762801
vt -0.138687 0.0001762796
vt -0.1354271 -0.002486962
vt -0.1354271 -0.00248696
vt 0.082747 -0.0531383
vt 0.0827634 -0.05657532
vt 0.07979505 -0.05830802
vt 0.07977866 -0.05487101
vt -0.08215767 0.06995003
vt -0.08427252 0.0678554
vt -0.08131026 0.06486456
vt -0.07919542 0.06695919
vt 0.02031536 0.006050743
vt 0.02360868 0.003428891
vt 0.02146795 0.0007399083
vt 0.01817463 0.003361757
vt -0.08630557 -0.0805261
vt -0.08152816 -0.08096478
vt -0.0776607 -0.07784963
vt -0.07696868 -0.07300545
vt -0.07985749 -0.06926991
vt -0.08463491 -0.06883122
vt -0.08850237 -0.07194638
vt -0.08919438 -0.07679056
vt 0.09038858 -0.08273067
vt 0.08978734 -0.0785643
vt 0.08641613 -0.07604339
vt 0.08224977 -0.07664464
vt 0.07972886 -0.08001585
vt 0.08033012 -0.08418222
vt 0.08370133 -0.08670313
vt 0.08786768 -0.08610187
vt 0 0
vt 0 0
vt 0 0
vt 0 0
vt 0 0
vt 0 0
vt 0 0
vt 0 0
vt 0 0
vt 0 0
vt 0 0
vt 0 0
vt 0 0
vt 0 0
vt 0 0
vt 0 0
vt 0 0
vt 0 0
vt 0 0
vt 0 0
vt 0 0
vt 0 0
vt 0 0
vt 0 0
vt 0 0
vt 0 0
vt 0 0
vt 0 0
vt 0 0
vt 0 0
vt 0 0
vt 0 0
vt 0 0
vt 0 0
vt 0 0
vt 0 0
vt 0 0
vt 0 0
vt 0 0
vt 0 0
vt 0 0
vt 0 0
vt 0 0
vt 0 0
vt 0 0
vt 0 0
vt 0 0
vt 0 0
vt 0 0
vt 0 0
vt 0 0
vt 0 0
vt 0 0
vt 0 0
vt 0 0
vt 0 0
vt 0 0
vt 0 0
vt 0 0
vt 0 0
vt 0 0
vt 0 0
vt 0 0
vt 0 0
vt -0.03298826 0.1753944
vt -0.01967087 0.1692065
vt -0.01882811 0.1710202
vt -0.0321455 0.1772082
vt -0.1750202 0.01060427
vt -0.1766051 0.01182416
vt -0.1763733 0.008925879
vt -0.1301968 -0.05289884
vt -0.1352648 -0.06662925
vt -0.1214885 -0.07171418
vt -0.1164205 -0.05798377
vt 0.1301968 -0.05289884
vt 0.1164205 -0.05798377
vt 0.1214885 -0.07171418
vt 0.1352648 -0.06662925
vt -0.1725732 0.01613232
vt -0.1741392 0.01737633
vt -0.1832428 0.005916256
vt -0.1816768 0.004672245
vt 0.1725732 0.01613232
vt 0.1816768 0.004672247
vt 0.1832428 0.005916258
vt 0.1741392 0.01737633
vt 0.1055285 0.0090241
vt 0.09143296 0.004906041
vt 0.09225626 0.001426997
vt 0.1768997 0.01124016
vt 0.1753133 0.01002223
vt 0.1754355 0.007193075
vt -0.08719473 0.01936235
vt -0.1013004 0.02344568
vt -0.08773248 0.01658208
vt -0.1889607 -0.006545434
vt -0.1908746 -0.005965004
vt -0.1826816 -0.01393408
vt -0.1831247 0.01658673
vt -0.1811969 0.0160541
vt -0.1817526 0.01824968
vt -0.07399159 0.0764481
vt -0.07438879 0.07421838
vt -0.06051382 0.06940912
vt 0.07182579 0.03708722
vt 0.08574177 0.04177642
vt 0.08513474 0.04461988
vt 0.1836775 0.007709011
vt 0.1856031 0.008249369
vt 0.1850636 0.01178355
vt 0.01986419 0.1695013
vt 0.006777216 0.1628399
vt 0.01275013 0.1524564
vt 0.191529 -0.006499317
vt 0.1896195 -0.007094136
vt 0.1807643 -0.01429782
vt 0.001253501 0.1680146
vt -0.0116118 0.1750946
vt -0.004853682 0.1583704
vt -0.1816405 0.03515263
vt -0.1836007 0.03475551
vt -0.1796986 0.03104075
vt -0.1783192 0.03151045
vt -0.1741866 -0.01311539
vt -0.1722315 -0.01269434
vt -0.1807204 -0.005950918
vt -0.0228603 0.1726114
vt -0.02830316 0.1632353
vt -0.01542618 0.1561765
vt 0.02344009 0.1496269
vt 0.03653598 0.1562707
vt 0.03120961 0.1663832
vt 0.172624 -0.01073457
vt 0.1745796 -0.01115333
vt 0.1837067 -0.003395173
vt 0.01664339 0.1722224
vt 0.004073371 0.1646305
vt 0.008287223 0.1615498
vt 0.1575718 -0.07535546
vt 0.155667 -0.07474564
vt 0.151852 -0.07760836
vt -0.01425355 0.1570891
vt -0.02709856 0.164206
vt -0.01813598 0.1543185
vt -0.1839904 -0.05425798
vt -0.1849431 -0.05536172
vt -0.176839 -0.06235639
vt -0.1758863 -0.06125267
vt -0.05242271 0.1497823
vt -0.05247949 0.1448532
vt -0.04258611 0.1407639
vt 0.03481756 0.1504101
vt 0.04459219 0.1547756
vt 0.04424245 0.1601518
vt 0.1440021 -0.07267311
vt 0.1453103 -0.07331679
vt 0.1498206 -0.07068928
vt -0.1943268 0.02246883
vt -0.1915817 0.02315001
vt -0.191213 0.02166433
vt -0.1939582 0.02098315
vt 0.08611211 -0.159997
vt 0.08348505 -0.1618522
vt 0.08551697 -0.1604172
vt -0.1020104 -0.1499506
vt -0.1038369 -0.1521102
vt -0.1013827 -0.1541859
vt -0.09955616 -0.1520263
vt -0.1124652 -0.08779983
vt -0.1127872 -0.0884534
vt -0.1153245 -0.08720356
vt 0.1936506 0.01224238
vt 0.1911543 0.01357223
vt 0.1895007 0.009438777
vt 0.1911204 0.008534525
vt 0 0
vt 0 0
vt 0 0
vt 0 0
vt 0 0
vt 0 0
vt 0 0
vt 0 0
vt 0 0
vt 0 0
vt 0 0
vt 0 0
vt 0 0
vt 0 0
vt 0 0
vt 0 0
vt 0 0
vt 0 0
vt 0 0
vt 0 0
vt 0 0
vt 0 0
vt 0 0
vt 0 0
vt 0 0
vt 0 0
vt 0 0
vt 0 0
vt 0 0
vt 0 0
vt 0 0
vt 0 0
vt 0 0
vt 0 0
vt 0 0
vt 0 0
vt 0 0
vt 0 0
vt 0 0
vt 0 0
vt 0 0
vt 0 0
vt 0 0
vt 0 0
vt 0 0
vt 0 0
vt 0 0
vt 0 0
vt 0 0
vt 0 0
vt 0 0
vt 0 0
vt 0 0
vt 0 0
vt 0 0
vt 0 0
vt 0 0
vt 0 0
vt 0 0
vt 0 0
vt 0 0
vt 0 0
vt 0 0
vt 0 0
vt 0 0
vt 0 0
vt 0 0
vt 0 0
vt 0 0
vt 0 0
vt 0 0
vt 0 0
vt 0 0
vt 0 0
vt 0 0
vt 0 0
vt 0 0
vt 0 0
vt 0 0
vt 0 0
vt 0 0
vt 0 0
vt 0 0
vt 0 0
vt 0 0
vt 0 0
vt 0 0
vt 0 0
vt 0 0
vt 0 0
vt 0 0
vt 0 0
vt 0 0
vt 0 0
vt 0 0
vt 0 0
vt 0 0
vt 0 0
vt 0 0
vt 0 0
vt 0 0
vt 0 0
vt 0 0
vt 0 0
vt 0 0
vt 0 0
vt 0 0
vt 0 0
vt 0 0
vt 0 0
vt 0 0
vt 0 0
vt 0 0
vt 0 0
vt 0 0
vt 0 0
vt 0 0
vt 0 0
vt 0 0
vt 0 0
vt 0 0
vt 0 0
vt 0 0
vt 0 0
vt 0 0
vt 0 0
vt 0 0
vt 0 0
vt -0.03275655 0.09200998
vt -0.0353539 0.09312975
vt -0.0355282 0.08849103
vt -0.03385282 0.08769561
vt -0.195402 0.02507785
vt -0.1979176 0.02378488
vt -0.1954027 0.01984154
vt -0.1937744 0.02073072
vt 0.01358053 0.1294806
vt 0.0110425 0.1282322
vt 0.01231726 0.1239279
vt 0.01394488 0.124818
vt -0.1591847 -0.07859381
vt -0.1580159 -0.07715236
vt -0.1594574 -0.07598362
vt -0.1606261 -0.07742508
vt 0.1952264 0.01253012
vt 0.1926168 0.01362098
vt 0.1913764 0.01065375
vt 0.193986 0.009562885
vt 0.02815764 0.09235929
vt 0.02815765 0.09235929
vt 0.02865536 0.09091174
vt 0.02865536 0.09091173
vt 0.1677694 -0.04667172
vt 0.1653476 -0.04521067
vt 0.1642845 -0.05070392
vt 0 0
vt 0 0
vt 0 0
vt 0 0
vt 0 0
vt 0 0
vt 0 0
vt 0 0
vt 0 0
vt 0 0
vt 0 0
vt 0 0
vt 0 0
vt 0 0
vt 0 0
vt 0 0
vt 0 0
vt 0 0
vt 0 0
vt 0 0
vt 0 0
vt 0 0
vt 0 0
vt 0 0
vt 0 0
vt 0 0
vt 0 0
vt 0 0
vt 0 0
vt 0 0
vt 0 0
vt 0 0
vt 0 0
vt 0 0
vt 0 0
vt 0 0
vt 0 0
vt 0 0
vt 0 0
vt 0 0
vt 0 0
vt 0 0
vt 0 0
vt 0 0
vt 0 0
vt 0 0
vt 0 0
vt 0 0
vt 0 0
vt 0 0
vt 0 0
vt 0 0
vt 0 0
vt 0 0
vt 0 0
vt 0 0
vt 0 0
vt 0 0
vt 0 0
vt 0 0
vt 0 0
vt 0 0
vt 0 0
vt 0 0
vt 0 0
vt 0 0
vt 0 0
vt 0 0
vt 0 0
vt 0 0
vt 0 0
vt 0 0
vt 0 0
vt 0 0
vt 0 0
vt 0 0
vt 0 0
vt 0 0
vt 0 0
vt 0 0
vt 0 0
vt 0 0
vt 0 0
vt 0 0
vt 0 0
vt 0 0
vt 0 0
vt 0 0
vt 0 0
vt 0 0
vt 0 0
vt 0 0
vt 0 0
vt 0 0
vt 0 0
vt 0 0
vt 0 0
vt 0 0
vt 0 0
vt 0 0
vt 0 0
vt 0 0
vt 0 0
vt 0 0
vt 0 0
vt 0 0
vt 0 0
vt 0 0
vt 0 0
vt 0 0
vt 0 0
vt 0 0
vt 0 0
vt 0 0
vt 0 0
vt 0 0
vt 0 0
vt 0 0
vt 0 0
vt 0 0
vt 0 0
vt 0 0
vt 0 0
vt 0 0
vt 0 0
vt 0 0
vt 0 0
vt 0 0
vt -0.1000875 -0.08390717
vt -0.09978754 -0.08324323
vt -0.09751002 -0.08507183
vt 0.07031496 -0.1579807
vt 0.06967273 -0.1583247
vt 0.07186545 -0.1571502
vt -0.05378739 0.04038078
vt -0.05631486 0.0416504
vt -0.05922055 0.03719086
vt -0.17323 -0.02489684
vt -0.1757339 -0.02621234
vt -0.1739685 -0.03117001
vt 0.04025918 0.07197113
vt 0.03775253 0.0706609
vt 0.04336966 0.06772612
vt -0.1627864 -0.0678882
vt -0.1613484 -0.06671523
vt -0.1625213 -0.06527722
vt -0.1639594 -0.06645019
vt 0.1715511 -0.04511196
vt 0.1730851 -0.04615618
vt 0.1748063 -0.04089214
vt 0.026783 0.05119457
vt 0.03082455 0.04740798
vt 0.03243567 0.04832884
vt -0.04877768 0.01963722
vt -0.04716008 0.01872779
vt -0.0433355 0.02281171
vt -0.1839306 -0.01570014
vt -0.1823007 -0.01481293
vt -0.1826978 -0.009505121
vt 0.1030254 -0.09210621
vt 0.1032092 -0.0963117
vt 0.09900372 -0.09649558
vt 0.09881984 -0.09229008
vt -0.1706352 -0.002007519
vt -0.1709648 -0.005428738
vt -0.1681667 -0.007424754
vt -0.1678371 -0.004003529
vt 0.09902412 -0.002819149
vt 0.09910874 -0.005794527
vt 0.09490093 -0.005914215
vt 0.0948163 -0.002938843
vt -0.1606691 0.002514361
vt -0.1582446 0.002346179
vt -0.1548158 0.002108333
vt -0.1572403 0.002276515
vt 0.09553917 0.09217151
vt 0.09553917 0.09217151
vt 0.09133257 0.0920148
vt 0.09133258 0.09201481
vt -0.161025 0.02321574
vt -0.1607118 0.0266385
vt -0.157591 0.02807868
vt -0.1579042 0.02465592
vt 0.0492993 0.1564511
vt 0.04830124 0.1592554
vt 0.0443354 0.1578439
vt 0.04533346 0.1550397
vt -0.1438698 -0.05993444
vt -0.1480362 -0.05933353
vt -0.1475455 -0.05593167
vt -0.1433791 -0.05653259
vt -0.1343346 0.007688901
vt -0.1378206 0.004392851
vt -0.1380378 -0.0005684239
vt -0.1348591 -0.004288672
vt -0.1301464 -0.004588627
vt -0.1266604 -0.001292573
vt -0.1264431 0.003668702
vt -0.1296219 0.007388952
vt 0.1332915 0.0122103
vt 0.1305615 0.009006048
vt 0.1308969 0.004809913
vt 0.1341011 0.00207993
vt 0.1382972 0.002415289
vt 0.1410272 0.005619545
vt 0.1406919 0.009815677
vt 0.1374876 0.01254566
vt 0 0
vt 0 0
vt 0 0
vt 0 0
vt 0 0
vt 0 0
vt 0 0
vt 0 0
vt 0 0
vt 0 0
vt 0 0
vt 0 0
vt 0 0
vt 0 0
vt 0 0
vt 0 0
vt 0 0
vt 0 0
vt 0 0
vt 0 0
vt 0 0
vt 0 0
vt 0 0
vt 0 0
vt 0 0
vt 0 0
vt 0 0
vt 0 0
vt 0 0
vt 0 0
vt 0 0
vt 0 0
vt 0 0
vt 0 0
vt 0 0
vt 0 0
vt 0 0
vt 0 0
vt 0 0
vt 0 0
vt 0 0
vt 0 0
vt 0 0
vt 0 0
vt 0 0
vt 0 0
vt 0 0
vt 0 0
vt 0 0
vt 0 0
vt 0 0
vt 0 0
vt 0 0
vt 0 0
vt 0 0
vt 0 0
vt 0 0
vt 0 0
vt 0 0
vt 0 0
vt 0 0
vt 0 0
vt 0 0
vt 0 0
vt -0.1471379 -0.0113667
vt -0.1434471 -0.009342273
vt -0.1414227 -0.01303304
vt -0.1451134 -0.01505746
vt 0.03372345 -0.1342518
vt 0.03230746 -0.13112
vt 0.02888722 -0.1307804
vt 0.03030322 -0.1339122
vt -0.09794243 -0.03515097
vt -0.09625612 -0.03269814
vt -0.09278728 -0.03508293
vt -0.09447359 -0.03753576
vt 0.01587002 -0.08024371
vt 0.013537 -0.08092467
vt 0.01023762 -0.08188771
vt 0.01257063 -0.08120674
vt -0.04236423 0.04612439
vt -0.04236423 0.04612439
vt -0.03885559 0.04379856
vt -0.03885559 0.04379856
vt -0.03141778 -0.004792282
vt -0.0310041 -0.00820435
vt -0.0337522 -0.01026864
vt -0.03416588 -0.006856575
vt 0.05332256 0.1096783
vt 0.05085985 0.1080065
vt 0.05322416 0.1045237
vt 0.05568688 0.1061955
vt -0.09630714 0.03594016
vt -0.09241208 0.03434373
vt -0.09371557 0.03116343
vt -0.09761062 0.03275987
vt -0.1278235 -0.04457371
vt -0.1227899 -0.04274505
vt -0.1205259 -0.03789268
vt -0.1223577 -0.03285907
vt -0.1272122 -0.03059283
vt -0.1322458 -0.0324215
vt -0.1345098 -0.03727386
vt -0.1326781 -0.04230748
vt 0.1318577 -0.03958903
vt 0.1332961 -0.03563291
vt 0.1315159 -0.03181837
vt 0.1275598 -0.03037992
vt 0.1237452 -0.03216019
vt 0.1223068 -0.0361163
vt 0.124087 -0.03993084
vt 0.1280431 -0.04136929
vt 0 0
vt 0 0
vt 0 0
vt 0 0
vt 0 0
vt 0 0
vt 0 0
vt 0 0
vt 0 0
vt 0 0
vt 0 0
vt 0 0
vt 0 0
vt 0 0
vt 0 0
vt 0 0
vt 0 0
vt 0 0
vt 0 0
vt 0 0
vt 0 0
vt 0 0
vt 0 0
vt 0 0
vt 0 0
vt 0 0
vt 0 0
vt 0 0
vt 0 0
vt 0 0
vt 0 0
vt 0 0
vt -0.02534039 0.04124419
vt -0.02810675 0.03738287
vt -0.01266149 0.02631743
vt -0.00989513 0.03017874
vt 0.03293611 0.08719535
vt 0.0293353 0.0840975
vt 0.04172666 0.06969424
vt 0.04532748 0.07279208
vt 0.1182396 0.05596789
vt 0.1135106 0.05552193
vt 0.1152944 0.03660586
vt 0.1200235 0.03705181
vt 0.1331156 -0.03839087
vt 0.1292187 -0.03567483
vt 0.1183545 -0.05126231
vt 0.1222514 -0.05397836
vt 0.09886882 -0.05544348
vt 0.0959748 -0.05167689
vt 0.08090845 -0.06325297
vt 0.08380248 -0.06701955
vt 0.06419687 -0.01739495
vt 0.0616303 -0.01339805
vt 0.04564269 -0.0236643
vt 0.04820926 -0.02766122
vt 0.02534037 0.0412442
vt 0.02257401 0.04510551
vt 0.007128761 0.03404007
vt 0.00989512 0.03017876
vt -0.03293615 0.08719535
vt -0.03653697 0.0902932
vt -0.04892833 0.07588993
vt -0.04532751 0.07279208
vt -0.1182397 0.05596789
vt -0.1229687 0.05641384
vt -0.1247525 0.03749776
vt -0.1200235 0.0370518
vt -0.1331156 -0.03839087
vt -0.1370125 -0.04110692
vt -0.1261483 -0.0566944
vt -0.1222514 -0.05397836
vt -0.09886883 -0.05544349
vt -0.1017628 -0.05921008
vt -0.0866965 -0.07078615
vt -0.08380248 -0.06701956
vt -0.06419685 -0.01739492
vt -0.06676342 -0.02139182
vt -0.0507758 -0.03165808
vt -0.04820923 -0.02766117
vt 0.1352111 -0.04122714
vt 0.1336536 -0.03656275
vt 0.1299725 -0.03330205
vt 0.1251543 -0.03231873
vt 0.1204899 -0.03387627
vt 0.1172292 -0.03755734
vt 0.1162459 -0.04237558
vt 0.1178034 -0.04703997
vt 0.1214845 -0.05030068
vt 0.1263027 -0.051284
vt 0.1309671 -0.04972645
vt 0.1342278 -0.04604539
vt -0.1342278 -0.04604539
vt -0.1309671 -0.04972645
vt -0.1263027 -0.051284
vt -0.1214845 -0.05030068
vt -0.1178034 -0.04703997
vt -0.1162459 -0.04237559
vt -0.1172292 -0.03755733
vt -0.1204899 -0.03387627
vt -0.1251543 -0.03231873
vt -0.1299725 -0.03330205
vt -0.1336536 -0.03656276
vt -0.1352111 -0.04122715
vt 0.1665037 0.04031288
vt 0.165282 0.03857862
vt 0.1656908 0.03829069
vt 0.1669125 0.04002494
vt 0.02244274 -0.1232937
vt 0.02039759 -0.1227304
vt 0.02026481 -0.1232124
vt 0.02230997 -0.1237758
vt -0.165282 0.03857863
vt -0.1665037 0.04031288
vt -0.1669124 0.04002494
vt -0.1656908 0.03829069
vt -0.02039755 -0.1227304
vt -0.02244271 -0.1232937
vt -0.02230993 -0.1237758
vt -0.02026478 -0.1232124
vt -0.07792339 0.1161269
vt -0.07751933 0.1140444
vt -0.07543685 0.1144484
vt -0.0758409 0.1165309
vt 0.0758409 0.1165309
vt 0.07543685 0.1144484
vt 0.07751933 0.1140444
vt 0.07792338 0.1161269
vt 0.04127465 -0.01976303
vt 0.04936575 -0.03560759
vt 0.05827175 -0.0310597
vt 0.05018064 -0.01521514
vt -0.04127464 -0.01976303
vt -0.05018064 -0.01521514
vt -0.05827175 -0.0310597
vt -0.04936576 -0.03560759
vt -0.1127479 -0.02258621
vt -0.131239 -0.020279
vt -0.1334417 -0.03793301
vt -0.1149507 -0.04024021
vt 0.1127479 -0.02258621
vt 0.1149507 -0.04024022
vt 0.1334417 -0.03793301
vt 0.131239 -0.020279
vt -0.09937475 0.05286951
vt -0.09700116 0.06258373
vt -0.1151031 0.06700678
vt -0.1174767 0.05729256
vt 0.09937474 0.05286951
vt 0.1174767 0.05729256
vt 0.1151031 0.06700678
vt 0.09700116 0.06258373
vt 0.1471571 0.04559087
vt 0.1467484 0.04501384
vt 0.1469978 0.04448804
vt 0.1474076 0.04506431
vt 0.06177992 -0.03764917
vt 0.06107459 -0.03759911
vt 0.06093464 -0.03815637
vt 0.0616394 -0.03821391
vt -0.1466145 0.04516638
vt -0.1470229 0.04574361
vt -0.1472668 0.04522209
vt -0.1468573 0.04464561
vt -0.06108589 -0.03743438
vt -0.06179122 -0.03748446
vt -0.06165059 -0.03805036
vt -0.06094584 -0.03799278
vt -0.0759045 0.1157236
vt -0.07584 0.1150194
vt -0.07513584 0.1150839
vt -0.07520035 0.1157881
vt 0.07292558 0.1166496
vt 0.0728675 0.1159449
vt 0.07357222 0.1158868
vt 0.0736303 0.1165915
vt -0.2025649 0.04007918
vt -0.1997524 0.03977989
vt -0.1999144 0.03825775
vt -0.2027269 0.03855704
vt 0.1914027 0.07199439
vt 0.1919758 0.0695738
vt 0.1921436 0.06886482
vt 0.1915706 0.07128542
vt -0.01727008 0.01790787
vt -0.01727009 0.01790786
vt -0.01722399 0.01637782
vt -0.01722398 0.01637783
vt 0.003153894 -0.1728931
vt 0.005973578 -0.1731152
vt 0.005916358 -0.1738416
vt 0.003096667 -0.1736194
vt -0.06924364 0.1905644
vt -0.06864145 0.1880635
vt -0.06606794 0.1890097
vt -0.06667013 0.1915105
vt 0.07211252 0.1933366
vt 0.07134207 0.1906151
vt 0.07406355 0.1898447
vt 0.07483398 0.1925662
vt 0 0
vt 0 0
vt 0 0
vt 0 0
vt 0 0
vt 0 0
vt 0 0
vt 0 0
vt 0 0
vt 0 0
vt 0 0
vt 0 0
vt 0 0
vt 0 0
vt 0 0
vt 0 0
vt 0 0
vt 0 0
vt 0 0
vt 0 0
vt 0 0
vt 0 0
vt 0 0
vt 0 0
vt 0 0
vt 0 0
vt 0 0
vt 0 0
vt 0 0
vt 0 0
vt 0 0
vt 0 0
vt 0 0
vt 0 0
vt 0 0
vt 0 0
vt 0 0
vt 0 0
vt 0 0
vt 0 0
vt 0 0
vt 0 0
vt 0 0
vt 0 0
vt 0 0
vt 0 0
vt 0 0
vt 0 0
vt 0 0
vt 0 0
vt 0 0
vt 0 0
vt 0 0
vt 0 0
vt 0 0
vt 0 0
vt 0 0
vt 0 0
vt 0 0
vt 0 0
vt 0 0
vt 0 0
vt 0 0
vt 0 0
vt 0 0
vt 0 0
vt 0 0
vt 0 0
vt 0 0
vt 0 0
vt 0 0
vt 0 0
vt 0 0
vt 0 0
vt 0 0
vt 0 0
vt 0 0
vt 0 0
vt 0 0
vt 0 0
vt 0 0
vt 0 0
vt 0 0
vt 0 0
vt 0 0
vt 0 0
vt 0 0
vt 0 0
vt 0 0
vt 0 0
vt 0 0
vt 0 0
vt 0 0
vt 0 0
vt 0 0
vt 0 0
vt 0 0
vt 0 0
vt 0 0
vt 0 0
vt 0 0
vt 0 0
vt 0 0
vt 0 0
vt 0 0
vt 0 0
vt 0 0
vt 0 0
vt 0 0
vt 0 0
vt 0 0
vt 0 0
vt -0.08585473 -0.05100461
vt -0.08562013 -0.05239923
vt -0.08637489 -0.05252619
vt -0.0866095 -0.05113157
vt -0.1070327 0.02015089
vt -0.1059642 0.01951432
vt -0.1056512 0.01932787
vt -0.1067197 0.01996445
vt -0.1350889 0.1331778
vt -0.1350889 0.1331778
vt -0.1358246 0.1329668
vt -0.1358246 0.1329668
vt -0.1257979 0.1079207
vt -0.1269382 0.1087571
vt -0.1267227 0.1090509
vt -0.1255824 0.1082144
vt -0.1620219 0.05320891
vt -0.1627372 0.05198895
vt -0.1615173 0.0512736
vt -0.1608019 0.05249355
vt 0.1610651 0.05156627
vt 0.1617755 0.05034617
vt 0.1629862 0.05106122
vt 0.1622759 0.05228133
vt 0 0
vt 0 0
vt 0 0
vt 0 0
vt 0 0
vt 0 0
vt 0 0
vt 0 0
vt 0 0
vt 0 0
vt 0 0
vt 0 0
vt 0 0
vt 0 0
vt 0 0
vt 0 0
vt -0.1429438 -0.006852494
vt -0.1431745 -0.008247763
vt -0.1439297 -0.008122901
vt -0.143699 -0.006727634
vt -0.05797868 -0.01784507
vt -0.05677277 -0.0181495
vt -0.05641956 -0.01823867
vt -0.05762548 -0.01793423
vt -0.07452512 0.178266
vt -0.07452512 0.178266
vt -0.0752259 0.1785738
vt -0.0752259 0.1785738
vt -0.109344 0.08609679
vt -0.1106602 0.08661404
vt -0.110527 0.08695309
vt -0.1092107 0.08643584
vt -0.1351595 0.01912325
vt -0.1356597 0.01780121
vt -0.1343413 0.01730713
vt -0.1338412 0.01862917
vt 0.1353097 0.01880826
vt 0.135808 0.01748477
vt 0.1371315 0.01798311
vt 0.1366332 0.01930661
vt 0 0
vt 0 0
vt 0 0
vt 0 0
vt 0 0
vt 0 0
vt 0 0
vt 0 0
vt 0 0
vt 0 0
vt 0 0
vt 0 0
vt 0 0
vt 0 0
vt 0 0
vt 0 0
vt 0.1089518 0.01626324
vt 0.1086215 0.01746881
vt 0.1037992 0.01614766
vt 0.1041295 0.01494209
vt 0.1413955 -0.06255934
vt 0.1398894 -0.06154606
vt 0.136731 -0.06436007
vt 0.1917352 0.01032933
vt 0.190621 0.01098768
vt 0.1890655 0.008468153
vt 0.1901796 0.007809808
vt 0.03352818 0.1908544
vt 0.03155792 0.1908009
vt 0.03564491 0.1887839
vt -0.01049056 0.1853571
vt -0.01108863 0.183879
vt -0.006894439 0.1811571
vt -0.1162044 -0.008452235
vt -0.1167678 -0.01051304
vt -0.1119605 -0.01188778
vt -0.1113971 -0.009826977
vt -0.1089518 0.01626322
vt -0.1092821 0.01505765
vt -0.1044598 0.0137365
vt -0.1041295 0.01494208
vt -0.1333098 -0.05156277
vt -0.1337152 -0.05274518
vt -0.1289856 -0.054367
vt -0.1285801 -0.05318459
vt -0.1740038 -0.05551369
vt -0.17473 -0.05653111
vt -0.1706603 -0.05943589
vt -0.1699342 -0.05841847
vt -0.09680427 0.1691795
vt -0.09792693 0.1697292
vt -0.1001256 0.1652386
vt -0.09900293 0.1646889
vt 0.0458386 0.1661216
vt 0.04533075 0.1672638
vt 0.04076201 0.1652324
vt 0.04126986 0.1640902
vt 0.08541791 0.09732646
vt 0.08506577 0.09852584
vt 0.08026828 0.09711725
vt 0.08062042 0.09591787
vt -0.1639584 0.00751128
vt -0.1631731 0.006482681
vt -0.1619788 0.005984537
vt -0.1606953 0.006150322
vt -0.1596667 0.006935607
vt -0.1591686 0.008129979
vt -0.163626 0.009989087
vt -0.1641242 0.008794714
vt 0.1641242 0.008794713
vt 0.163626 0.009989086
vt 0.1591686 0.008129979
vt 0.1596667 0.006935605
vt 0.1606953 0.006150321
vt 0.1619788 0.005984536
vt 0.1631731 0.00648268
vt 0.1639584 0.007511278
vt -0.1751835 0.02201647
vt -0.174433 0.02401671
vt -0.1758533 0.02474132
vt 0.1562813 0.00923657
vt 0.1546669 0.008647373
vt 0.1553173 0.006612377
vt -0.01042344 0.1826934
vt -0.005846292 0.1798944
vt -0.006013002 0.1815444
vt 0.01682124 0.182969
vt 0.01795911 0.1842569
vt 0.01372186 0.1875479
vt 0.1761641 0.0640206
vt 0.1748016 0.06307512
vt 0.1748099 0.06027948
vt -0.03545463 0.05539463
vt -0.0362539 0.05808435
vt -0.03822482 0.05810025
vt 0.1304827 -0.05998714
vt 0.127631 -0.06078435
vt 0.1271984 -0.06265303
vt 0.1725627 0.07065054
vt 0.1715391 0.07227267
vt 0.1702577 0.0724535
vt 0.1455829 0.05307376
vt 0.1431388 0.0546833
vt 0.1411053 0.05126352
vt -0.1354427 -0.1025041
vt -0.1366863 -0.1028622
vt -0.1374418 -0.1045127
vt -0.1786578 -0.01306038
vt -0.1803027 -0.009554876
vt -0.1828845 -0.01072355
vt -0.2037224 0.03731748
vt -0.2009554 0.03790373
vt -0.2006381 0.03640624
vt -0.2034051 0.03581998
vt 0.1968542 -0.02563639
vt 0.1957841 -0.02788194
vt 0.1954706 -0.02853964
vt 0.1965408 -0.0262941
vt -0.02733512 0.07780792
vt -0.02733512 0.07780792
vt -0.02728054 0.07627816
vt -0.02728054 0.07627816
vt 0.01746009 -0.1321298
vt 0.02028441 -0.132282
vt 0.02024522 -0.1330095
vt 0.0174209 -0.1328573
vt -0.006876177 -0.1952057
vt -0.006390597 -0.1924298
vt -0.009159581 -0.1919765
vt -0.009645151 -0.1947524
vt 0.007611281 -0.1929791
vt 0.007141559 -0.1901899
vt 0.004352403 -0.1906597
vt 0.004822136 -0.1934488
vt 0 0
vt 0 0
vt 0 0
vt 0 0
vt 0 0
vt 0 0
vt 0 0
vt 0 0
vt 0 0
vt 0 0
vt 0 0
vt 0 0
vt 0 0
vt 0 0
vt 0 0
vt 0 0
vt 0 0
vt 0 0
vt 0 0
vt 0 0
vt 0 0
vt 0 0
vt 0 0
vt 0 0
vt 0 0
vt 0 0
vt 0 0
vt 0 0
vt 0 0
vt 0 0
vt 0 0
vt 0 0
vt 0 0
vt 0 0
vt 0 0
vt 0 0
vt 0 0
vt 0 0
vt 0 0
vt 0 0
vt 0 0
vt 0 0
vt 0 0
vt 0 0
vt 0 0
vt 0 0
vt 0 0
vt 0 0
vt 0.09563972 -0.04795065
vt 0.1083216 -0.06042808
vt 0.115335 -0.05329979
vt 0.1026531 -0.04082236
vt -0.09563972 -0.04795065
vt -0.1026531 -0.04082236
vt -0.115335 -0.05329979
vt -0.1083216 -0.06042808
vt -0.08795888 -0.0531637
vt -0.09531771 -0.03604382
vt -0.1116626 -0.04306954
vt -0.1043038 -0.06018941
vt 0.08795887 -0.0531637
vt 0.1043038 -0.06018941
vt 0.1116626 -0.04306954
vt 0.09531771 -0.03604383
vt 0.03579176 0.0002420642
vt 0.0449554 0.004245517
vt 0.03749519 0.02132146
vt 0.02833154 0.01731801
vt -0.03579176 0.0002420661
vt -0.02833155 0.01731801
vt -0.03749519 0.02132146
vt -0.0449554 0.004245515
vt -0.01708295 -0.01547189
vt -0.01455374 -0.01673803
vt -0.01523897 -0.01810682
vt -0.01776818 -0.01684069
vt -0.08769771 0.1395404
vt -0.08630426 0.1374798
vt -0.08589613 0.1368763
vt -0.08728958 0.1389369
vt -0.193976 0.03586588
vt -0.193976 0.03586588
vt -0.1944166 0.03439992
vt -0.1944166 0.03439993
vt 0.04057423 0.1926498
vt 0.04090784 0.1954585
vt 0.04163133 0.1953725
vt 0.04129771 0.1925639
vt -0.1597616 0.1063902
vt -0.1611986 0.1039628
vt -0.1590089 0.1025708
vt -0.1575719 0.1049983
vt 0.1638227 0.1080899
vt 0.1652785 0.1056649
vt 0.1677035 0.1071208
vt 0.1662476 0.1095458
vt 0 0
vt 0 0
vt 0 0
vt 0 0
vt 0 0
vt 0 0
vt 0 0
vt 0 0
vt 0 0
vt 0 0
vt 0 0
vt 0 0
vt 0 0
vt 0 0
vt 0 0
vt 0 0
vt 0 0
vt 0 0
vt 0 0
vt 0 0
vt 0 0
vt 0 0
vt 0 0
vt 0 0
vt 0 0
vt 0 0
vt 0 0
vt 0 0
vt 0 0
vt 0 0
vt 0 0
vt 0 0
vt 0 0
vt 0 0
vt 0 0
vt 0 0
vt 0 0
vt 0 0
vt 0 0
vt 0 0
vt 0 0
vt 0 0
vt 0 0
vt 0 0
vt 0 0
vt 0 0
vt 0 0
vt 0 0
vt 0 0
vt 0 0
vt 0 0
vt 0 0
vt 0 0
vt 0 0
vt 0 0
vt 0 0
vt 0 0
vt 0 0
vt 0 0
vt 0 0
vt 0 0
vt 0 0
vt 0 0
vt 0 0
vt 0 0
vt 0 0
vt 0 0
vt 0 0
vt 0 0
vt 0 0
vt 0 0
vt 0 0
vt 0 0
vt 0 0
vt 0 0
vt 0 0
vt 0 0
vt 0 0
vt 0 0
vt 0 0
vt 0 0
vt 0 0
vt 0 0
vt 0 0
vt 0 0
vt 0 0
vt 0 0
vt 0 0
vt 0 0
vt 0 0
vt 0 0
vt 0 0
vt 0 0
vt 0 0
vt 0 0
vt 0 0
vt 0 0
vt 0 0
vt 0 0
vt 0 0
vt 0 0
vt 0 0
vt 0 0
vt 0 0
vt 0 0
vt 0 0
vt 0 0
vt 0 0
vt 0 0
vt 0 0
vt 0 0
vt 0 0
vt -0.01723514 0.01571169
vt -0.01475255 0.01435644
vt -0.015486 0.01301287
vt -0.0179686 0.01436812
vt -0.1106536 0.1420144
vt -0.108918 0.1402325
vt -0.1084096 0.1397106
vt -0.1101453 0.1414925
vt -0.1962068 0.02440215
vt -0.1962068 0.02440215
vt -0.1963531 0.02287843
vt -0.1963531 0.02287843
vt 0.008765364 0.1982023
vt 0.008643564 0.2010281
vt 0.009371464 0.2010595
vt 0.009493263 0.1982336
vt -0.1891974 0.05643564
vt -0.1896791 0.05365053
vt -0.1869547 0.05315744
vt -0.1864729 0.05594256
vt 0.1907257 0.05655946
vt 0.1912158 0.05377381
vt 0.1940014 0.05426391
vt 0.1935113 0.05704955
vt 0 0
vt 0 0
vt 0 0
vt 0 0
vt 0 0
vt 0 0
vt 0 0
vt 0 0
vt 0 0
vt 0 0
vt 0 0
vt 0 0
vt 0 0
vt 0 0
vt 0 0
vt 0 0
vt 0 0
vt 0 0
vt 0 0
vt 0 0
vt 0 0
vt 0 0
vt 0 0
vt 0 0
vt 0 0
vt 0 0
vt 0 0
vt 0 0
vt 0 0
vt 0 0
vt 0 0
vt 0 0
vt 0 0
vt 0 0
vt 0 0
vt 0 0
vt 0 0
vt 0 0
vt 0 0
vt 0 0
vt 0 0
vt 0 0
vt 0 0
vt 0 0
vt 0 0
vt 0 0
vt 0 0
vt 0 0
vt 0 0
vt 0 0
vt 0 0
vt 0 0
vt 0 0
vt 0 0
vt 0 0
vt 0 0
vt 0 0
vt 0 0
vt 0 0
vt 0 0
vt 0 0
vt 0 0
vt 0 0
vt 0 0
vt 0 0
vt 0 0
vt 0 0
vt 0 0
vt 0 0
vt 0 0
vt 0 0
vt 0 0
vt 0 0
vt 0 0
vt 0 0
vt 0 0
vt 0 0
vt 0 0
vt 0 0
vt 0 0
vt -0.01042509 0.01334514
vt -0.007995563 0.01189691
vt -0.008779343 0.01058205
vt -0.01120887 0.01203029
vt -0.1222649 0.1343482
vt -0.1204637 0.1326326
vt -0.1199361 0.1321302
vt -0.1217374 0.1338457
vt -0.1981652 0.02684083
vt -0.1981652 0.02684084
vt -0.1983241 0.02531837
vt -0.1983241 0.02531837
vt -0.07396805 0.1860146
vt -0.07515562 0.1885816
vt -0.07449438 0.1888875
vt -0.07330681 0.1863205
vt -0.1924012 0.04951938
vt -0.1928752 0.04673613
vt -0.1901317 0.04623985
vt -0.1896577 0.0490231
vt 0.1941629 0.05002382
vt 0.1946507 0.04723778
vt 0.1974368 0.04772558
vt 0.196949 0.05051163
vt 0 0
vt 0 0
vt 0 0
vt 0 0
vt 0 0
vt 0 0
vt 0 0
vt 0 0
vt 0 0
vt 0 0
vt 0 0
vt 0 0
vt 0 0
vt 0 0
vt 0 0
vt 0 0
vt 0 0
vt 0 0
vt 0 0
vt 0 0
vt 0 0
vt 0 0
vt 0 0
vt 0 0
vt 0 0
vt 0 0
vt 0 0
vt 0 0
vt 0 0
vt 0 0
vt 0 0
vt 0 0
vt 0 0
vt 0 0
vt 0 0
vt 0 0
vt 0 0
vt 0 0
vt 0 0
vt 0 0
vt 0 0
vt 0 0
vt 0 0
vt 0 0
vt 0 0
vt 0 0
vt 0 0
vt 0 0
vt 0 0
vt 0 0
vt 0 0
vt 0 0
vt 0 0
vt 0 0
vt 0 0
vt 0 0
vt 0 0
vt 0 0
vt 0 0
vt 0 0
vt 0 0
vt 0 0
vt 0 0
vt 0 0
vt -0.1571959 -0.02089018
vt -0.1565335 -0.02113775
vt -0.1566675 -0.02149621
vt -0.1573299 -0.02124864
vt 0.1115214 0.1002202
vt 0.1117357 0.09963644
vt 0.1117984 0.09946546
vt 0.1115842 0.1000493
vt -0.1267876 -0.00946507
vt -0.1267876 -0.009465067
vt -0.1269885 -0.009790801
vt -0.1269885 -0.0097908
vt 0.1781491 0.06330651
vt 0.1783133 0.06399428
vt 0.1784904 0.06395198
vt 0.1783262 0.06326421
vt 0.06593546 0.1611786
vt 0.06533077 0.1608121
vt 0.0656973 0.1602074
vt 0.06630199 0.1605739
vt -0.06630199 0.1605739
vt -0.0656973 0.1602074
vt -0.06533077 0.1608121
vt -0.06593547 0.1611786
vt -0.1567749 -0.02117421
vt -0.1561131 -0.02142335
vt -0.156248 -0.02178149
vt -0.1569097 -0.02153235
vt 0.1094783 0.1032033
vt 0.1096947 0.1026203
vt 0.1097581 0.1024496
vt 0.1095417 0.1030326
vt -0.1300929 -0.008401221
vt -0.1300929 -0.008401227
vt -0.1302926 -0.008727671
vt -0.1302926 -0.008727671
vt 0.1785044 0.06726556
vt 0.1786674 0.06795363
vt 0.1788446 0.06791165
vt 0.1786816 0.06722357
vt 0.06174855 0.1638746
vt 0.06212304 0.1644743
vt 0.06272285 0.1640999
vt 0.06234836 0.1635001
vt -0.06273369 0.1637685
vt -0.06213148 0.1633979
vt -0.06176087 0.1640001
vt -0.06236307 0.1643707
vt 0 0
vt 0 0
vt 0 0
vt 0 0
vt 0 0
vt 0 0
vt 0 0
vt 0 0
vt 0 0
vt 0 0
vt 0 0
vt 0 0
vt 0 0
vt 0 0
vt 0 0
vt 0 0
vt 0 0
vt 0 0
vt 0 0
vt 0 0
vt 0 0
vt 0 0
vt 0 0
vt 0 0
vt 0 0
vt 0 0
vt 0 0
vt 0 0
vt 0 0
vt 0 0
vt 0 0
vt 0 0
vt 0 0
vt 0 0
vt 0 0
vt 0 0
vt 0 0
vt 0 0
vt 0 0
vt 0 0
vt 0 0
vt 0 0
vt 0 0
vt 0 0
vt 0 0
vt 0 0
vt 0 0
vt 0 0
vt -0.1475052 -0.01624435
vt -0.1468019 -0.01617096
vt -0.1467622 -0.01655157
vt -0.1474655 -0.01662496
vt 0.1594634 0.08828734
vt 0.1593886 0.08766998
vt 0.1593667 0.08748916
vt 0.1594415 0.08810652
vt -0.1113656 0.04787596
vt -0.1113657 0.04787596
vt -0.1115193 0.04752546
vt -0.1115192 0.04752545
vt 0.1759466 -0.02956728
vt 0.1765063 -0.02913523
vt 0.1766176 -0.02927942
vt 0.1760579 -0.02971146
vt 0.1726028 0.08423102
vt 0.1719149 0.08439482
vt 0.1717511 0.08370695
vt 0.172439 0.08354314
vt -0.172439 0.08354314
vt -0.1717511 0.08370695
vt -0.1719149 0.08439482
vt -0.1726028 0.08423102
vt -0.1690025 -0.03162474
vt -0.1683284 -0.03141126
vt -0.1682128 -0.03177609
vt -0.1688869 -0.03198957
vt 0.1879741 0.04577432
vt 0.1878146 0.04517323
vt 0.1877679 0.04499717
vt 0.1879273 0.04559826
vt -0.05891482 0.07504804
vt -0.05891482 0.07504804
vt -0.05915684 0.07475162
vt -0.05915684 0.07475161
vt 0.1661212 -0.0267482
vt 0.1666011 -0.02622888
vt 0.1667349 -0.0263525
vt 0.166255 -0.02687182
vt 0.193037 0.02574055
vt 0.1923778 0.02599626
vt 0.1921221 0.02533702
vt 0.1927813 0.02508131
vt -0.1927813 0.02508131
vt -0.192122 0.02533702
vt -0.1923778 0.02599626
vt -0.193037 0.02574055
vt 0 0
vt 0 0
vt 0 0
vt 0 0
vt 0 0
vt 0 0
vt 0 0
vt 0 0
vt 0 0
vt 0 0
vt 0 0
vt 0 0
vt 0 0
vt 0 0
vt 0 0
vt 0 0
vt -0.1701241 -0.03074198
vt -0.1694483 -0.03053366
vt -0.1693356 -0.03089936
vt -0.1700113 -0.03110768
vt 0.1891666 0.04768449
vt 0.1890091 0.04708289
vt 0.1889629 0.04690668
vt 0.1891204 0.04750828
vt -0.0613177 0.07545846
vt -0.0613177 0.07545845
vt -0.06155637 0.07515932
vt -0.06155636 0.07515931
vt 0.1679012 -0.02708381
vt 0.1683845 -0.02656766
vt 0.1685174 -0.02669216
vt 0.1680341 -0.02720831
vt 0.1945876 0.02740548
vt 0.193928 0.02766034
vt 0.1936732 0.02700076
vt 0.1943327 0.0267459
vt -0.1943328 0.0267459
vt -0.1936732 0.02700077
vt -0.193928 0.02766035
vt -0.1945876 0.02740548
vt -0.1584178 -0.03463741
vt -0.1577364 -0.03444865
vt -0.1576342 -0.03481745
vt -0.1583156 -0.03500621
vt 0.1822856 0.06149284
vt 0.1821306 0.06089058
vt 0.1820852 0.06071419
vt 0.1822402 0.06131644
vt -0.08899599 0.07154769
vt -0.08899599 0.07154769
vt -0.08921177 0.07123164
vt -0.08921177 0.07123164
vt 0.1776778 -0.02186988
vt 0.1781908 -0.02138319
vt 0.1783161 -0.02151533
vt 0.1778032 -0.02200202
vt 0.1931027 0.04527011
vt 0.1924475 0.04553596
vt 0.1921817 0.04488073
vt 0.1928369 0.04461488
vt -0.1928369 0.04461488
vt -0.1921817 0.04488073
vt -0.1924475 0.04553596
vt -0.1931027 0.04527011
vt 0 0
vt 0 0
vt 0 0
vt 0 0
vt 0 0
vt 0 0
vt 0 0
vt 0 0
vt 0 0
vt 0 0
vt 0 0
vt 0 0
vt 0 0
vt 0 0
vt 0 0
vt 0 0
vt -0.1423324 -0.008967536
vt -0.1416726 -0.009221795
vt -0.1418102 -0.009578881
vt -0.14247 -0.00932463
vt 0.07892402 0.1314019
vt 0.07919892 0.1308441
vt 0.07927944 0.1306807
vt 0.07900453 0.1312385
vt -0.1384445 -0.01488613
vt -0.1384445 -0.01488613
vt -0.1385702 -0.01524757
vt -0.1385702 -0.01524756
vt 0.1785448 0.06493608
vt 0.1788041 0.06559396
vt 0.1789735 0.06552719
vt 0.1787143 0.0648693
vt -0.00711801 0.1810074
vt -0.007591839 0.1804826
vt -0.007066972 0.1800087
vt -0.006593143 0.1805336
vt 0.006593144 0.1805336
vt 0.007066967 0.1800087
vt 0.007591841 0.1804825
vt 0.007118013 0.1810074
vt -0.1419585 -0.006608874
vt -0.1412939 -0.00685024
vt -0.1414245 -0.007209939
vt -0.1420891 -0.006968573
vt 0.08056971 0.133051
vt 0.08084052 0.1324912
vt 0.08091985 0.1323272
vt 0.08064903 0.132887
vt -0.1357782 -0.01485941
vt -0.1357782 -0.01485942
vt -0.1358924 -0.01522469
vt -0.1358923 -0.0152247
vt 0.1824869 0.04854131
vt 0.1828038 0.04917345
vt 0.1829666 0.04909183
vt 0.1826498 0.0484597
vt -0.009888177 0.1815352
vt -0.01034929 0.1809991
vt -0.009813217 0.180538
vt -0.009352108 0.1810741
vt 0.009461361 0.180812
vt 0.009922507 0.1802761
vt 0.01045855 0.180737
vt 0.009997402 0.1812729
vt 0 0
vt 0 0
vt 0 0
vt 0 0
vt 0 0
vt 0 0
vt 0 0
vt 0 0
vt 0 0
vt 0 0
vt 0 0
vt 0 0
vt 0 0
vt 0 0
vt 0 0
vt 0 0
vt 0 0
vt 0 0
vt 0 0
vt 0 0
vt 0 0
vt 0 0
vt 0 0
vt 0 0
vt 0 0
vt 0 0
vt 0 0
vt 0 0
vt 0 0
vt 0 0
vt 0 0
vt 0 0
vt -0.1444691 -0.005359149
vt -0.143815 -0.005627815
vt -0.1439604 -0.005981801
vt -0.1446145 -0.005713135
vt 0.07863852 0.1303722
vt 0.07893224 0.129824
vt 0.07901828 0.1296635
vt 0.07872455 0.1302116
vt -0.1328239 -0.01914628
vt -0.1328238 -0.01914628
vt -0.1329439 -0.01950965
vt -0.1329439 -0.01950965
vt 0.1756412 0.06615978
vt 0.1758731 0.06682776
vt 0.1760452 0.06676802
vt 0.1758132 0.06610004
vt -0.01166272 0.1782681
vt -0.01210591 0.1777171
vt -0.01155492 0.1772739
vt -0.01111173 0.1778249
vt 0.01111173 0.1778249
vt 0.01155492 0.1772739
vt 0.0121059 0.1777171
vt 0.01166272 0.1782681
vt -0.1438185 -0.005323298
vt -0.1431641 -0.005591173
vt -0.1433091 -0.005945332
vt -0.1439635 -0.005677458
vt 0.07793078 0.1302307
vt 0.07822573 0.1296832
vt 0.07831212 0.1295228
vt 0.07801717 0.1300703
vt -0.1322381 -0.01974887
vt -0.1322381 -0.01974887
vt -0.1323556 -0.02011305
vt -0.1323556 -0.02011305
vt 0.1756062 0.06418085
vt 0.1758453 0.06484631
vt 0.1760167 0.06478472
vt 0.1757776 0.06411926
vt -0.01345889 0.1775355
vt -0.01389669 0.1769802
vt -0.01334141 0.1765424
vt -0.01290361 0.1770977
vt 0.01290361 0.1770977
vt 0.01334141 0.1765424
vt 0.01389669 0.1769802
vt 0.01345889 0.1775355
vt 0 0
vt 0 0
vt 0 0
vt 0 0
vt 0 0
vt 0 0
vt 0 0
vt 0 0
vt 0 0
vt 0 0
vt 0 0
vt 0 0
vt 0 0
vt 0 0
vt 0 0
vt 0 0
vt -0.1127285 0.01650096
vt -0.1121584 0.01608258
vt -0.1123848 0.01577407
vt -0.1129549 0.01619245
vt -0.02202867 0.1438022
vt -0.02153798 0.1434202
vt -0.02139426 0.1433083
vt -0.02188495 0.1436903
vt -0.1532962 -0.03707526
vt -0.1532962 -0.03707526
vt -0.1533375 -0.03745571
vt -0.1533375 -0.03745572
vt -0.0635601 0.1759616
vt -0.06415562 0.1763428
vt -0.06405742 0.1764962
vt -0.06346189 0.176115
vt -0.1327867 0.1213683
vt -0.1328901 0.1206688
vt -0.1321906 0.1205654
vt -0.1320872 0.1212649
vt 0.1320872 0.1212649
vt 0.1321906 0.1205654
vt 0.1328901 0.1206688
vt 0.1327867 0.1213683
vt 0 0
vt 0 0
vt 0 0
vt 0 0
vt 0 0
vt 0 0
vt 0 0
vt 0 0
vt 0 0
vt 0 0
vt 0 0
vt 0 0
vt 0 0
vt 0 0
vt 0 0
vt 0 0
vt -0.1121541 0.01779448
vt -0.111586 0.01737357
vt -0.1118137 0.01706607
vt -0.1123819 0.01748698
vt -0.02329355 0.1436397
vt -0.02279937 0.1432622
vt -0.02265462 0.1431516
vt -0.02314881 0.1435291
vt -0.1524487 -0.03714666
vt -0.1524487 -0.03714666
vt -0.1524876 -0.03752736
vt -0.1524876 -0.03752736
vt -0.07062824 0.1725453
vt -0.07123925 0.1729012
vt -0.07114756 0.1730586
vt -0.07053656 0.1727027
vt -0.1334195 0.1200837
vt -0.1335162 0.1193832
vt -0.1328157 0.1192866
vt -0.1327191 0.119987
vt 0.1327191 0.119987
vt 0.1328157 0.1192866
vt 0.1335162 0.1193832
vt 0.1334195 0.1200837
vt -0.1474713 -0.01140544
vt -0.1468098 -0.01165534
vt -0.1469451 -0.01201333
vt -0.1476066 -0.01176343
vt 0.09066696 0.125057
vt 0.09091642 0.1244874
vt 0.09098949 0.1243205
vt 0.09074003 0.1248902
vt -0.137113 -0.008293493
vt -0.137113 -0.008293496
vt -0.1372671 -0.008643801
vt -0.1372671 -0.008643804
vt 0.1783123 0.07026036
vt 0.1785319 0.07093249
vt 0.178705 0.07087591
vt 0.1784854 0.07020377
vt 0.02151117 0.1804793
vt 0.02097481 0.1800185
vt 0.02143559 0.1794821
vt 0.02197195 0.1799429
vt -0.02197195 0.1799429
vt -0.02143558 0.1794822
vt -0.02097481 0.1800185
vt -0.02151117 0.1804793
vt -0.144954 -0.01349018
vt -0.1442935 -0.01374273
vt -0.1444302 -0.01410018
vt -0.1450907 -0.01384762
vt 0.08625095 0.1259983
vt 0.08650266 0.1254297
vt 0.08657638 0.1252631
vt 0.08632468 0.1258318
vt -0.1407531 -0.008270871
vt -0.1407531 -0.008270874
vt -0.1409076 -0.008621005
vt -0.1409076 -0.008621008
vt 0.1765568 0.07567553
vt 0.1767702 0.07634965
vt 0.1769439 0.07629466
vt 0.1767304 0.07562055
vt 0.01603122 0.1808503
vt 0.01549692 0.1803872
vt 0.01596009 0.1798529
vt 0.01649439 0.180316
vt -0.01649439 0.180316
vt -0.0159601 0.1798529
vt -0.01549692 0.1803872
vt -0.01603122 0.1808503
vt -0.1544486 -0.0007512844
vt -0.1537888 -0.001005575
vt -0.1539264 -0.001362656
vt -0.1545862 -0.001108373
vt 0.09785141 0.1263118
vt 0.09812258 0.1257521
vt 0.09820202 0.1255882
vt 0.09793083 0.1261479
vt -0.1230259 -0.01515966
vt -0.1230259 -0.01515967
vt -0.1231565 -0.01551936
vt -0.1231565 -0.01551936
vt 0.1824026 0.04924456
vt 0.1826522 0.04990615
vt 0.1828226 0.04984185
vt 0.182573 0.04918027
vt 0.01773993 0.1809293
vt 0.01725501 0.1804147
vt 0.01776963 0.1799298
vt 0.01825456 0.1804444
vt -0.01825457 0.1804444
vt -0.01776963 0.1799298
vt -0.017255 0.1804147
vt -0.01773993 0.1809293
vt -0.1547844 0.001499616
vt -0.1541229 0.001249956
vt -0.154258 0.0008919169
vt -0.1549195 0.001141581
vt 0.09921953 0.1272734
vt 0.09948952 0.1267131
vt 0.09956861 0.1265491
vt 0.09929861 0.1271093
vt -0.1209277 -0.01417847
vt -0.1209277 -0.01417847
vt -0.1210539 -0.01453976
vt -0.1210539 -0.01453976
vt 0.1833543 0.0427946
vt 0.183624 0.04344825
vt 0.1837924 0.04337877
vt 0.1835227 0.04272513
vt 0.01781386 0.1815277
vt 0.01733365 0.1810087
vt 0.01785268 0.1805284
vt 0.01833289 0.1810475
vt -0.01833289 0.1810475
vt -0.01785268 0.1805284
vt -0.01733365 0.1810087
vt -0.01781385 0.1815277
vt -0.1573525 0.004792918
vt -0.1566918 0.004541032
vt -0.1568281 0.004183446
vt -0.1574889 0.004435337
vt 0.101674 0.1267762
vt 0.1019554 0.1262217
vt 0.1020378 0.1260592
vt 0.1017564 0.1266138
vt -0.1141393 -0.0182921
vt -0.1141393 -0.0182921
vt -0.1142537 -0.01865729
vt -0.1142537 -0.01865729
vt 0.1841046 0.03072164
vt 0.1843943 0.03136668
vt 0.1845604 0.03129206
vt 0.1842707 0.03064702
vt 0.01394665 0.1810462
vt 0.01349775 0.1804998
vt 0.0140441 0.1800509
vt 0.01449299 0.1805973
vt -0.014493 0.1805973
vt -0.01404409 0.1800509
vt -0.01349775 0.1804999
vt -0.01394665 0.1810462
vt -0.1513879 0.01660782
vt -0.1513725 0.01590089
vt -0.1517551 0.01589256
vt -0.1517705 0.01659949
vt -0.03125467 0.02507271
vt -0.03064247 0.02496345
vt -0.03046316 0.02493145
vt -0.03107536 0.02504071
vt -0.1637122 0.1031414
vt -0.1637122 0.1031414
vt -0.1640924 0.1030982
vt -0.1640924 0.1030981
vt -0.09898193 0.113272
vt -0.09967253 0.1134238
vt -0.0996334 0.1136017
vt -0.0989428 0.1134498
vt -0.1122487 0.04482216
vt -0.1123859 0.04413053
vt -0.1116979 0.04400181
vt -0.1115607 0.04469344
vt 0.115115 0.04226303
vt 0.1152477 0.0415685
vt 0.1159423 0.04170126
vt 0.1158095 0.04239579
vt 0 0
vt 0 0
vt 0 0
vt 0 0
vt 0 0
vt 0 0
vt 0 0
vt 0 0
vt 0 0
vt 0 0
vt 0 0
vt 0 0
vt 0 0
vt 0 0
vt 0 0
vt 0 0
vt 0 0
vt 0 0
vt 0 0
vt 0 0
vt 0 0
vt 0 0
vt 0 0
vt 0 0
vt 0 0
vt 0 0
vt 0 0
vt 0 0
vt 0 0
vt 0 0
vt 0 0
vt 0 0
vt -0.1542855 0.02550375
vt -0.1543864 0.02480387
vt -0.1547651 0.02485847
vt -0.1546642 0.02555834
vt -0.03035657 0.003861548
vt -0.02973529 0.003834224
vt -0.02955332 0.003826225
vt -0.03017459 0.003853543
vt -0.01515498 0.1956434
vt -0.01515498 0.1956434
vt -0.01540909 0.1959296
vt -0.0154091 0.1959296
vt -0.107179 0.09242965
vt -0.1078798 0.09252428
vt -0.1078554 0.09270478
vt -0.1071546 0.09261017
vt -0.1157178 0.01886516
vt -0.1158115 0.01816704
vt -0.1151145 0.01808093
vt -0.1150209 0.01877905
vt 0.1172131 0.01826253
vt 0.1173029 0.01756115
vt 0.1180043 0.01765094
vt 0.1179145 0.01835232
vt 0 0
vt 0 0
vt 0 0
vt 0 0
vt 0 0
vt 0 0
vt 0 0
vt 0 0
vt 0 0
vt 0 0
vt 0 0
vt 0 0
vt 0 0
vt 0 0
vt 0 0
vt 0 0
vt 0 0
vt 0 0
vt 0 0
vt 0 0
vt 0 0
vt 0 0
vt 0 0
vt 0 0
vt 0 0
vt 0 0
vt 0 0
vt 0 0
vt 0 0
vt 0 0
vt 0 0
vt 0 0
vt 0.1918979 0.02540635
vt 0.1910355 0.02883509
vt 0.1873768 0.0284822
vt 0.1882292 0.02505097
vt -0.183011 0.07393427
vt -0.1814896 0.07074288
vt -0.1785342 0.06862809
vt -0.1799805 0.07185428
vt -0.1870922 0.02734186
vt -0.1879454 0.02391083
vt -0.184317 0.02357525
vt -0.1834734 0.02700865
vt 0.1811737 0.07364507
vt 0.1826357 0.07686412
vt 0.179626 0.07473628
vt 0.1782399 0.07148381
vt 0.1406743 -0.0001598591
vt 0.1401518 0.003336843
vt 0.1366551 0.002814332
vt 0.1371776 -0.0006823697
vt -0.1437781 -0.0002014783
vt -0.143235 0.003292094
vt -0.1467285 0.003835202
vt -0.1472716 0.0003416251
vt -0.09141582 -0.00161746
vt -0.09147764 -0.00515228
vt -0.08866918 -0.005003077
vt -0.08854587 -0.001469866
vt -0.1224389 0.1477239
vt -0.1193604 0.1459854
vt -0.1166593 0.1463821
vt -0.1196725 0.1482316
vt 0.09467464 -0.004407516
vt 0.09458689 -0.0008732496
vt 0.09180132 -0.0007428681
vt 0.09194805 -0.004275164
vt 0.1175608 0.1476463
vt 0.1206208 0.1494173
vt 0.1178015 0.1499747
vt 0.1148081 0.1480933
vt -0.177957 0.02419187
vt -0.1784895 0.02069666
vt -0.1749943 0.02016418
vt -0.1744618 0.02365937
vt 0.1745022 0.02089712
vt 0.17502 0.01739971
vt 0.1785174 0.01791752
vt 0.1779996 0.02141493
vt 0.07103064 -0.00322084
vt 0.0702246 -0.004382855
vt 0.07445397 -0.005998858
vt 0.07528304 -0.004853155
vt 0.1801353 0.06435084
vt 0.1794213 0.06313027
vt 0.1822316 0.05974189
vt 0.1830557 0.06089104
vt -0.06924351 -0.003811376
vt -0.0700516 -0.002650786
vt -0.07419551 -0.004215239
vt -0.07336448 -0.005359527
vt -0.179898 0.0624011
vt -0.1806157 0.06361954
vt -0.1835496 0.06013538
vt -0.182722 0.05898873
vt -0.1256543 0.1011365
vt -0.1262338 0.09984647
vt -0.1249438 0.09926692
vt -0.1243643 0.1005569
vt 0.1131244 0.09830976
vt 0.1137574 0.09704512
vt 0.115022 0.09767809
vt 0.114389 0.09894274
vt 0.1328975 -0.02948842
vt 0.1299534 -0.02753199
vt 0.1284178 -0.0302967
vt 0.1315748 -0.03188689
vt 0.1047685 0.1008466
vt 0.1024726 0.09815785
vt 0.1037487 0.09568413
vt 0.1063328 0.09809716
vt -0.1327617 -0.02166436
vt -0.1357284 -0.023586
vt -0.1346157 -0.02567384
vt -0.1314435 -0.02411462
vt -0.1032486 0.09741794
vt -0.1055485 0.1001032
vt -0.1067876 0.09765945
vt -0.1041999 0.09525034
vt 0.1879103 0.04743806
vt 0.1849808 0.04941737
vt 0.1830014 0.04648779
vt 0.185931 0.04450849
vt -0.1878236 0.03893962
vt -0.1849544 0.04100554
vt -0.1870204 0.04387468
vt -0.1898895 0.04180875
vt 0.01927669 -0.02267513
vt 0.01844517 -0.02611074
vt 0.02147588 -0.02685227
vt 0.02244361 -0.02345251
vt 0.1286301 0.1347483
vt 0.1292999 0.1312767
vt 0.1315864 0.1293433
vt 0.1311041 0.1328458
vt -0.01276256 -0.02486139
vt -0.01364122 -0.0214376
vt -0.01666954 -0.02221997
vt -0.01566143 -0.02560791
vt -0.1300647 0.130561
vt -0.1294141 0.1340361
vt -0.1320764 0.1321517
vt -0.1325392 0.1286466
vt -0.1100601 0.03133986
vt -0.111398 0.02806725
vt -0.1081254 0.02672934
vt -0.1067875 0.03000195
vt 0.1046924 0.01970084
vt 0.1060268 0.01642677
vt 0.1093009 0.01776112
vt 0.1079665 0.02103519
vt 0.1167847 0.009040968
vt 0.1154117 0.008702172
vt 0.1132666 0.005325994
vt 0.1146259 0.005716239
vt 0.1115052 0.1052437
vt 0.1102131 0.1046696
vt 0.1113127 0.1008757
vt 0.1126244 0.1014035
vt -0.1152945 0.009120602
vt -0.1166676 0.009459116
vt -0.1144889 0.006206515
vt -0.1131296 0.005816597
vt -0.1091064 0.1069431
vt -0.1103973 0.10752
vt -0.1115115 0.1037158
vt -0.1102012 0.1031845
vt -0.01093377 0.182048
vt -0.01200061 0.1811197
vt -0.01107224 0.1800528
vt -0.0100054 0.1809812
vt -0.01956467 0.1815532
vt -0.01838275 0.1807766
vt -0.01760619 0.1819585
vt -0.01878811 0.1827351
vt 0.1621698 0.04041131
vt 0.1601243 0.03752758
vt 0.1605321 0.0372383
vt 0.1625777 0.04012203
vt 0.02604897 -0.1212073
vt 0.02265777 -0.1202075
vt 0.02251637 -0.120687
vt 0.02590756 -0.1216869
vt -0.1601243 0.03752758
vt -0.1621698 0.04041132
vt -0.1625776 0.04012204
vt -0.1605321 0.03723831
vt -0.02265779 -0.1202074
vt -0.02604899 -0.1212073
vt -0.02590759 -0.1216869
vt -0.02251639 -0.120687
vt -0.0839638 0.1119684
vt -0.08324003 0.1085078
vt -0.07977937 0.1092315
vt -0.08050315 0.1126922
vt 0.08050315 0.1126922
vt 0.07977937 0.1092315
vt 0.08324003 0.1085078
vt 0.0839638 0.1119684
vt 0.1426103 0.07708345
vt 0.1429367 0.07570742
vt 0.1450326 0.07620513
vt 0.1447042 0.07758068
vt 0.181656 -0.01221159
vt 0.1806402 -0.01319563
vt 0.18255 -0.01221144
vt 0.1835794 -0.0112418
vt -0.1405155 0.07575199
vt -0.1401837 0.07712673
vt -0.1422701 0.07763082
vt -0.1426038 0.07625654
vt -0.1806398 -0.01320243
vt -0.1816555 -0.01221844
vt -0.1835741 -0.01124357
vt -0.1825446 -0.01221317
vt -0.1043635 0.08185121
vt -0.1048428 0.08052069
vt -0.1035122 0.08004139
vt -0.103033 0.08137192
vt 0.09865119 0.0811941
vt 0.09913756 0.07986616
vt 0.1004655 0.08035251
vt 0.09997913 0.08168046
vt 0.1896529 0.0264452
vt 0.1895798 0.02785752
vt 0.1867701 0.0284725
vt 0.1868332 0.02705969
vt -0.164761 -0.08319493
vt -0.1635747 -0.0839647
vt -0.1614428 -0.08214401
vt -0.1625866 -0.08131229
vt -0.1894232 0.02811022
vt -0.1894983 0.02669799
vt -0.1867529 0.02731237
vt -0.1866879 0.02872508
vt 0.1639758 -0.08406457
vt 0.1651609 -0.08329281
vt 0.1629775 -0.08140557
vt 0.1618352 -0.08223923
vt 0.07829203 0.03372073
vt 0.07803044 0.03511055
vt 0.07664063 0.03484898
vt 0.0769022 0.03345916
vt -0.0873423 0.03336338
vt -0.0870808 0.03475321
vt -0.08847062 0.03501471
vt -0.08873212 0.03362489
vt 0.1759137 0.02455207
vt 0.1745589 0.02495754
vt 0.1733781 0.02258696
vt 0.1747244 0.02215412
vt 0.05827348 0.1111321
vt 0.05695374 0.1106239
vt 0.05735396 0.108061
vt 0.05869259 0.1085171
vt -0.1745637 0.0250121
vt -0.1759186 0.02460684
vt -0.174746 0.0222614
vt -0.1733996 0.02269402
vt -0.05699747 0.1105799
vt -0.05831736 0.1110877
vt -0.05874547 0.1084455
vt -0.05740669 0.1079898
vt 0.1760222 -0.05303698
vt 0.1750478 -0.05201197
vt 0.1740228 -0.05298632
vt 0.1749972 -0.05401133
vt -0.18222 -0.03695257
vt -0.181157 -0.03601975
vt -0.1820899 -0.03495681
vt -0.1831528 -0.03588963
vt 0.1162824 -0.03237079
vt 0.1157667 -0.02958992
vt 0.1085056 -0.03168033
vt 0.1097075 -0.03424058
vt -0.0111958 0.1801035
vt -0.01254808 0.1776193
vt -0.005926016 0.1736462
vt -0.004722673 0.1762059
vt -0.1153784 -0.02980523
vt -0.1158921 -0.03258649
vt -0.1091571 -0.03450222
vt -0.1079572 -0.03194109
vt 0.01341427 0.177512
vt 0.01207491 0.1800032
vt 0.006227707 0.1764623
vt 0.007417754 0.1738965
vt 0.1747244 0.006695107
vt 0.173396 0.009192155
vt 0.1708989 0.007863718
vt 0.1722274 0.00536667
vt -0.1588863 0.01556482
vt -0.1576663 0.01811662
vt -0.1602181 0.01933658
vt -0.1614381 0.01678478
vt 0.1985903 0.03175303
vt 0.1976029 0.03440337
vt 0.1937869 0.03577187
vt 0.1949197 0.03318035
vt -0.1642393 -0.06351354
vt -0.1622911 -0.0655641
vt -0.1587628 -0.06358279
vt -0.1607054 -0.06152695
vt -0.1967013 0.03413373
vt -0.19769 0.03148386
vt -0.194028 0.03291324
vt -0.192894 0.03550426
vt 0.1598858 -0.0688792
vt 0.1618845 -0.06687785
vt 0.1584858 -0.06488787
vt 0.1564924 -0.06689449
vt 0.08037175 -0.01026098
vt 0.07901131 -0.007781223
vt 0.07653154 -0.009141683
vt 0.07789201 -0.01162142
vt -0.07545597 -0.00413171
vt -0.0741083 -0.00164499
vt -0.07659502 -0.0002973187
vt -0.07794268 -0.002784042
vt 0.02256185 0.01097713
vt 0.0252226 0.006743869
vt 0.1044775 0.05655841
vt 0.1018168 0.06079165
vt -0.02256185 0.01097712
vt -0.1018168 0.06079165
vt -0.1044775 0.0565584
vt -0.0252226 0.006743872
vt -0.08110437 -0.05808152
vt -0.08524713 -0.06088106
vt -0.08244758 -0.06502383
vt -0.07830481 -0.06222429
vt 0.08110436 -0.05808152
vt 0.07830481 -0.06222428
vt 0.08244757 -0.06502383
vt 0.08524713 -0.06088106
vt -0.08617894 -0.05603023
vt -0.1547233 0.00772323
vt -0.1581285 0.004062061
vt -0.08958422 -0.0596914
vt 0.08617894 -0.05603023
vt 0.08958422 -0.0596914
vt 0.1581285 0.004062061
vt 0.1547233 0.007723228
vt 0.09018425 0.06655512
vt 0.09692754 0.05735936
vt 0.1225191 0.07612573
vt 0.1157758 0.08532149
vt -0.09018425 0.06655511
vt -0.1157758 0.08532149
vt -0.1225191 0.07612573
vt -0.09692754 0.05735935
vt -0.08068774 -0.05896484
vt -0.09067981 -0.06631924
vt -0.08392029 -0.07550307
vt -0.07392822 -0.06814868
vt 0.08068774 -0.05896484
vt 0.07392822 -0.06814868
vt 0.08392029 -0.07550307
vt 0.09067981 -0.06631923
vt -0.1499361 0.00831181
vt -0.1724175 0.0307102
vt -0.1811742 0.02192104
vt -0.1586927 -0.0004773464
vt 0.1499361 0.00831181
vt 0.1586927 -0.0004773455
vt 0.1811742 0.02192104
vt 0.1724175 0.0307102
vt 0.0709804 -0.1213371
vt 0.07594244 -0.1219521
vt 0.0765574 -0.1169901
vt 0.07159536 -0.1163751
vt -0.07098041 -0.1213371
vt -0.07159536 -0.1163751
vt -0.07655741 -0.1169901
vt -0.07594244 -0.1219521
vt -0.09011476 0.06597666
vt -0.09045856 0.07096483
vt -0.09544673 0.07062103
vt -0.09510292 0.06563286
vt 0.09011476 0.06597666
vt 0.09510292 0.06563286
vt 0.09544673 0.07062103
vt 0.09045856 0.07096483
vt -0.1326093 0.008656451
vt -0.1282395 0.01108658
vt -0.1306697 0.01545631
vt -0.1350394 0.01302618
vt 0.1326093 0.008656448
vt 0.1350394 0.01302618
vt 0.1306697 0.01545631
vt 0.1282395 0.01108658
vt 0.1013481 -0.1145603
vt 0.1063461 -0.1147029
vt 0.1064887 -0.1097049
vt 0.1014908 -0.1095623
vt -0.1013481 -0.1145603
vt -0.1014908 -0.1095623
vt -0.1064887 -0.1097049
vt -0.1063461 -0.1147029
vt -0.1058668 0.078743
vt -0.105948 0.08374235
vt -0.1109473 0.08366119
vt -0.1108662 0.07866185
vt 0.1058668 0.078743
vt 0.1108662 0.07866185
vt 0.1109473 0.0836612
vt 0.105948 0.08374235
vt -0.1368019 0.01473808
vt -0.1324558 0.01721029
vt -0.134928 0.02155634
vt -0.139274 0.01908414
vt 0.1368019 0.01473808
vt 0.1392741 0.01908414
vt 0.134928 0.02155635
vt 0.1324558 0.01721029
vt 0.09251745 -0.1112661
vt 0.09751409 -0.1114494
vt 0.09769742 -0.1064528
vt 0.09270078 -0.1062695
vt -0.09251746 -0.1112661
vt -0.09270079 -0.1062695
vt -0.09769742 -0.1064528
vt -0.0975141 -0.1114494
vt -0.09835489 0.07784828
vt -0.09847011 0.08284695
vt -0.1034688 0.08273173
vt -0.1033536 0.07773305
vt 0.09835489 0.07784829
vt 0.1033536 0.07773306
vt 0.1034688 0.08273174
vt 0.09847011 0.08284695
vt -0.133888 0.0104743
vt -0.1296542 0.01313418
vt -0.1323141 0.01736798
vt -0.1365479 0.01470811
vt 0.133888 0.01047431
vt 0.1365479 0.01470811
vt 0.1323141 0.01736799
vt 0.1296542 0.01313418
vt 0.08440218 -0.1191163
vt 0.08937927 -0.1195944
vt 0.08985735 -0.1146173
vt 0.08488027 -0.1141392
vt -0.08440218 -0.1191163
vt -0.08488026 -0.1141392
vt -0.08985735 -0.1146173
vt -0.08937927 -0.1195944
vt -0.1000347 0.07164769
vt -0.1003443 0.07663809
vt -0.1053347 0.07632841
vt -0.1050251 0.07133801
vt 0.1000347 0.07164769
vt 0.1050251 0.07133801
vt 0.1053347 0.07632841
vt 0.1003443 0.07663809
vt -0.1349826 0.005309606
vt -0.1307827 0.008022768
vt -0.1334959 0.01222262
vt -0.1376957 0.009509454
vt 0.1349826 0.005309605
vt 0.1376957 0.009509453
vt 0.1334959 0.01222262
vt 0.1307827 0.008022767
vt 0.06200932 -0.1277668
vt 0.0669248 -0.1286822
vt 0.06784026 -0.1237667
vt 0.06292479 -0.1228513
vt -0.06200932 -0.1277668
vt -0.06292479 -0.1228513
vt -0.06784027 -0.1237667
vt -0.0669248 -0.1286822
vt -0.0912551 0.06007891
vt -0.09178641 0.06505059
vt -0.0967581 0.06451928
vt -0.09622679 0.05954759
vt 0.09125511 0.06007891
vt 0.0962268 0.0595476
vt 0.09675811 0.06451929
vt 0.09178642 0.0650506
vt -0.1336558 0.003361365
vt -0.1293191 0.00584986
vt -0.1318076 0.01018661
vt -0.1361443 0.007698116
vt 0.1336558 0.003361364
vt 0.1361443 0.007698115
vt 0.1318076 0.01018661
vt 0.1293191 0.00584986
vt 0.09246647 -0.1232619
vt 0.0974452 -0.1237226
vt 0.0979059 -0.1187438
vt 0.09292717 -0.1182831
vt -0.09246647 -0.1232619
vt -0.09292717 -0.1182831
vt -0.0979059 -0.1187438
vt -0.0974452 -0.1237226
vt -0.1074963 0.07224488
vt -0.1077668 0.07723755
vt -0.1127595 0.07696705
vt -0.112489 0.07197437
vt 0.1074963 0.07224488
vt 0.112489 0.07197437
vt 0.1127595 0.07696705
vt 0.1077668 0.07723755
vt -0.1379536 0.009560593
vt -0.1336388 0.01208696
vt -0.1361651 0.01640176
vt -0.1404799 0.01387539
vt 0.1379535 0.009560592
vt 0.1404799 0.01387539
vt 0.1361651 0.01640176
vt 0.1336388 0.01208696
vt -0.1658957 0.02142276
vt -0.1708557 0.02205428
vt -0.1714872 0.01709432
vt -0.1665272 0.0164628
vt 0.1658957 0.02142276
vt 0.1665272 0.0164628
vt 0.1714872 0.01709432
vt 0.1708557 0.02205428
vt -0.1657801 0.02234269
vt -0.1650704 0.02729207
vt -0.1700197 0.02800178
vt -0.1707294 0.0230524
vt 0.1657801 0.02234269
vt 0.1707294 0.0230524
vt 0.1700197 0.02800177
vt 0.1650704 0.02729206
vt -0.001255738 -0.000716597
vt 0.002064061 -0.004455441
vt 0.005802898 -0.001135638
vt 0.002483099 0.002603206
vt 0.001255743 -0.0007165977
vt -0.002483097 0.002603205
vt -0.005802896 -0.001135639
vt -0.002064059 -0.004455443
vt -0.1518935 0.01156468
vt -0.1568779 0.01195925
vt -0.1572725 0.00697484
vt -0.152288 0.006580273
vt 0.1518935 0.01156468
vt 0.152288 0.006580272
vt 0.1572724 0.006974841
vt 0.1568779 0.01195925
vt -0.1521826 0.008535643
vt -0.1517318 0.01351528
vt -0.1567115 0.01396606
vt -0.1571622 0.008986421
vt 0.1521826 0.008535644
vt 0.1571622 0.008986421
vt 0.1567115 0.01396606
vt 0.1517318 0.01351528
vt -0.003627492 -0.003780264
vt -0.0003361068 -0.007544146
vt 0.003427773 -0.004252763
vt 0.0001363886 -0.0004888815
vt 0.00362749 -0.003780262
vt -0.0001363904 -0.0004888797
vt -0.003427773 -0.004252761
vt 0.000336105 -0.007544144
vt -0.1585902 0.02011101
vt -0.1635512 0.02073432
vt -0.1641745 0.01577332
vt -0.1592135 0.01515001
vt 0.1585902 0.02011101
vt 0.1592135 0.01515001
vt 0.1641745 0.01577332
vt 0.1635512 0.02073432
vt -0.1593237 0.01445183
vt -0.1586814 0.01941041
vt -0.16364 0.02005266
vt -0.1642823 0.01509409
vt 0.1593237 0.01445184
vt 0.1642823 0.01509409
vt 0.16364 0.02005267
vt 0.1586814 0.01941041
vt -0.004530285 -0.004138164
vt -0.00104893 -0.007727058
vt 0.002539963 -0.004245708
vt -0.0009413871 -0.0006568099
vt 0.004530282 -0.00413816
vt 0.0009413887 -0.0006568109
vt -0.002539966 -0.004245705
vt 0.001048931 -0.007727059
vt -0.1601874 -0.001196047
vt -0.1651829 -0.00140708
vt -0.1649719 -0.006402625
vt -0.1599764 -0.006191592
vt 0.1601874 -0.00119605
vt 0.1599764 -0.006191595
vt 0.1649719 -0.006402628
vt 0.1651829 -0.001407083
vt -0.1600154 -0.005354756
vt -0.1602378 -0.0003597071
vt -0.1652329 -0.0005821507
vt -0.1650104 -0.005577199
vt 0.1600154 -0.005354756
vt 0.1650104 -0.005577199
vt 0.1652329 -0.0005821509
vt 0.1602378 -0.0003597073
vt -0.002546883 0.005255965
vt 0.00089421 0.001628448
vt 0.004521728 0.005069538
vt 0.001080635 0.008697054
vt 0.002546883 0.005255967
vt -0.001080635 0.008697057
vt -0.004521728 0.00506954
vt -0.0008942105 0.00162845
vt -0.175337 0.007810232
vt -0.1803367 0.00785483
vt -0.1803814 0.002855029
vt -0.1753816 0.002810431
vt 0.175337 0.007810233
vt 0.1753816 0.002810431
vt 0.1803814 0.00285503
vt 0.1803368 0.007854831
vt -0.1753443 0.006828549
vt -0.1752983 0.01182834
vt -0.1802981 0.01187432
vt -0.180344 0.006874531
vt 0.1753443 0.006828549
vt 0.180344 0.006874538
vt 0.1802981 0.01187432
vt 0.1752983 0.01182834
vt -0.0006046132 0.008114891
vt 0.00287652 0.004525781
vt 0.006465633 0.008006917
vt 0.002984495 0.01159602
vt 0.0006046128 0.008114893
vt -0.002984501 0.01159603
vt -0.006465634 0.008006918
vt -0.002876525 0.004525787
vt -0.1679274 0.00614133
vt -0.1729274 0.006150281
vt -0.1729364 0.001150287
vt -0.1679364 0.001141334
vt 0.1679274 0.00614133
vt 0.1679364 0.001141336
vt 0.1729364 0.001150287
vt 0.1729274 0.006150283
vt -0.1679365 0.001088961
vt -0.1679281 0.006088955
vt -0.1729281 0.006097412
vt -0.1729365 0.001097414
vt 0.1679366 0.001088967
vt 0.1729365 0.001097424
vt 0.1729281 0.006097418
vt 0.1679281 0.006088965
vt -0.00369287 0.0045962
vt -5.830276E-05 0.001162548
vt 0.003375352 0.004797113
vt -0.0002592155 0.008230761
vt 0.00369287 0.0045962
vt 0.0002592159 0.008230765
vt -0.003375351 0.004797113
vt 5.830313E-05 0.001162553
vt 0.07970846 0.0485789
vt 0.1053071 0.06661167
vt 0.08027451 0.06487553
vt -0.1693682 -0.00408453
vt -0.1722741 -0.005863874
vt -0.1578458 -0.01463776
vt 0.02034244 0.1011669
vt 0.04118773 0.07846674
vt 0.06442536 0.09980562
vt -0.02034244 0.1011669
vt -0.04358006 0.1225057
vt -0.06442536 0.09980562
vt -0.04118773 0.07846674
vt -0.1668042 -0.03070457
vt -0.1693899 -0.03292376
vt -0.1385458 -0.05661964
vt 0.1325086 -0.06943855
vt 0.1351492 -0.07159211
vt 0.1546276 -0.04770878
vt -0.07627285 0.1179564
vt -0.09236871 0.09167431
vt -0.05828067 0.06980462
vt 0.1678974 -0.03617596
vt 0.1653384 -0.03392615
vt 0.131243 -0.0536095
vt 0.09203668 0.09106544
vt 0.07601302 0.1173915
vt 0.05859111 0.07029708
vt -0.1463719 -0.03086708
vt -0.1482333 -0.03372111
vt -0.1240742 -0.04936763
vt -0.1228715 -0.0477566
vt -0.1288705 -0.05795984
vt -0.1273552 -0.05490791
vt -0.1586995 -0.03386915
vt 0.031487 0.1330432
vt 0.003586871 0.1076133
vt 0.02287237 0.08357397
vt -0.02219784 0.08317773
vt -0.002873248 0.1071857
vt -0.03125997 0.133776
vt 0.1268687 -0.05416511
vt 0.1284142 -0.05720191
vt 0.1642113 -0.0382588
vt -0.02121191 0.1128943
vt -0.03845738 0.08735186
vt -0.01273569 0.07455954
vt 0.10959 -0.0769259
vt 0.1084473 -0.07371579
vt 0.08212876 -0.08563158
vt 0.03035764 0.08581091
vt 0.01201054 0.1105739
vt 0.005144692 0.07170559
vt -0.1268047 -0.04087021
vt -0.1281177 -0.04239472
vt -0.1143287 -0.05427093
vt -0.1130156 -0.0527464
vt 0.02986325 0.1068968
vt 0.01121424 0.08476657
vt 0.0198129 0.06872772
vt -0.02849673 0.07021429
vt -0.02069278 0.08665451
vt -0.04040984 0.1076239
vt 0.08456676 -0.08784059
vt 0.08534524 -0.08969592
vt 0.1118934 -0.07872123
vt -0.1117887 -0.08457606
vt -0.112813 -0.08589831
vt -0.08688794 -0.08572972
vt -0.09538601 0.06434966
vt -0.07000383 0.04561253
vt -0.05486725 0.0528238
vt -0.07557669 -0.1299691
vt -0.07407285 -0.1269116
vt -0.08700551 -0.1177013
vt 0.1656204 -0.03064994
vt 0.1758206 -0.01564709
vt 0.1411028 -0.04159823
vt 0.05667701 0.0675273
vt 0.04219437 0.05660108
vt 0.05664944 0.05122088
vt -0.1700168 -0.04854483
vt -0.171212 -0.03316735
vt -0.1732165 -0.03299345
vt -0.168929 0.0292501
vt -0.1619956 0.03766622
vt -0.1631196 0.03933304
vt -0.07282298 -0.01061312
vt -0.08744928 0.0009247319
vt -0.1133746 0.000796754
vt 0.1222201 0.04909105
vt 0.1223854 0.04992628
vt 0.08307538 0.03047705
vt -0.09669568 -0.009507349
vt -0.08220636 -0.02121676
vt -0.07966365 -0.006566711
vt 0.1659468 0.06475259
vt 0.1639388 0.06462508
vt 0.153714 0.03388304
vt 0.1392626 -0.04169225
vt 0.1379643 -0.05050754
vt 0.1639766 -0.03119482
vt -0.1688212 -0.02619009
vt -0.1419338 -0.04567435
vt -0.1429089 -0.03681749
vt 0.0842561 0.1146221
vt 0.07461999 0.1446634
vt 0.06219935 0.1172889
vt 0.1864329 0.01648642
vt 0.1835335 0.01827625
vt 0.1596344 0.001025948
vt -0.06705814 0.1451452
vt -0.07744949 0.1153567
vt -0.05655422 0.117606
vt -0.1442908 -0.03859743
vt -0.146174 -0.04021731
vt -0.1110814 -0.05388068
vt -0.1590994 -0.01796009
vt -0.1571308 -0.01644523
vt -0.1707371 -0.007534061
vt -0.07837511 0.1182316
vt -0.07242747 0.1030933
vt -0.05749102 0.1205824
vt 0.06361081 0.1210783
vt 0.07804298 0.1031709
vt 0.08564723 0.1182485
vt 0.1638787 -0.007928934
vt 0.1658449 -0.009447029
vt 0.1908163 0.007288112
vt 0.1541605 0.02804498
vt 0.1546556 0.05103885
vt 0.1286207 0.002935097
vt 0.12966 -0.0005539979
vt 0.1520295 -0.03932121
vt 0.1502344 -0.0376042
vt 0.1030818 -0.06373254
vt -0.1407617 0.07268681
vt -0.1436619 0.0498712
vt -0.1254087 0.01819682
vt -0.1238672 0.02149468
vt -0.1544657 -0.005853559
vt -0.1276419 -0.01390787
vt -0.12697 -0.006798939
vt 0.1091586 -0.02064047
vt 0.1482615 -0.0007781326
vt 0.1088157 -0.01350809
vt -0.1780984 0.01529035
vt -0.1731043 -0.002657035
vt -0.1534488 0.009328646
vt -0.07124294 -0.05096794
vt -0.08821047 -0.04327685
vt -0.08821298 -0.05424742
vt 0.1553341 -0.01741017
vt 0.1526949 -0.00676179
vt 0.1162132 -0.03110575
vt -0.1265378 0.005808265
vt -0.1500338 0.02105055
vt -0.1540344 0.006729775
vt -0.1731751 0.03206555
vt -0.154895 0.01084705
vt -0.1356424 0.0179129
vt -0.0624869 0.05019045
vt -0.1001014 0.07274484
vt -0.07042602 0.04248656
vt 0.1515699 0.07676797
vt 0.1339361 0.08277629
vt 0.1324195 0.07085384
vt 0.1382619 0.07523172
vt 0.1555386 0.06826301
vt 0.1630117 0.08076285
vt -0.02205622 0.1777504
vt -0.02804344 0.1644747
vt 0.002902671 0.133396
vt -0.1347703 0.02530327
vt -0.1494974 0.04912559
vt -0.1713271 0.04181405
vt 0.01428543 0.1392502
vt -0.002385699 0.1167455
vt 0.006234414 0.1070624
vt -0.1086868 -0.03057641
vt -0.1500816 -0.01608432
vt -0.1184297 -0.04414418
vt 0.1371367 0.03277154
vt 0.1186647 0.03518698
vt 0.09522043 0.01986526
vt 0.1343727 0.06696905
vt 0.1523979 0.06226368
vt 0.1536774 0.07235797
vt -0.08124967 0.1387804
vt -0.0855729 0.1295695
vt -0.04819346 0.1066277
vt -0.00265988 0.1078679
vt 0.01197663 0.1317459
vt 0.003675329 0.1404369
vt 0.08628364 -0.02131085
vt 0.1113142 -0.01954569
vt 0.1109378 -0.01249914
vt -0.1085596 -0.02023233
vt -0.08364844 -0.02113602
vt -0.1082185 -0.01318398
vt -0.1358757 0.05629189
vt -0.1347857 0.0546007
vt -0.1159972 0.05040021
vt -0.09661721 -0.05262347
vt -0.09577611 -0.04101688
vt -0.120915 -0.04387446
vt 0.1321453 -0.05330319
vt 0.1067504 -0.05230155
vt 0.1081015 -0.06366522
vt 0.08744089 -0.1426383
vt 0.1125411 -0.146624
vt 0.1123603 -0.134006
vt -0.05152721 -0.1742733
vt -0.02898995 -0.1627755
vt -0.05561094 -0.162333
vt 0.1451176 0.005980899
vt 0.1454649 0.003999079
vt 0.1697436 0.01033889
vt -0.1221057 0.02970655
vt -0.1213075 0.03155347
vt -0.1420075 0.03551923
vt 0.02327955 0.1800112
vt 0.03349779 0.1615774
vt 0.04990051 0.1804555
vt -0.01819745 0.1858019
vt -0.004807694 0.1645802
vt 0.007402195 0.1794655
vt -0.1754789 0.0332501
vt -0.175283 0.03242151
vt -0.1686035 0.04171364
vt 0.06498902 0.1116001
vt 0.04356984 0.1346475
vt 0.02090857 0.1130387
vt 0.1734712 -0.04207712
vt 0.1724765 -0.0407325
vt 0.1538979 -0.06612545
vt 0.1624901 0.04965265
vt 0.1277754 0.01929803
vt 0.1120854 -0.01883031
vt -0.01317968 0.09866603
vt -0.02281309 0.1073417
vt -0.03995521 0.06731296
vt -0.01532773 0.09940471
vt -0.05416355 0.1197842
vt -0.02099664 0.08774564
vt -0.1221282 -0.0392307
vt -0.08049034 -0.05300877
vt -0.1120567 -0.02590502
vt -0.01385752 0.1063102
vt -0.04229064 0.07593577
vt -0.0328018 0.06710218
vt 0.1133763 -0.006944572
vt 0.1462926 0.0253515
vt 0.1563281 0.06644268
vt 0.1779812 0.02070145
vt 0.1334594 -0.003957717
vt 0.1094129 -0.03593784
vt -0.1356481 0.009689636
vt -0.1545373 0.001703001
vt -0.1153873 -0.02481343
vt 0.1154588 -0.06862347
vt 0.147653 -0.03883966
vt 0.09960302 -0.05561639
vt -0.07091807 0.04289264
vt -0.03050232 0.02585999
vt -0.06298571 0.05060349
vt -0.1526844 -0.007172613
vt -0.1295045 -0.04078958
vt -0.1116591 -0.03068359
vt 0.08215459 -0.02597336
vt 0.1321173 -0.01627866
vt 0.1614371 0.01432421
vt 0.1412901 0.03912214
vt 0.1402653 0.0357387
vt 0.1554492 0.02943634
vt 0.1572488 0.03247928
vt 0.1062438 -0.1242316
vt 0.102713 -0.1244132
vt 0.1014218 -0.140667
vt 0.104957 -0.1406212
vt -0.1405881 0.03560868
vt -0.1416129 0.03899212
vt -0.1574481 0.03240395
vt -0.1556486 0.02936095
vt -0.1026818 -0.1239753
vt -0.1062127 -0.123794
vt -0.1049519 -0.1410341
vt -0.1014167 -0.1410797
vt -0.1025002 0.1100374
vt -0.1025192 0.1065019
vt -0.0989837 0.1064829
vt -0.09896471 0.1100184
vt -0.1175683 0.1026231
vt -0.1156947 0.1056213
vt -0.1186929 0.1074949
vt -0.1205666 0.1044967
vt -0.06012309 0.02367853
vt -0.05928244 0.02034455
vt -0.04883305 0.01090841
vt -0.04588336 0.01267518
vt -0.1160385 0.1125014
vt -0.1195386 0.1122429
vt -0.1258965 0.1013952
vt -0.1226537 0.1000529
vt 0.04896192 0.0166651
vt 0.04977433 0.01997937
vt 0.03709299 0.009682857
vt 0.03999557 0.007888591
vt 0.1155997 0.1274328
vt 0.1120869 0.1276691
vt 0.1196706 0.1113319
vt 0.1228783 0.1127833
vt -0.07045775 -0.0604109
vt -0.07351414 -0.06213644
vt -0.08253232 -0.07280406
vt -0.07998154 -0.07521497
vt -0.1753159 -0.004711232
vt -0.1786397 -0.003523727
vt -0.1860667 -0.0146802
vt -0.1829815 -0.01639466
vt 0.07363208 -0.06482668
vt 0.07057491 -0.06310822
vt 0.08002482 -0.07721014
vt 0.08257432 -0.07480194
vt 0.1748635 -0.001937754
vt 0.1714823 -0.002958057
vt 0.1800136 -0.01836048
vt 0.1831589 -0.01675412
vt 0.1705591 0.0639828
vt 0.1688921 0.0585847
vt 0.1821159 0.052328
vt 0.1871722 0.05484827
vt -0.08085667 -0.1076673
vt -0.08422361 -0.1031248
vt -0.09473146 -0.1115371
vt -0.09238215 -0.1166801
vt -0.1695324 0.05793621
vt -0.1712222 0.06332596
vt -0.1868716 0.0549237
vt -0.1818081 0.05242055
vt 0.06868378 -0.102834
vt 0.06499998 -0.107125
vt 0.07945919 -0.11939
vt 0.08215258 -0.1144173
vt -0.1911201 0.05827861
vt -0.1865205 0.05498563
vt -0.1832275 0.05958524
vt -0.1878271 0.06287821
vt 0.08806839 0.08072364
vt 0.08526669 0.07580934
vt 0.09018101 0.07300763
vt 0.09298271 0.07792194
vt -0.1606836 0.09265116
vt -0.1585188 0.08743256
vt -0.1324046 0.08182978
vt -0.1340568 0.08723257
vt 0.173478 0.01245153
vt 0.1694742 0.01644442
vt 0.1428144 0.01220257
vt 0.1470662 0.008474836
vt 0.1530132 0.09104805
vt 0.1551105 0.09629434
vt 0.1282347 0.09062492
vt 0.1266604 0.0851987
vt -0.1711393 0.01722013
vt -0.1751198 0.01320385
vt -0.1482836 0.008935669
vt -0.1440485 0.01268248
vt -0.1302836 0.01806972
vt -0.1266967 0.01369545
vt -0.1223225 0.01728233
vt -0.1259093 0.02165661
vt 0.1796372 0.02879968
vt 0.1757376 0.02470174
vt 0.1798355 0.02080214
vt 0.1837351 0.02490007
vt -0.0789452 0.1201444
vt -0.07920698 0.1145272
vt -0.04801147 0.09016009
vt -0.04976157 0.09550406
vt 0.1448887 0.008987978
vt 0.1406705 0.0127564
vt 0.1058387 -0.006311049
vt 0.1101411 -0.009982998
vt 0.07568594 0.1152385
vt 0.07540207 0.120855
vt 0.04613937 0.0961342
vt 0.04440572 0.09078439
vt -0.1452331 0.01942131
vt -0.1494855 0.01569161
vt -0.1158663 -0.002445441
vt -0.1115356 0.001193055
vt 0.05381498 -0.07267991
vt 0.04848402 -0.07456695
vt 0.05736978 -0.08904615
vt 0.06286357 -0.08770512
vt 0.1813464 0.01472379
vt 0.1759649 0.01300387
vt 0.1853248 0.0007435053
vt 0.1909745 0.0007293884
vt -0.05131573 -0.08037579
vt -0.05662819 -0.07843845
vt -0.06535482 -0.09179925
vt -0.05987838 -0.09320787
vt -0.1760888 0.01173829
vt -0.1814719 0.01345529
vt -0.1911755 -0.001153575
vt -0.1855253 -0.001129034
vt -0.1928521 0.006944195
vt -0.1919901 0.00135341
vt -0.1863993 0.002215462
vt -0.1872613 0.007806253
vt 0.102447 0.1421449
vt 0.1063908 0.1380895
vt 0.1104462 0.1420333
vt 0.1065024 0.1460887
vt 0.05320356 0.1526337
vt 0.04814072 0.1551493
vt 0.03742873 0.1209927
vt 0.04307356 0.1206826
vt 0.1931619 0.0120478
vt 0.1883423 0.01500905
vt 0.1612937 -0.00474913
vt 0.1645053 -0.009405665
vt -0.04832249 0.1541717
vt -0.05337552 0.1516376
vt -0.04370874 0.1219487
vt -0.03806592 0.1222848
vt -0.1878836 0.01410466
vt -0.1927021 0.01114174
vt -0.1656313 -0.008624414
vt -0.1624211 -0.00396695
vt -0.1291187 -0.03978591
vt -0.1240867 -0.04237015
vt -0.1215024 -0.03733807
vt -0.1265345 -0.03475384
vt -0.09134994 -0.1234103
vt -0.09623279 -0.1205541
vt -0.09908897 -0.1254369
vt -0.09420614 -0.1282931
vt 0.01510057 0.1410674
vt 0.009476073 0.1405527
vt 0.03845812 0.09274893
vt 0.04205793 0.09710108
vt 0.1407564 -0.02975859
vt 0.1376982 -0.0249997
vt 0.08702463 -0.04878226
vt 0.0901446 -0.05350092
vt -0.009885067 0.1398545
vt -0.01550968 0.1403681
vt -0.04249353 0.09633271
vt -0.03889301 0.09198111
vt -0.1351982 -0.02674456
vt -0.1382512 -0.03150687
vt -0.09128148 -0.05280668
vt -0.08816681 -0.0480845
vt 0.03401034 0.0550041
vt 0.02998103 0.05897458
vt 0.01254779 0.04362585
vt 0.01664335 0.03972376
vt 0.1845638 0.0330202
vt 0.179089 0.03444261
vt 0.1752694 0.01008192
vt 0.180926 0.01007974
vt -0.03014806 0.05915029
vt -0.03417788 0.05518033
vt -0.01581415 0.03886668
vt -0.01171808 0.04276824
vt -0.1791329 0.03481434
vt -0.1846077 0.03339172
vt -0.1809809 0.01054561
vt -0.1753244 0.01054804
vt 0.1809784 0.01724896
vt 0.1809205 0.02290551
vt 0.175264 0.02284766
vt 0.1753218 0.0171911
vt -0.1629829 -0.02608724
vt -0.1643588 -0.02060025
vt -0.1698457 -0.02197611
vt -0.1684699 -0.0274631
vt 0.07651846 -0.03634151
vt 0.07510515 -0.03629082
vt 0.07030465 -0.04216741
vt 0.0717178 -0.04222273
vt 0.1191032 0.07364868
vt 0.1177908 0.07312168
vt 0.1208461 0.066181
vt 0.1221602 0.06670361
vt -0.07510707 -0.03623862
vt -0.07652037 -0.03628931
vt -0.07171994 -0.04216462
vt -0.0703068 -0.0421093
vt -0.1174918 0.07387702
vt -0.1188042 0.07440389
vt -0.1218618 0.06745508
vt -0.1205476 0.0669326
vt 0.08995359 0.1280546
vt 0.08855037 0.1282307
vt 0.08837425 0.1268276
vt 0.08977745 0.1266514
vt -0.09265399 0.1268301
vt -0.09124877 0.1269893
vt -0.09140804 0.1283945
vt -0.09281325 0.1282353
vt -0.1544627 0.001126581
vt -0.1632727 0.01068606
vt -0.1728322 0.001876039
vt -0.1640222 -0.007683441
vt 0.1544627 0.00112658
vt 0.1640222 -0.00768344
vt 0.1728322 0.001876036
vt 0.1632727 0.01068606
vt 0.04022093 0.1017959
vt 0.05314669 0.1004086
vt 0.05453398 0.1133344
vt 0.04160822 0.1147217
vt -0.04022093 0.1017959
vt -0.04160822 0.1147217
vt -0.05453399 0.1133344
vt -0.0531467 0.1004086
vt 0.01588201 -0.1154319
vt 0.01437822 -0.1283446
vt 0.02729095 -0.1298484
vt 0.02879474 -0.1169357
vt -0.01588201 -0.1154319
vt -0.02879474 -0.1169357
vt -0.02729095 -0.1298484
vt -0.01437822 -0.1283446
vt -0.1654148 0.001734937
vt -0.1710095 0.01002345
vt -0.179298 0.004428761
vt -0.1737033 -0.003859753
vt 0.1654148 0.001734933
vt 0.1737033 -0.003859758
vt 0.179298 0.004428757
vt 0.1710095 0.01002345
vt 0.02627861 0.09354649
vt 0.03627715 0.09337537
vt 0.03644826 0.1033739
vt 0.02644973 0.103545
vt -0.02627861 0.09354649
vt -0.02644973 0.103545
vt -0.03644826 0.1033739
vt -0.03627714 0.09337537
vt 0.02121557 -0.1367153
vt 0.0209621 -0.1467121
vt 0.03095889 -0.1469655
vt 0.03121236 -0.1369688
vt -0.02121557 -0.1367153
vt -0.03121236 -0.1369688
vt -0.03095889 -0.1469655
vt -0.02096211 -0.1467121
vt -0.1691602 0.006848474
vt -0.1737033 0.01343335
vt -0.1802881 0.008890293
vt -0.1757451 0.002305411
vt 0.1691602 0.006848473
vt 0.1757451 0.002305415
vt 0.1802881 0.008890292
vt 0.1737033 0.01343335
vt 0.04402475 0.09921438
vt 0.05201004 0.09872954
vt 0.05249488 0.1067148
vt 0.04450958 0.1071997
vt -0.04402474 0.09921437
vt -0.04450958 0.1071997
vt -0.05249488 0.1067148
vt -0.05201004 0.09872954
vt 0.02591945 -0.1381525
vt 0.02521811 -0.1461216
vt 0.03318732 -0.146823
vt 0.03388865 -0.1388538
vt -0.02591944 -0.1381525
vt -0.03388865 -0.1388538
vt -0.03318731 -0.146823
vt -0.02521811 -0.1461217
vt -0.163946 -0.003132368
vt -0.1665561 -0.0001013238
vt -0.1695872 -0.002711454
vt -0.166977 -0.005742498
vt 0.163946 -0.003132366
vt 0.166977 -0.005742497
vt 0.1695872 -0.002711453
vt 0.1665561 -0.0001013227
vt 0.05607278 0.0982824
vt 0.0600404 0.09777452
vt 0.06054828 0.1017421
vt 0.05658066 0.10225
vt -0.05607278 0.0982824
vt -0.05658066 0.10225
vt -0.06054828 0.1017421
vt -0.0600404 0.09777452
vt 0.02410459 -0.1312464
vt 0.02351646 -0.1352029
vt 0.02747299 -0.135791
vt 0.02806112 -0.1318345
vt -0.02410459 -0.1312464
vt -0.02806112 -0.1318345
vt -0.02747299 -0.135791
vt -0.02351646 -0.1352029
vt -0.1577583 -0.009284571
vt -0.1603342 -0.006224358
vt -0.1633944 -0.008800236
vt -0.1608185 -0.01186045
vt 0.1577583 -0.00928457
vt 0.1608185 -0.01186045
vt 0.1633944 -0.008800237
vt 0.1603342 -0.00622436
vt 0.0399917 0.0911326
vt 0.04397399 0.09075661
vt 0.04434998 0.0947389
vt 0.04036769 0.09511489
vt -0.0399917 0.0911326
vt -0.04036768 0.09511488
vt -0.04434997 0.0947389
vt -0.04397399 0.09075661
vt 0.01693397 -0.1293661
vt 0.0164881 -0.1333412
vt 0.02046317 -0.133787
vt 0.02090904 -0.129812
vt -0.01693397 -0.1293661
vt -0.02090904 -0.129812
vt -0.02046317 -0.133787
vt -0.0164881 -0.1333412
vt -0.1631139 -0.001583228
vt -0.16569 0.00147677
vt -0.16875 -0.00109935
vt -0.1661739 -0.004159353
vt 0.1631139 -0.001583232
vt 0.1661739 -0.00415935
vt 0.16875 -0.001099354
vt 0.16569 0.001476773
vt 0.02907815 0.1021525
vt 0.03306955 0.1018903
vt 0.03333179 0.1058817
vt 0.02934039 0.1061439
vt -0.02907815 0.1021525
vt -0.02934039 0.1061439
vt -0.03333179 0.1058816
vt -0.03306954 0.1018903
vt 0.01246264 -0.127157
vt 0.01215141 -0.1311448
vt 0.01613929 -0.131456
vt 0.01645051 -0.1274682
vt -0.01246264 -0.127157
vt -0.01645052 -0.1274682
vt -0.01613929 -0.131456
vt -0.01215141 -0.1311448
vt -0.1719781 0.003630695
vt -0.174514 0.006724114
vt -0.1776075 0.004188221
vt -0.1750716 0.001094803
vt 0.1719781 0.003630697
vt 0.1750716 0.001094804
vt 0.1776075 0.004188223
vt 0.1745141 0.006724115
vt 0.03154189 0.1100899
vt 0.03553415 0.1098413
vt 0.03578276 0.1138335
vt 0.0317905 0.1140822
vt -0.03154189 0.1100899
vt -0.0317905 0.1140822
vt -0.03578276 0.1138335
vt -0.03553415 0.1098413
vt 0.01466789 -0.1321891
vt 0.0143649 -0.1361776
vt 0.01835341 -0.1364806
vt 0.01865639 -0.1324921
vt -0.01466788 -0.1321891
vt -0.01865639 -0.1324921
vt -0.0183534 -0.1364806
vt -0.0143649 -0.1361776
vt 0.02364336 -0.1186574
vt 0.02556758 -0.1192027
vt 0.02611288 -0.1172785
vt 0.02418866 -0.1167332
vt -0.02364335 -0.1186574
vt -0.02418865 -0.1167332
vt -0.02611288 -0.1172785
vt -0.02556757 -0.1192027
vt -0.0803398 0.1129025
vt -0.08075579 0.1148588
vt -0.08271203 0.1144428
vt -0.08229605 0.1124865
vt 0.0803398 0.1129025
vt 0.08229605 0.1124865
vt 0.08271204 0.1144428
vt 0.08075578 0.1148588
vt -0.1624672 0.03704757
vt -0.1608675 0.03824794
vt -0.1620678 0.03984766
vt -0.1636676 0.03864729
vt 0.1624672 0.03704756
vt 0.1636676 0.03864728
vt 0.1620678 0.03984765
vt 0.1608675 0.03824794
vt -0.1614604 -0.001679584
vt -0.166661 0.004399306
vt -0.1727399 -0.0008013692
vt -0.1675393 -0.006880264
vt 0.1614604 -0.001679586
vt 0.1675393 -0.006880261
vt 0.1727399 -0.0008013706
vt 0.166661 0.004399308
vt 0.04293519 0.09973064
vt 0.05089097 0.09889086
vt 0.05173076 0.1068467
vt 0.04377496 0.1076864
vt -0.04293518 0.09973064
vt -0.04377497 0.1076864
vt -0.05173076 0.1068467
vt -0.05089098 0.09889086
vt 0.01682929 -0.1267944
vt 0.01584967 -0.1347342
vt 0.02378947 -0.1357138
vt 0.02476908 -0.127774
vt -0.01682928 -0.1267944
vt -0.02476908 -0.127774
vt -0.02378946 -0.1357138
vt -0.01584967 -0.1347342
vt 0.08880174 0.01708635
vt 0.08857451 0.01641676
vt 0.08885912 0.01690423
vt 0.08907609 0.01757722
vt -0.07365474 0.08826117
vt -0.07296617 0.08810027
vt -0.07278201 0.08863329
vt -0.07347045 0.08879472
vt -0.08684964 0.01693256
vt -0.08707729 0.01760201
vt -0.08734961 0.01809346
vt -0.08713213 0.01742064
vt 0.07369454 0.08562324
vt 0.07438342 0.08578265
vt 0.07420079 0.08631451
vt 0.07351199 0.08615462
vt -0.08070125 0.06201235
vt -0.08085229 0.06132156
vt -0.0801615 0.06117051
vt -0.08001046 0.0618613
vt 0.07836705 0.07868206
vt 0.07768645 0.07849017
vt 0.07787835 0.07780959
vt 0.07855891 0.07800147
vt 0.04307651 0.0588032
vt 0.04326207 0.05812087
vt 0.0434093 0.05794021
vt 0.04404011 0.05762071
vt 0 0
vt 0 0
vt 0 0
vt 0 0
vt -0.04392519 0.05830419
vt -0.04373961 0.0589865
vt -0.04434884 0.05823888
vt -0.04371805 0.05855838
vt 0.07610116 0.07807285
vt 0.07541166 0.07791606
vt 0.07631215 0.07668483
vt 0.07667049 0.07729442
vt 0.05484328 0.05142161
vt 0.05421775 0.05174745
vt 0.05442798 0.05114566
vt 0.05504429 0.05080269
vt -0.07419072 0.07352221
vt -0.07454711 0.07413264
vt -0.074737 0.07352316
vt -0.07438152 0.07291219
vt -0.06161541 0.06394698
vt -0.06223604 0.06361201
vt -0.0624366 0.06300015
vt -0.06182113 0.06334452
vt 0.1038675 0.05364264
vt 0.1034784 0.0530525
vt 0.1036542 0.05242419
vt 0.1040357 0.05301928
vt 0 0
vt 0 0
vt 0 0
vt 0 0
vt -0.1068867 0.04574985
vt -0.1072709 0.04634353
vt -0.1070336 0.04483675
vt -0.1068505 0.04551973
vt -0.07096676 0.05469134
vt -0.07157947 0.0543384
vt -0.07146896 0.05338024
vt -0.07079198 0.05317605
vt 0.1078518 0.04597105
vt 0.1074677 0.04537738
vt 0.1075187 0.04570127
vt 0.1077018 0.04501829
vt 0.03186098 0.1461245
vt 0.03121111 0.1458466
vt 0.03103652 0.1452654
vt 0.03167261 0.1455736
vt -0.1657554 0.0433814
vt -0.1658532 0.0426829
vt -0.1652866 0.04229943
vt -0.165282 0.04300472
vt -0.003435307 0.1629784
vt -0.004046366 0.1633339
vt -0.003978999 0.1626843
vt -0.003389477 0.1622942
vt 0.1608164 0.04675422
vt 0.1607039 0.04745021
vt 0.1602711 0.04706395
vt 0.1602987 0.04635944
vt 0.03633187 0.1478912
vt 0.03568948 0.1475956
vt 0.03538754 0.147145
vt 0.03602994 0.1474406
vt -0.1266782 0.06755138
vt -0.1267963 0.06685419
vt -0.1263525 0.06654222
vt -0.1262345 0.06723941
vt -0.03592901 0.1470675
vt -0.03657137 0.1473631
vt -0.03626944 0.1469125
vt -0.03562708 0.1466169
vt 0.1274557 0.06696482
vt 0.1273377 0.06766201
vt 0.126894 0.06735004
vt 0.127012 0.06665285
vt -0.08507586 0.1545359
vt -0.08541679 0.1539164
vt -0.08546723 0.153184
vt -0.08512734 0.1538041
vt -0.1338002 0.06517
vt -0.1339014 0.06447018
vt -0.1332077 0.06422818
vt -0.1331071 0.0649281
vt 0.0863081 0.1531717
vt 0.08597168 0.1537936
vt 0.08601646 0.1530608
vt 0.08635184 0.1524383
vt 0.1343388 0.06463291
vt 0.1342371 0.06533265
vt 0.1335446 0.06509034
vt 0.1336457 0.0643905
vt -0.1370418 0.1127212
vt -0.1371336 0.1120201
vt -0.1369294 0.1114469
vt -0.1368385 0.1121482
vt -0.1398734 0.06264409
vt -0.1399574 0.06194199
vt -0.1393713 0.06177431
vt -0.1392884 0.06247655
vt 0.138191 0.110412
vt 0.1381072 0.1111142
vt 0.137895 0.1105432
vt 0.1379778 0.1098409
vt 0.1404183 0.06208956
vt 0.1403339 0.0627916
vt 0.1397494 0.06262375
vt 0.1398327 0.06192156
vt -0.07650028 0.1572492
vt -0.07687164 0.1566474
vt -0.07689411 0.15593
vt -0.0765243 0.1565327
vt -0.1417685 0.06161647
vt -0.1418448 0.0609135
vt -0.1411691 0.06066919
vt -0.1410936 0.06137226
vt 0.07757831 0.1560419
vt 0.07721059 0.1566459
vt 0.077229 0.1559285
vt 0.07759517 0.1553237
vt 0.1421786 0.06111675
vt 0.1421015 0.06181964
vt 0.1414277 0.06157476
vt 0.141504 0.06087179
vt -0.08885337 0.1506276
vt -0.08917628 0.1499986
vt -0.08910128 0.1492325
vt -0.0887797 0.1498623
vt -0.1471802 0.05859653
vt -0.1472383 0.05789181
vt -0.1465073 0.05764235
vt -0.1464519 0.05834728
vt 0.09159563 0.1483568
vt 0.09128366 0.1489914
vt 0.09119235 0.1482252
vt 0.09150301 0.14759
vt 0.1476532 0.05805293
vt 0.1475945 0.05875759
vt 0.1468673 0.05850781
vt 0.1469232 0.05780292
vt -0.001888802 0.1651706
vt -0.002467755 0.1647646
vt -0.002780049 0.1640979
vt -0.00220379 0.1645078
vt -0.133836 0.06507908
vt -0.1339263 0.06437777
vt -0.1332652 0.0640472
vt -0.133178 0.06474892
vt 0.005560097 0.1650358
vt 0.004988242 0.1654517
vt 0.005288183 0.1647786
vt 0.005857246 0.1643589
vt 0.1335552 0.06485069
vt 0.1334624 0.06555165
vt 0.132808 0.06521939
vt 0.1328977 0.06451801
vt 0.03960937 0.1434989
vt 0.03896224 0.1432139
vt 0.03861504 0.1425192
vt 0.03926077 0.1428074
vt -0.135937 0.0646606
vt -0.1360169 0.06395803
vt -0.1354091 0.0634693
vt -0.1353332 0.06417231
vt -0.03741982 0.1443582
vt -0.03806461 0.1446485
vt -0.03772374 0.1439495
vt -0.03708042 0.143656
vt 0.1355791 0.06450243
vt 0.1354964 0.06520467
vt 0.1348972 0.06471416
vt 0.1349761 0.06401148
vt 0.05137102 0.1303456
vt 0.0507109 0.1300921
vt 0.05046739 0.1295747
vt 0.0511269 0.1298298
vt -0.1324162 0.06638504
vt -0.1325 0.06568293
vt -0.132097 0.06527452
vt -0.1320157 0.06597693
vt -0.04967082 0.1312287
vt -0.05032954 0.1314857
vt -0.05008922 0.130966
vt -0.04943113 0.1307074
vt 0.1321259 0.0661831
vt 0.1320394 0.06688488
vt 0.131642 0.0664754
vt 0.1317261 0.06577332
vt 0.06008908 0.1175085
vt 0.05942078 0.1172774
vt 0.05920522 0.1167444
vt 0.05987297 0.1169771
vt -0.1286359 0.06826063
vt -0.1287262 0.06755932
vt -0.1283758 0.06710102
vt -0.1282884 0.0678027
vt -0.05838258 0.1188794
vt -0.05904972 0.1191137
vt -0.0588371 0.1185787
vt -0.05817053 0.1183428
vt 0.1278341 0.06823336
vt 0.1277398 0.06893414
vt 0.1273966 0.06847443
vt 0.1274881 0.06777328
vt 0.06096163 0.1175405
vt 0.0602929 0.1173107
vt 0.06010397 0.1167587
vt 0.06077214 0.1169901
vt -0.1330822 0.06686728
vt -0.1331564 0.06616409
vt -0.1328138 0.06568876
vt -0.1327433 0.06639234
vt -0.05910691 0.1191631
vt -0.05977435 0.1193965
vt -0.05958893 0.1188421
vt -0.05892208 0.118607
vt 0.1321629 0.06698857
vt 0.1320841 0.06769125
vt 0.1317504 0.06721429
vt 0.1318256 0.0665112
vt 0.06791166 0.1053799
vt 0.06723755 0.1051664
vt 0.06707866 0.1046237
vt 0.06775247 0.1048382
vt -0.1234883 0.07135151
vt -0.1235843 0.07065095
vt -0.1233161 0.07015151
vt -0.1232226 0.07085241
vt -0.06646413 0.1066525
vt -0.06713748 0.1068683
vt -0.0669807 0.1063245
vt -0.06630769 0.1061076
vt 0.1223094 0.07143515
vt 0.1222084 0.07213501
vt 0.1219478 0.07163419
vt 0.1220464 0.07093401
vt -0.06220173 0.1185797
vt -0.0615337 0.118348
vt -0.06175566 0.1188568
vt -0.06242477 0.1190854
vt -0.123748 0.07113798
vt -0.123662 0.0718398
vt -0.1240013 0.07227413
vt -0.1240928 0.071573
vt 0.06415172 0.1138041
vt 0.06482247 0.1140279
vt 0.06505278 0.1145265
vt 0.06438114 0.1143053
vt 0.1207925 0.07326193
vt 0.1208883 0.07256138
vt 0.1212238 0.07300062
vt 0.121123 0.07370047
vt -0.07855887 0.07800146
vt -0.0778783 0.07780957
vt -0.07768641 0.07849015
vt -0.078367 0.07868205
vt 0.07942457 0.08169323
vt 0.07874332 0.08150376
vt 0.0789328 0.08082248
vt 0.07961403 0.08101197
vt 0.1647321 0.02137482
vt 0.16448 0.02071417
vt 0.165024 0.02102168
vt 0.1652711 0.02168417
vt -0.06243537 0.1560065
vt -0.06172993 0.1559581
vt -0.06170161 0.1565755
vt -0.06240656 0.1566306
vt -0.164529 0.02070452
vt -0.1647809 0.02136519
vt -0.16531 0.02167832
vt -0.1650629 0.0210158
vt 0.0618486 0.1560529
vt 0.06255408 0.1561007
vt 0.06252603 0.1567216
vt 0.06182104 0.1566671
vt -0.07191844 0.08074509
vt -0.07194391 0.08003844
vt -0.07123727 0.08001296
vt -0.0712118 0.08071961
vt 0.06605278 0.0931355
vt 0.06568991 0.09252861
vt 0.06629682 0.09216571
vt 0.06665969 0.09277261
vt -0.1529129 0.05201455
vt -0.1527851 0.05131911
vt -0.1522905 0.05078541
vt -0.1524199 0.05148057
vt -0.0654341 0.1260645
vt -0.06614025 0.1261011
vt -0.06585518 0.1254316
vt -0.06514902 0.125395
vt 0.1533767 0.05120004
vt 0.1535046 0.05189548
vt 0.1530114 0.05136155
vt 0.152882 0.0506664
vt 0.06615357 0.1263168
vt 0.0654474 0.1262803
vt 0.06516215 0.1256118
vt 0.06586833 0.1256483
vt -0.08417024 0.07967211
vt -0.08417422 0.07896504
vt -0.08389056 0.07848393
vt -0.08388712 0.07919101
vt -0.06800429 0.08974357
vt -0.06871075 0.08977355
vt -0.06844673 0.08928151
vt -0.06774027 0.0892514
vt 0.08364005 0.07920988
vt 0.08363403 0.07991694
vt 0.08335248 0.07943501
vt 0.083358 0.07872795
vt 0.06877668 0.08875086
vt 0.0680702 0.08872104
vt 0.06780605 0.08822925
vt 0.06851252 0.08825917
vt -0.09345765 0.07764344
vt -0.09344463 0.07693647
vt -0.09367625 0.07724318
vt -0.09299983 0.07703722
vt 0 0
vt 0 0
vt 0 0
vt 0 0
vt 0.09414256 0.07692315
vt 0.09415559 0.07763012
vt 0.09320231 0.07636783
vt 0.09387873 0.0765738
vt 0.06827917 0.09717612
vt 0.06757271 0.09714572
vt 0.06715808 0.0965092
vt 0.06741579 0.09585074
vt -0.09797239 0.06186563
vt -0.09865101 0.06206427
vt -0.09744301 0.06118265
vt -0.09783912 0.06176837
vt -0.07037603 0.09696787
vt -0.07062887 0.09630752
vt -0.06983869 0.095643
vt -0.06923147 0.09600533
vt 0.09884049 0.06140796
vt 0.09816188 0.06120932
vt 0.09840263 0.06138503
vt 0.09800652 0.06079931
vt 0 0
vt 0 0
vt 0 0
vt 0 0
vt -0.1756839 0.01794692
vt -0.1753192 0.01734115
vt -0.1746206 0.01718016
vt -0.174991 0.01778247
vt -0.1541903 0.08295968
vt -0.154562 0.08235821
vt -0.153916 0.08207692
vt -0.1535337 0.08267172
vt 0.1753671 0.01689826
vt 0.1757334 0.01750311
vt 0.1750548 0.0173313
vt 0.1746829 0.01672992
vt 0.1540704 0.08393639
vt 0.1536931 0.08453442
vt 0.1530432 0.08424307
vt 0.153431 0.08365177
vt -0.1515118 0.01910989
vt -0.1510826 0.01854793
vt -0.1504065 0.0183924
vt -0.1508395 0.01895139
vt -0.1224669 0.1078451
vt -0.1229774 0.1073558
vt -0.1223249 0.1071232
vt -0.1218136 0.1076116
vt 0.1512222 0.01842418
vt 0.1516515 0.01898609
vt 0.1509804 0.01882669
vt 0.1505474 0.01826775
vt 0.1221561 0.1082254
vt 0.121642 0.1087109
vt 0.1209927 0.1084751
vt 0.1215076 0.1079905
vt -0.1648025 0.0119954
vt -0.1643815 0.01142728
vt -0.1638234 0.01131327
vt -0.1642471 0.01187937
vt -0.1394742 0.09714439
vt -0.139924 0.0965988
vt -0.1393842 0.09641163
vt -0.1389358 0.09695838
vt 0.1648751 0.01115738
vt 0.1652957 0.01172576
vt 0.1647383 0.01161092
vt 0.164315 0.01104456
vt 0.1395588 0.09763779
vt 0.1391057 0.09818062
vt 0.1385703 0.09799289
vt 0.139022 0.09744889
vt -0.1605136 0.01380149
vt -0.1600846 0.01323938
vt -0.1594065 0.01312881
vt -0.1598428 0.01368525
vt -0.140019 0.0963155
vt -0.1404628 0.09576501
vt -0.1397974 0.09557921
vt -0.1393568 0.09613226
vt 0.1608591 0.01277416
vt 0.1612876 0.01333666
vt 0.1606126 0.01322316
vt 0.1601768 0.01266636
vt 0.1389327 0.09784772
vt 0.1384806 0.0983914
vt 0.1378265 0.09820246
vt 0.1382755 0.09765621
vt -0.1413839 0.02756689
vt -0.1409431 0.02701402
vt -0.1404608 0.02674881
vt -0.1409013 0.02730188
vt -0.08963054 0.1067804
vt -0.09020886 0.1063735
vt -0.08977165 0.1060411
vt -0.08919261 0.1064469
vt 0.1398113 0.0280176
vt 0.1402517 0.02857085
vt 0.1397718 0.02830345
vt 0.1393317 0.02775
vt 0.09070953 0.10698
vt 0.09013139 0.1073872
vt 0.08969323 0.1070538
vt 0.09027211 0.1066477
vt -0.159324 0.01381413
vt -0.158888 0.01325745
vt -0.1582871 0.01294116
vt -0.1587231 0.01349785
vt -0.1008289 0.1092881
vt -0.1013865 0.1088534
vt -0.1008521 0.1084345
vt -0.1002944 0.1088693
vt 0.1592157 0.01300126
vt 0.1596517 0.01355794
vt 0.1590508 0.01324166
vt 0.1586148 0.01268498
vt 0.101796 0.1093769
vt 0.1012383 0.1098116
vt 0.1007039 0.1093928
vt 0.1012615 0.108958
vt -0.1694658 0.01210491
vt -0.1690541 0.01153004
vt -0.1684242 0.0111711
vt -0.1688377 0.01174476
vt -0.1070812 0.1094325
vt -0.1076239 0.1089793
vt -0.1070803 0.1084986
vt -0.106538 0.1089524
vt 0.1693245 0.0114217
vt 0.169736 0.01199678
vt 0.1691065 0.01163734
vt 0.1686934 0.01106346
vt 0.1076986 0.1094887
vt 0.107155 0.1099409
vt 0.1066132 0.1094604
vt 0.1071564 0.1090076
vt -0.1656935 0.04231985
vt -0.1653951 0.04167879
vt -0.1648605 0.04099735
vt -0.1651688 0.0416337
vt -0.08662843 0.1045296
vt -0.08720977 0.104127
vt -0.08673633 0.1034018
vt -0.08615497 0.1038043
vt 0.1653043 0.04173636
vt 0.1656027 0.04237744
vt 0.1650783 0.04169111
vt 0.1647701 0.04105473
vt 0.086303 0.1040276
vt 0.08571961 0.1044272
vt 0.0852512 0.1037015
vt 0.08583461 0.103302
vt -0.1551998 0.0586766
vt -0.1549501 0.05801507
vt -0.1543017 0.0573573
vt -0.154569 0.05801192
vt -0.1072563 0.1094391
vt -0.1077957 0.1089819
vt -0.1072737 0.1082136
vt -0.1067378 0.1086748
vt 0.1556451 0.05682681
vt 0.1558994 0.05748663
vt 0.1552518 0.05683119
vt 0.15498 0.05617843
vt 0.1057815 0.1096315
vt 0.1052364 0.1100818
vt 0.1047324 0.1093165
vt 0.1052743 0.1088623
vt -0.1702722 0.01520241
vt -0.1698566 0.01463031
vt -0.1690984 0.01416772
vt -0.169524 0.0147324
vt -0.1060169 0.1099743
vt -0.1065547 0.1095152
vt -0.1059259 0.1088869
vt -0.1053886 0.1093466
vt 0.169991 0.01458877
vt 0.1704063 0.01516103
vt 0.1696568 0.01469187
vt 0.1692314 0.01412703
vt 0.1053088 0.1101544
vt 0.1047669 0.1106087
vt 0.1041472 0.109979
vt 0.1046886 0.1095241
vt 0.04290089 0.09684621
vt 0.04263522 0.09619091
vt 0.04300483 0.09658875
vt 0.0432706 0.09724401
vt -0.07063535 0.1321604
vt -0.06992938 0.1321204
vt -0.06973998 0.1326288
vt -0.07044592 0.1326694
vt -0.04099132 0.09686833
vt -0.04125337 0.09752508
vt -0.04161941 0.09792551
vt -0.04135726 0.0972688
vt 0.06988613 0.1328455
vt 0.07059211 0.1328855
vt 0.07040267 0.1333945
vt 0.06969672 0.1333539
vt -0.07306931 0.1099346
vt -0.07310242 0.1092283
vt -0.07239608 0.1091952
vt -0.07236297 0.1099015
vt 0.05050983 0.09616466
vt 0.04999717 0.09567764
vt 0.05048416 0.09516497
vt 0.05099683 0.09565197
vt -0.1225289 0.08988914
vt -0.1224307 0.0891889
vt -0.1221442 0.08869283
vt -0.1222432 0.08939297
vt -0.07080959 0.1226975
vt -0.07151569 0.122735
vt -0.07133917 0.1221902
vt -0.07063307 0.1221525
vt 0.1220285 0.08974039
vt 0.1221236 0.09044108
vt 0.1218405 0.08994354
vt 0.1217446 0.08924297
vt 0.07153904 0.1228428
vt 0.07083292 0.1228054
vt 0.07065625 0.1222607
vt 0.07136237 0.1222983
vt -0.09938346 0.1011352
vt -0.09934831 0.1004289
vt -0.09889776 0.099968
vt -0.09893317 0.1006742
vt -0.07097898 0.1237762
vt -0.07168514 0.1238129
vt -0.07128879 0.1233048
vt -0.07058264 0.1232679
vt 0.09926281 0.1007132
vt 0.09929587 0.1014196
vt 0.09884723 0.1009573
vt 0.09881391 0.100251
vt 0.07169092 0.1241071
vt 0.07098476 0.1240705
vt 0.07058833 0.1235625
vt 0.07129447 0.1235994
vt 0 0
vt 0 0
vt 0 0
vt 0 0
vt -0.07085493 0.1233454
vt -0.07156112 0.1233816
vt -0.07111414 0.1229226
vt -0.07113162 0.1236295
vt 0.09482476 0.1019348
vt 0.09484751 0.1026415
vt 0.09363621 0.1016053
vt 0.09433793 0.1015183
vt 0.07152797 0.1240825
vt 0.07082179 0.1240463
vt 0.0704333 0.1236474
vt 0.07041582 0.1229405
vt -0.08227785 0.09421362
vt -0.08298121 0.09415184
vt -0.08252981 0.09379947
vt -0.08182545 0.09384862
vt -0.05416356 0.1213393
vt -0.05419375 0.1206339
vt -0.05377244 0.1202329
vt -0.05375451 0.1209386
vt 0.08048473 0.06813034
vt 0.07978153 0.06819503
vt 0.07932932 0.06779947
vt 0.08003448 0.06776174
vt 0.01660873 0.1230906
vt 0.01648068 0.123785
vt 0.01611546 0.1233327
vt 0.01621822 0.1226342
vt -0.0721169 0.08265482
vt -0.07282342 0.08262621
vt -0.07232586 0.0822973
vt -0.07161939 0.08232708
vt -0.04325863 0.1153914
vt -0.04330132 0.1146856
vt -0.0428331 0.1143158
vt -0.04279068 0.1150216
vt 0.07276101 0.08126549
vt 0.07205448 0.08129404
vt 0.07155699 0.08096592
vt 0.07226346 0.08093618
vt 0.0449325 0.1143878
vt 0.04489527 0.1150939
vt 0.04442532 0.1147277
vt 0.04446229 0.1140216
vt -0.07270716 0.08947315
vt -0.07341354 0.08944149
vt -0.07207718 0.08860276
vt -0.07235581 0.08925264
vt -0.05387262 0.1133673
vt -0.05388895 0.1126603
vt -0.05325206 0.1122055
vt -0.05258868 0.1124503
vt 0.07338083 0.08874314
vt 0.07267443 0.0887748
vt 0.07299657 0.08897699
vt 0.07271793 0.08832709
vt 0 0
vt 0 0
vt 0 0
vt 0 0
vt -0.1667865 0.02388986
vt -0.1663928 0.02330328
vt -0.1656303 0.02333872
vt -0.1660977 0.02386854
vt -0.1703448 0.04423419
vt -0.1705616 0.04356151
vt -0.1698472 0.04362551
vt -0.1695828 0.04428094
vt 0.1636177 0.02572169
vt 0.164012 0.0263078
vt 0.1633655 0.02625261
vt 0.1629008 0.02572062
vt 0.1523154 0.08869331
vt 0.1519205 0.08927938
vt 0.151241 0.08916362
vt 0.1516724 0.08860394
vt -0.1407965 0.05571999
vt -0.1403648 0.05516004
vt -0.1397937 0.05511243
vt -0.1402274 0.05567091
vt -0.1290757 0.1120277
vt -0.1296044 0.1115582
vt -0.1290386 0.1114705
vt -0.1285095 0.1119396
vt 0.1406842 0.05496613
vt 0.1411157 0.05552633
vt 0.1405469 0.05547665
vt 0.1401135 0.05491793
vt 0.128543 0.1131243
vt 0.1280092 0.113588
vt 0.1274455 0.1134956
vt 0.1279796 0.1130322
vt -0.1581911 0.03529124
vt -0.1577287 0.03475631
vt -0.1570691 0.03480581
vt -0.1575301 0.03534196
vt -0.167934 0.04895904
vt -0.1682154 0.04831033
vt -0.1675669 0.04844364
vt -0.1672862 0.04909262
vt 0.1581877 0.03433726
vt 0.1586503 0.03487211
vt 0.1579887 0.03492343
vt 0.1575276 0.03438736
vt 0.1690684 0.0470947
vt 0.1687924 0.04774572
vt 0.168144 0.04788399
vt 0.1684193 0.04723269
vt -0.1699723 0.02204596
vt -0.1695023 0.02151768
vt -0.1688861 0.02143164
vt -0.1693584 0.02195785
vt -0.1512543 0.08564285
vt -0.1516755 0.08507493
vt -0.1510853 0.08486994
vt -0.1506662 0.08543952
vt 0.16988 0.02119802
vt 0.17035 0.02172636
vt 0.169733 0.0216409
vt 0.1692608 0.02111463
vt 0.1513659 0.08661916
vt 0.15094 0.08718359
vt 0.1503553 0.08697667
vt 0.1507791 0.0864106
vt -0.1724655 0.02107921
vt -0.1719995 0.02054738
vt -0.1714286 0.02026756
vt -0.1718959 0.02079817
vt -0.1095423 0.1214986
vt -0.1101223 0.1210942
vt -0.109702 0.1206162
vt -0.1091224 0.1210212
vt 0.1721725 0.02043363
vt 0.1726384 0.02096558
vt 0.1720675 0.02068557
vt 0.1716003 0.02015484
vt 0.110127 0.1217468
vt 0.1095461 0.1221499
vt 0.1091276 0.1216721
vt 0.1097081 0.1212684
vt -0.1626377 0.02806685
vt -0.1621667 0.02753948
vt -0.1617194 0.02723264
vt -0.1621914 0.02775911
vt -0.08753532 0.120977
vt -0.08815874 0.1206433
vt -0.08783627 0.1202073
vt -0.08721279 0.1205409
vt 0.1623828 0.02737242
vt 0.1628538 0.02789989
vt 0.1624079 0.02759178
vt 0.1619359 0.02706522
vt 0.08817281 0.1211435
vt 0.08754888 0.1214762
vt 0.08722717 0.1210399
vt 0.08785114 0.1207072
vt -0.1461681 0.04666375
vt -0.1457184 0.04611815
vt -0.1458563 0.04624221
vt -0.1452661 0.0458528
vt 0.07785989 0.1154316
vt 0.07849695 0.1151248
vt 0.07850532 0.1151379
vt 0.07795991 0.1155879
vt 0.1461583 0.04575618
vt 0.1466081 0.04630179
vt 0.1455797 0.04537714
vt 0.1461699 0.04576655
vt 0.07880302 0.1157595
vt 0.07816595 0.1160663
vt 0.07751205 0.1150447
vt 0.07805744 0.1145946
vt -0.1680765 0.01030949
vt -0.1686658 0.01069996
vt -0.1682087 0.0101688
vt -0.1676887 0.009689854
vt -0.05751141 0.1018336
vt -0.05808995 0.1014272
vt -0.05772115 0.100826
vt -0.05714514 0.101236
vt 0.1692475 0.01082564
vt 0.1686601 0.01043216
vt 0.1682894 0.009793164
vt 0.1688066 0.01027526
vt 0.04173421 0.08561951
vt 0.04113716 0.0859982
vt 0.04078167 0.08535941
vt 0.04137456 0.0849742
vt -0.07615609 0.1312989
vt -0.07613666 0.1320058
vt -0.0763376 0.1307979
vt -0.07612713 0.131473
vt -0.06286255 0.1020985
vt -0.063431 0.1016779
vt -0.06250174 0.100666
vt -0.06203438 0.1011966
vt 0.07559513 0.1319883
vt 0.07561454 0.1312815
vt 0.0756101 0.1313081
vt 0.07582057 0.1306331
vt -0.06299816 0.1011058
vt -0.0624297 0.1015263
vt -0.06254904 0.1016563
vt -0.06301643 0.1011257
vt 0.1110335 0.04017105
vt 0.1104342 0.0398003
vt 0.1109986 0.04000143
vt 0.1115612 0.04042588
vt -0.09226783 0.1063047
vt -0.09186716 0.1068874
vt -0.09241326 0.1071362
vt -0.09281547 0.1065547
vt -0.1048749 0.04818131
vt -0.1054692 0.0485597
vt -0.105995 0.04881849
vt -0.1054332 0.04839329
vt 0.05923595 0.1013275
vt 0.05970836 0.1008013
vt 0.06020976 0.1011101
vt 0.05973749 0.1016363
vt -0.05099682 0.09565198
vt -0.05048415 0.09516498
vt -0.04999716 0.09567766
vt -0.05050982 0.09616467
vt 0.07493474 0.1069533
vt 0.07438289 0.1065112
vt 0.07482494 0.1059593
vt 0.07537682 0.1064014
vt 0.1521936 0.03201479
vt 0.1518475 0.03139817
vt 0.1520941 0.03065029
vt 0.1524411 0.03126638
vt 0.07545187 -0.024903
vt 0.0747449 -0.02488903
vt 0.07466897 -0.02567057
vt 0.07537589 -0.02568681
vt -0.1518689 0.03139067
vt -0.152215 0.0320073
vt -0.1524598 0.0312604
vt -0.1521128 0.0306443
vt -0.07475188 -0.0245559
vt -0.07545885 -0.02456988
vt -0.07538284 -0.02535447
vt -0.07467593 -0.02533822
vt -0.07772025 0.1019685
vt -0.07748745 0.1013009
vt -0.07681976 0.1015337
vt -0.07705258 0.1022014
vt 0.07723638 0.1007187
vt 0.07722072 0.1000118
vt 0.07792766 0.09999613
vt 0.07794331 0.1007031
vt -0.05270306 0.1050264
vt -0.05274085 0.1043203
vt -0.05244471 0.1039192
vt -0.05175881 0.1037473
vt 0 0
vt 0 0
vt 0 0
vt 0 0
vt 0.05203334 0.1042756
vt 0.05199553 0.1049817
vt 0.0515805 0.1044194
vt 0.05226639 0.1045913
vt -0.07748584 0.08552809
vt -0.07819276 0.08551161
vt -0.07716258 0.08430066
vt -0.07703301 0.08499581
vt 0.02633673 0.1735415
vt 0.02575514 0.1739424
vt 0.02589881 0.1733343
vt 0.0264345 0.1728739
vt 0.1393403 0.07265242
vt 0.1393435 0.07335855
vt 0.1388122 0.07309743
vt 0.1387726 0.07239242
vt 0.01193794 0.1708218
vt 0.01129002 0.1705411
vt 0.0110322 0.1699645
vt 0.01165146 0.1703038
vt -0.1551843 0.06082465
vt -0.15513 0.06012045
vt -0.1544882 0.05991279
vt -0.1545895 0.0606118
vt -0.06640277 0.1347923
vt -0.067093 0.1349458
vt -0.06667706 0.1345216
vt -0.06598706 0.134367
vt 0.1094767 0.09230337
vt 0.1094289 0.09300886
vt 0.1089448 0.09266559
vt 0.1089918 0.09196004
vt 0.06759664 0.1342442
vt 0.06690597 0.1340927
vt 0.06648877 0.1336698
vt 0.06717922 0.1338223
vt -0.1098788 0.09253506
vt -0.1099235 0.09182937
vt -0.1094364 0.0914881
vt -0.1093925 0.09219385
vt -0.07061166 0.1246736
vt -0.07130463 0.1248142
vt -0.07055168 0.12425
vt -0.07088122 0.1248756
vt 0.09563684 0.09647748
vt 0.09555541 0.09717989
vt 0.0942461 0.09638001
vt 0.09483393 0.09598695
vt 0.07116883 0.1254929
vt 0.07047584 0.1253523
vt 0.07027052 0.1251985
vt 0.06994098 0.1245728
vt 0 0
vt 0 0
vt 0 0
vt 0 0
vt 0.07345181 0.1301139
vt 0.07335608 0.1294143
vt 0.07368235 0.1288297
vt 0.0737078 0.1295354
vt 0.04887082 0.04629571
vt 0.04824927 0.0466323
vt 0.04773591 0.04617
vt 0.0483677 0.04585304
vt -0.09259082 0.1211361
vt -0.09274967 0.1218243
vt -0.09298435 0.1212207
vt -0.09290087 0.1205193
vt -0.06036621 0.06712215
vt -0.06098425 0.06677921
vt -0.0604936 0.06637883
vt -0.05986794 0.06670763
vt -0.0520759 0.1159803
vt -0.05177389 0.1153409
vt -0.05147416 0.115144
vt -0.05076744 0.1151207
vt 0 0
vt 0 0
vt 0 0
vt 0 0
vt 0.05114413 0.1156389
vt 0.05144614 0.1162783
vt 0.05074506 0.1158177
vt 0.05145178 0.115841
vt -0.07098861 0.09103146
vt -0.07160538 0.09068561
vt -0.07024684 0.08990763
vt -0.0702607 0.09061462
vt -0.08024738 0.1562904
vt -0.08094477 0.156178
vt -0.08046539 0.1559244
vt -0.07975937 0.1559465
vt 0.1302749 0.07109569
vt 0.1304146 0.07178818
vt 0.1299039 0.07170074
vt 0.1297388 0.07101385
vt 0.07285317 0.1597973
vt 0.07215075 0.1598694
vt 0.07168344 0.1595576
vt 0.07238948 0.159567
vt -0.1504003 0.0561867
vt -0.1502086 0.05550662
vt -0.1496117 0.05548704
vt -0.1498387 0.05615616
vt 0.05759289 -0.1420767
vt 0.05829465 -0.1421633
vt 0.05789912 -0.1417622
vt 0.05719705 -0.141678
vt 0.1626994 0.04447365
vt 0.1629712 0.04512646
vt 0.1624382 0.04529358
vt 0.162162 0.04464265
vt -0.05810514 -0.1426152
vt -0.05740345 -0.1425278
vt -0.05700706 -0.1421365
vt -0.05770906 -0.1422213
vt -0.1622288 0.04563629
vt -0.1619579 0.04498311
vt -0.1614217 0.04515076
vt -0.161697 0.04580208
vt -0.09436427 0.1446872
vt -0.09506468 0.1445903
vt -0.09456234 0.1441589
vt -0.09386209 0.1442572
vt 0.1596075 0.04806779
vt 0.1598736 0.04872292
vt 0.1592286 0.04856917
vt 0.1589635 0.04791363
vt 0.09531491 0.145097
vt 0.09461458 0.1451947
vt 0.09411176 0.1447641
vt 0.0948119 0.144665
vt -0.1591124 0.04921506
vt -0.1588472 0.04855957
vt -0.1582046 0.04840409
vt -0.1584688 0.04905998
vt -0.08646119 0.144697
vt -0.08716522 0.1446313
vt -0.08680832 0.1441328
vt -0.08610477 0.1442035
vt 0.1660329 0.03835154
vt 0.1663276 0.03899428
vt 0.1657613 0.03876673
vt 0.1654629 0.03812565
vt 0.08692329 0.1449729
vt 0.08621915 0.1450374
vt 0.0858639 0.1445463
vt 0.0865676 0.1444769
vt -0.1650662 0.04040335
vt -0.164775 0.03975898
vt -0.164212 0.03952732
vt -0.1645067 0.0401701
vt -0.07915448 0.1290955
vt -0.07986031 0.129053
vt -0.07944976 0.1286799
vt -0.07874388 0.1287213
vt 0.1194743 0.08242412
vt 0.1196182 0.08311643
vt 0.1191482 0.08282445
vt 0.1190024 0.08213256
vt 0.07965016 0.1281961
vt 0.07894428 0.1282377
vt 0.07853424 0.1278652
vt 0.07924017 0.1278245
vt -0.1202603 0.08242963
vt -0.1201128 0.08173808
vt -0.1196382 0.08144928
vt -0.1197878 0.08214039
vt -0.077352 0.1079608
vt -0.07805813 0.1079237
vt -0.07743897 0.1074632
vt -0.07673283 0.1075001
vt 0.08507492 0.09923406
vt 0.08512951 0.09993905
vt 0.08449857 0.09949486
vt 0.08444395 0.09878986
vt 0.07807667 0.1083811
vt 0.07737054 0.1084182
vt 0.0767514 0.1079575
vt 0.07745754 0.1079206
vt -0.08554758 0.09958972
vt -0.08549016 0.09888495
vt -0.08485721 0.09844334
vt -0.0849147 0.09914811
vt -0.07821103 0.1164688
vt -0.07891694 0.1164277
vt -0.07830518 0.1160158
vt -0.07853266 0.1166853
vt 0.09644894 0.09409345
vt 0.09653479 0.09479533
vt 0.09515997 0.09400625
vt 0.09580933 0.09372634
vt 0.07896022 0.1171263
vt 0.0782543 0.1171674
vt 0.07787278 0.1169105
vt 0.07764529 0.116241
vt 0 0
vt 0 0
vt 0 0
vt 0 0
vt -0.0646335 0.115992
vt -0.0644462 0.1153117
vt -0.06396347 0.115035
vt -0.06416339 0.1157117
vt 0.0713812 0.06856523
vt 0.0707161 0.06880293
vt 0.07022031 0.06851256
vt 0.07089287 0.06829691
vt 0.02624879 0.1262181
vt 0.02632723 0.1269195
vt 0.02589409 0.1265749
vt 0.02578694 0.1258773
vt -0.08298621 0.09340557
vt -0.08364595 0.09315364
vt -0.08315365 0.09291292
vt -0.08249103 0.09315716
vt 0.1299344 0.07266901
vt 0.1297673 0.07198191
vt 0.1302117 0.07230003
vt 0.1303781 0.07298728
vt -0.07953554 0.1270248
vt -0.07883081 0.1270827
vt -0.07919984 0.1274852
vt -0.07990461 0.1274278
vt -0.1284086 0.07258741
vt -0.128574 0.07327491
vt -0.1290162 0.07359445
vt -0.1288515 0.0729068
vt 0.07881302 0.1273917
vt 0.07951777 0.1273341
vt 0.07988666 0.1277367
vt 0.07918186 0.1277938
vt -0.07607819 0.09663455
vt -0.07603091 0.09592902
vt -0.07532538 0.09597629
vt -0.07537266 0.09668183
vt -0.07700254 0.1000952
vt -0.07747002 0.09956466
vt -0.07693948 0.09909718
vt -0.07647201 0.09962772
vt -0.1143225 0.0819837
vt -0.1141904 0.08128906
vt -0.1137277 0.08094586
vt -0.1138614 0.08164022
vt -0.07781528 0.1212559
vt -0.07852025 0.1212011
vt -0.07810981 0.1207974
vt -0.07740478 0.1208517
vt 0.1140206 0.08159637
vt 0.1141508 0.08229138
vt 0.1136911 0.08194651
vt 0.1135595 0.08125179
vt 0.07834671 0.1204697
vt 0.07764167 0.1205238
vt 0.07723166 0.1201207
vt 0.07793672 0.120067
vt -0.1040628 0.08787985
vt -0.1039515 0.08718158
vt -0.103424 0.08687914
vt -0.1035373 0.08757708
vt -0.07830839 0.1217513
vt -0.07901319 0.1216943
vt -0.07851833 0.1213416
vt -0.07781348 0.1213979
vt 0.1037627 0.08747022
vt 0.103872 0.0881688
vt 0.1033478 0.08786444
vt 0.1032365 0.08716618
vt 0.07855451 0.1192844
vt 0.07784958 0.1193398
vt 0.07735561 0.118988
vt 0.07806059 0.118933
vt 0 0
vt 0 0
vt 0 0
vt 0 0
vt -0.07693981 0.1132029
vt -0.07764485 0.113149
vt -0.07713813 0.1127501
vt -0.07725131 0.1134481
vt 0.09633352 0.09116772
vt 0.09642888 0.09186836
vt 0.09511372 0.09096797
vt 0.09580141 0.09080342
vt 0.07769518 0.1138467
vt 0.07699011 0.1139007
vt 0.07655593 0.1135589
vt 0.07644276 0.1128609
vt -0.09369091 0.09196997
vt -0.09437941 0.09180894
vt -0.09306019 0.09090652
vt -0.09312453 0.09161066
vt -0.0765114 0.1130562
vt -0.07640018 0.1123579
vt -0.07595871 0.1120483
vt -0.07525201 0.112072
vt 0 0
vt 0 0
vt 0 0
vt 0 0
vt 0.06791683 0.1105786
vt 0.0680075 0.1112791
vt 0.06747628 0.1108708
vt 0.06818266 0.1108665
vt -0.1204331 0.08010904
vt -0.1203027 0.07941408
vt -0.1197347 0.07921178
vt -0.119866 0.07990658
vt -0.07994022 0.1396626
vt -0.08064628 0.1396241
vt -0.08012813 0.1393168
vt -0.07942202 0.1393544
vt 0.1204067 0.07961231
vt 0.1205358 0.08030754
vt 0.1199696 0.08010378
vt 0.1198398 0.07940871
vt 0.08056045 0.1397335
vt 0.07985435 0.1397716
vt 0.0793364 0.1394643
vt 0.08004254 0.1394271
vt -0.1446362 0.06297157
vt -0.1444369 0.06229312
vt -0.1437577 0.06217776
vt -0.1439586 0.0628557
vt -0.08835432 0.1501459
vt -0.08905746 0.1500711
vt -0.0884666 0.1497142
vt -0.0877637 0.1497911
vt 0.1454804 0.06173508
vt 0.1456809 0.06241314
vt 0.1450018 0.06229899
vt 0.1447995 0.06162145
vt 0.08872712 0.150652
vt 0.0880238 0.1507252
vt 0.08743433 0.1503716
vt 0.08813743 0.1502964
vt -0.1060342 0.08781449
vt -0.1059353 0.08711436
vt -0.1053937 0.08689331
vt -0.1054937 0.08759329
vt -0.07722654 0.1305316
vt -0.07793288 0.1304987
vt -0.07742315 0.1302125
vt -0.07671678 0.1302447
vt 0.1058501 0.08738159
vt 0.1059472 0.08808199
vt 0.1054076 0.08785924
vt 0.1053096 0.08715896
vt 0.07777961 0.1297373
vt 0.07707323 0.1297696
vt 0.0765638 0.1294839
vt 0.07727019 0.1294523
vt -0.1284852 0.0753578
vt -0.128325 0.07466912
vt -0.1277288 0.07437216
vt -0.1278916 0.07506024
vt -0.07818983 0.1371338
vt -0.07889596 0.1370965
vt -0.07839078 0.1366624
vt -0.07768466 0.1366998
vt 0.1290471 0.0744639
vt 0.1292076 0.07515253
vt 0.1286138 0.07485518
vt 0.1284508 0.07416715
vt 0.07871425 0.1366539
vt 0.07800809 0.1366904
vt 0.07750355 0.1362587
vt 0.0782097 0.1362221
vt -0.1010375 0.09115003
vt -0.1009461 0.09044889
vt -0.1003043 0.09014747
vt -0.1003967 0.0908485
vt -0.0766824 0.1246884
vt -0.0773887 0.1246547
vt -0.07678119 0.1242903
vt -0.07607485 0.1243229
vt 0.10034 0.09094414
vt 0.1004282 0.09164571
vt 0.09978946 0.09134107
vt 0.0997004 0.09063961
vt 0.07725815 0.1239155
vt 0.07655182 0.1239487
vt 0.07594461 0.1235842
vt 0.07665099 0.1235521
vt -0.08058809 0.09926443
vt -0.08054504 0.09855864
vt -0.08003658 0.09837171
vt -0.08007975 0.09907749
vt -0.07582561 0.1076978
vt -0.07653198 0.1076659
vt -0.07602685 0.1074705
vt -0.07532046 0.1075021
vt 0.07982388 0.09896401
vt 0.0798635 0.09967001
vt 0.07935615 0.09948058
vt 0.07931647 0.0987746
vt 0.07641162 0.1064238
vt 0.07570521 0.1064552
vt 0.07520019 0.1062595
vt 0.0759066 0.1062282
vt 0 0
vt 0 0
vt 0 0
vt 0 0
vt -0.07749577 0.1236372
vt -0.07820185 0.1235992
vt -0.07727514 0.1232677
vt -0.07779692 0.1237449
vt 0.0925471 0.09439089
vt 0.09261969 0.09509426
vt 0.09116302 0.09466959
vt 0.09160222 0.09411542
vt 0.07823994 0.1242885
vt 0.07753386 0.1243264
vt 0.07733309 0.1242546
vt 0.0768113 0.1237774
vt -0.07469743 0.09454081
vt -0.07516652 0.09401209
vt -0.07449489 0.09385122
vt -0.07402208 0.0943766
vt -0.0468825 0.1352549
vt -0.04643521 0.1347096
vt -0.04576578 0.1344871
vt -0.04623805 0.1350109
vt 0.05328747 0.08189167
vt 0.05279071 0.08239451
vt 0.05210832 0.08217338
vt 0.05261331 0.08167882
vt 0.02447047 0.1447724
vt 0.02485907 0.1453612
vt 0.02423327 0.145062
vt 0.02380905 0.1444983
vt 0.1200571 0.09080096
vt 0.1199501 0.090102
vt 0.1202195 0.09060041
vt 0.1203256 0.0912995
vt -0.07384644 0.119733
vt -0.0731395 0.1197171
vt -0.0733116 0.1202568
vt -0.07401853 0.1202728
vt -0.1185215 0.09064849
vt -0.1186263 0.09134778
vt -0.118893 0.0918472
vt -0.1187891 0.09114778
vt 0.07315483 0.1196768
vt 0.07386176 0.1196926
vt 0.07403393 0.1202321
vt 0.073327 0.1202162
vt -0.07455943 0.1096402
vt -0.07457395 0.1089332
vt -0.07386699 0.1089187
vt -0.07385246 0.1096256
vt -0.08268149 0.1042479
vt -0.08315384 0.1037217
vt -0.0826276 0.1032494
vt -0.08215525 0.1037756
vt -0.1461178 0.07159331
vt -0.1459263 0.07091264
vt -0.1453188 0.07047748
vt -0.1455133 0.07115729
vt -0.07152425 0.1442098
vt -0.07223105 0.1442308
vt -0.07183491 0.1435975
vt -0.07112812 0.1435762
vt 0.1463778 0.07088701
vt 0.1465687 0.07156785
vt 0.145965 0.07113126
vt 0.145771 0.07045128
vt 0.07229783 0.1440503
vt 0.07159102 0.1440296
vt 0.07119453 0.1433985
vt 0.07190134 0.1434195
vt -0.091723 0.1043469
vt -0.09169006 0.1036406
vt -0.09108258 0.1032253
vt -0.09111521 0.1039317
vt -0.07341694 0.1222757
vt -0.0741239 0.1222897
vt -0.07354799 0.1218323
vt -0.07284103 0.1218177
vt 0.09083299 0.1041846
vt 0.0908618 0.1048911
vt 0.09025691 0.1044723
vt 0.0902284 0.1037657
vt 0.07407746 0.1237834
vt 0.07337049 0.1237693
vt 0.07279465 0.1233108
vt 0.0735016 0.1233255
vt 0 0
vt 0 0
vt 0 0
vt 0 0
vt -0.07312186 0.1329005
vt -0.07382883 0.1329144
vt -0.07291545 0.1325215
vt -0.07341175 0.1330252
vt 0.09211802 0.1028061
vt 0.09215153 0.1035124
vt 0.09071921 0.1030247
vt 0.09117679 0.1024856
vt 0.07381532 0.133603
vt 0.07310835 0.1335891
vt 0.07292169 0.1335088
vt 0.07242538 0.1330051
vt -0.08540343 0.1063112
vt -0.08587234 0.1057823
vt -0.08520873 0.1055488
vt -0.0847388 0.1060768
vt -0.05980108 0.1324139
vt -0.0593377 0.1318824
vt -0.05868987 0.13159
vt -0.05917055 0.1321059
vt 0.06339986 0.09671015
vt 0.06289615 0.09720606
vt 0.06223903 0.09691278
vt 0.06274807 0.09642233
vt 0.03342519 0.1455156
vt 0.03382137 0.1460991
vt 0.0332257 0.1457255
vt 0.03279936 0.1451637
vt -0.06300516 0.10258
vt -0.06351377 0.1020887
vt -0.06215231 0.1014432
vt -0.06209386 0.1021479
vt -0.0381851 0.1340319
vt -0.03774874 0.1334755
vt -0.03758616 0.1333793
vt -0.03688843 0.1332645
vt 0 0
vt 0 0
vt 0 0
vt 0 0
vt 0.03720349 0.1339013
vt 0.03763983 0.1344578
vt 0.03677192 0.1339441
vt 0.03746966 0.1340589
vt -0.13405 0.07668069
vt -0.1339265 0.07598469
vt -0.1333452 0.07603695
vt -0.1334862 0.07672962
vt 0.1049045 -0.1265337
vt 0.1055707 -0.1262972
vt 0.1050332 -0.1262814
vt 0.1043363 -0.1264
vt 0.1026058 0.09407617
vt 0.1026409 0.09478214
vt 0.1021132 0.09475433
vt 0.1020689 0.09404889
vt -0.1159141 -0.1218671
vt -0.1152668 -0.122151
vt -0.1147034 -0.1220983
vt -0.1153892 -0.1219271
vt -0.1065314 0.09469493
vt -0.1064727 0.09399028
vt -0.1057722 0.09375057
vt -0.1058291 0.09445538
vt -0.07542818 0.1381354
vt -0.07613485 0.1381605
vt -0.07547643 0.137823
vt -0.0747698 0.1377968
vt 0.1063364 0.09432813
vt 0.1063928 0.09503298
vt 0.1056919 0.09479106
vt 0.1056373 0.09408607
vt 0.07579023 0.1413328
vt 0.0750836 0.1413066
vt 0.07442593 0.140963
vt 0.07513251 0.1409905
vt -0.1430575 0.06917475
vt -0.1428855 0.06848887
vt -0.1422384 0.06823856
vt -0.1424104 0.06892443
vt -0.07307734 0.1505245
vt -0.0737837 0.1505575
vt -0.0732918 0.1500681
vt -0.07258546 0.1500351
vt 0.1435082 0.06833158
vt 0.1436802 0.06901748
vt 0.1430331 0.06876716
vt 0.142861 0.06808127
vt 0.07374958 0.1511675
vt 0.07304323 0.1511345
vt 0.07255137 0.1506451
vt 0.07325772 0.1506781
vt -0.1108504 0.09133354
vt -0.1107776 0.09063019
vt -0.1100858 0.09020617
vt -0.1101606 0.09090929
vt -0.07649492 0.1292756
vt -0.07720178 0.1292942
vt -0.07658503 0.1287682
vt -0.07587822 0.1287483
vt 0.1100507 0.09129279
vt 0.1101194 0.09199656
vt 0.1094332 0.0915682
vt 0.1093625 0.09086462
vt 0.07730911 0.1280721
vt 0.07660223 0.1280539
vt 0.07598513 0.1275295
vt 0.07669197 0.127549
vt 0 0
vt 0 0
vt 0 0
vt 0 0
vt -0.07681159 0.1282475
vt -0.07751849 0.1282643
vt -0.07659355 0.1278735
vt -0.0770983 0.1283687
vt 0.09522866 0.09806169
vt 0.09525936 0.09876816
vt 0.09382789 0.09829153
vt 0.09427595 0.09774447
vt 0.07749938 0.1289527
vt 0.07679246 0.1289358
vt 0.07661439 0.1288606
vt 0.07610963 0.1283654
vt -0.0425387 0.07678052
vt -0.04306139 0.07630457
vt -0.0425308 0.07615711
vt -0.04199801 0.07662173
vt 0.02962821 0.1547329
vt 0.0298155 0.154052
vt 0.03032303 0.1537613
vt 0.0300842 0.1544258
vt 0.0238812 0.05750325
vt 0.02334592 0.05796506
vt 0.02278034 0.05775394
vt 0.02332886 0.05730795
vt -0.05405378 0.1503965
vt -0.05395308 0.1510956
vt -0.05438869 0.1507394
vt -0.05454807 0.1500513
vt 0.111351 -0.01743784
vt 0.1106897 -0.01718739
vt 0.1099587 -0.01800489
vt 0.1106267 -0.0182368
vt 0.1021781 0.1106431
vt 0.1015366 0.1103457
vt 0.1019674 0.109347
vt 0.1026126 0.1096362
vt -0.1106926 -0.01717783
vt -0.1113539 -0.01742828
vt -0.1106329 -0.01821807
vt -0.1099649 -0.01798617
vt -0.1008954 0.111414
vt -0.1015362 0.111713
vt -0.1019655 0.1107237
vt -0.101321 0.110433
vt -0.166326 0.06327096
vt -0.1667509 0.06270578
vt -0.1661857 0.06228086
vt -0.1657608 0.06284606
vt -0.1761147 0.01687701
vt -0.175623 0.01738512
vt -0.1761311 0.01787688
vt -0.1766228 0.01736877
vt 0.1055629 -0.03315222
vt 0.1048979 -0.03291194
vt 0.1043481 -0.0331158
vt 0.1050169 -0.03334541
vt 0.03683964 0.1641909
vt 0.03632224 0.1637089
vt 0.03674299 0.1633048
vt 0.03726238 0.1637846
vt -0.1048594 -0.03302289
vt -0.1055244 -0.03326328
vt -0.1049799 -0.03345203
vt -0.1043112 -0.03322231
vt -0.03197288 0.1654316
vt -0.03248028 0.1659241
vt -0.03290628 0.1655318
vt -0.03239688 0.1650414
vt 0.1088142 -0.02226675
vt 0.1081432 -0.02204368
vt 0.1076313 -0.02247228
vt 0.1083052 -0.02268656
vt 0.0923648 0.1261877
vt 0.0917327 0.1258709
vt 0.09203548 0.1252898
vt 0.09267305 0.1255955
vt -0.1081119 -0.02213981
vt -0.1087829 -0.02236295
vt -0.1082784 -0.02276873
vt -0.1076045 -0.02255439
vt -0.09082352 0.1271123
vt -0.09145447 0.1274315
vt -0.0917614 0.1268474
vt -0.09112496 0.1265393
vt 0.1049753 -0.03429412
vt 0.1043033 -0.03407412
vt 0.1041394 -0.03472849
vt 0.104819 -0.03492399
vt 0.1294599 0.04938167
vt 0.1287847 0.04917159
vt 0.1290554 0.0485655
vt 0.1297337 0.04876519
vt -0.1042305 -0.03430144
vt -0.1049024 -0.03452163
vt -0.1047491 -0.03514115
vt -0.1040696 -0.03494545
vt -0.1288761 0.0488731
vt -0.1295513 0.0490831
vt -0.1298176 0.04849127
vt -0.1291393 0.04829167
vt 0.1071588 -0.0281464
vt 0.106478 -0.02795519
vt 0.1065564 -0.0285462
vt 0.1072389 -0.02873084
vt 0.1408961 0.008038467
vt 0.1402168 0.007842143
vt 0.140423 0.00730193
vt 0.1411071 0.007480863
vt -0.1063414 -0.02844383
vt -0.1070221 -0.02863532
vt -0.1071073 -0.02920095
vt -0.1064248 -0.02901602
vt -0.1404255 0.00710478
vt -0.1411048 0.00730122
vt -0.1413142 0.006749721
vt -0.1406301 0.006570634
vt 0.1144969 -0.0002896307
vt 0.1138118 -0.0001146411
vt 0.1143452 -0.0004060806
vt 0.1150327 -0.0005712207
vt 0.1699993 -0.02625846
vt 0.1693752 -0.02659079
vt 0.169649 -0.02713243
vt 0.1702735 -0.02680085
vt -0.1138583 8.94218E-05
vt -0.1145435 -8.552306E-05
vt -0.1150801 -0.0003637743
vt -0.1143925 -0.0001986808
vt -0.1703611 -0.02564379
vt -0.170981 -0.02530358
vt -0.1712609 -0.02584025
vt -0.1706406 -0.02617976
vt 0.1515574 0.08366156
vt 0.1508965 0.08391301
vt 0.152091 0.0831295
vt 0.1515971 0.08363555
vt 0.1758875 -0.001248517
vt 0.1753307 -0.001684406
vt 0.1758474 -0.002711788
vt 0.1765293 -0.002524665
vt -0.1506642 0.08331076
vt -0.1513251 0.08305933
vt -0.1511319 0.08318605
vt -0.1516258 0.08268
vt 0.175763 -0.002260451
vt 0.1763199 -0.001824637
vt 0.1763412 -0.001867016
vt 0.1756592 -0.002054036
vt 0.04274219 -0.02159024
vt 0.04336394 -0.02192694
vt 0.04344995 -0.02124879
vt 0.04278355 -0.02101246
vt -0.168025 0.02757489
vt -0.1673218 0.02750065
vt -0.1671575 0.02812762
vt -0.167856 0.02823726
vt -0.04276196 -0.02328025
vt -0.0421405 -0.02294301
vt -0.04216736 -0.02239902
vt -0.04283351 -0.02263608
vt 0.1677095 0.02457027
vt 0.1684127 0.02464445
vt 0.1682577 0.0252026
vt 0.167559 0.02509373
vt 0.04226143 -0.02762234
vt 0.04292762 -0.02785937
vt 0.04323337 -0.02727067
vt 0.04256935 -0.02702763
vt -0.1645038 0.04925662
vt -0.1638073 0.04913467
vt -0.1636021 0.04974667
vt -0.1642953 0.04988635
vt -0.04273534 -0.02838569
vt -0.04206923 -0.02814839
vt -0.04237126 -0.02757076
vt -0.04303519 -0.02781408
vt 0.1638443 0.04895442
vt 0.1645408 0.04907627
vt 0.1643311 0.04971231
vt 0.1636379 0.04957272
vt 0.03645207 -0.04250228
vt 0.0371132 -0.04275312
vt 0.03741931 -0.04207753
vt 0.03675822 -0.04182659
vt -0.1650242 0.04592583
vt -0.1643304 0.04578942
vt -0.1640392 0.04645026
vt -0.1647289 0.04660618
vt -0.03680306 -0.04351534
vt -0.03614213 -0.04326398
vt -0.03644185 -0.04260682
vt -0.03710274 -0.0428583
vt 0.1643409 0.04574305
vt 0.1650347 0.04587945
vt 0.1647393 0.04655992
vt 0.1640497 0.04640401
vt 0.04391715 -0.02339105
vt 0.04458155 -0.02363307
vt 0.04496744 -0.02296364
vt 0.04429983 -0.02273064
vt -0.1625364 0.05428736
vt -0.1618491 0.05412135
vt -0.1616195 0.05483164
vt -0.1623002 0.05502306
vt -0.04447918 -0.02392296
vt -0.04381483 -0.02368079
vt -0.04418866 -0.02304559
vt -0.04485625 -0.02327872
vt 0.1618355 0.0541617
vt 0.1625228 0.05432794
vt 0.1622887 0.05505443
vt 0.1616081 0.05486279
vt 0.1197082 0.03735892
vt 0.1190178 0.03720625
vt 0.1185525 0.03608434
vt 0.1192416 0.03624286
vt 0.09999146 0.07995845
vt 0.09932209 0.0797306
vt 0.09931625 0.07852495
vt 0.09998859 0.07874389
vt -0.1189451 0.03752342
vt -0.1196355 0.03767616
vt -0.1191666 0.03657069
vt -0.1184775 0.0364121
vt -0.09901187 0.08059394
vt -0.09968115 0.0808221
vt -0.09967723 0.07961245
vt -0.099005 0.07939317
vt 0.0167446 0.1717037
vt 0.01620403 0.1712479
vt 0.01665986 0.1707073
vt 0.01720042 0.1711631
vt -0.03192668 0.1697982
vt -0.03135303 0.1693848
vt -0.0309396 0.1699585
vt -0.03151326 0.1703719
vt 0.1105139 0.07022182
vt 0.1098272 0.07005316
vt 0.1093868 0.06941003
vt 0.1100734 0.06957916
vt 0.08459984 0.1162304
vt 0.08394036 0.1159753
vt 0.08389696 0.1152036
vt 0.08455898 0.115452
vt -0.1094103 0.07150092
vt -0.1100967 0.07167052
vt -0.1096547 0.07103685
vt -0.1089684 0.07086678
vt -0.08368436 0.1166014
vt -0.08434378 0.1168567
vt -0.08430296 0.1160786
vt -0.08364101 0.1158301
vt 0.03742099 0.1679837
vt 0.03805991 0.1676807
vt 0.03878575 0.1683609
vt 0.03852485 0.1690181
vt 0.08677498 0.1530879
vt 0.08696635 0.1537686
vt 0.08700161 0.1534552
vt 0.0866638 0.1540764
vt 0 0
vt 0 0
vt 0 0
vt 0 0
vt -0.08762261 0.1535858
vt -0.08743125 0.1529051
vt -0.08726212 0.1544084
vt -0.08759995 0.1537873
vt -0.0008649793 0.1710007
vt -0.001250497 0.1704079
vt -0.0006577356 0.1700224
vt -0.0002722177 0.1706152
vt -0.04807658 0.1569991
vt -0.04802429 0.1562939
vt -0.04731912 0.1563462
vt -0.04737141 0.1570514
vt -0.007596402 0.1665205
vt -0.008274303 0.1663203
vt -0.007969311 0.1658708
vt -0.007289838 0.1660656
vt 0.1653407 0.06322441
vt 0.1647668 0.06281416
vt 0.1645069 0.0623128
vt 0.1650415 0.06277315
vt -0.007917324 0.1499144
vt -0.00860769 0.1500662
vt -0.00888529 0.1495574
vt -0.008192098 0.1494191
vt -0.1718807 0.04125945
vt -0.1725034 0.04159169
vt -0.1721611 0.04116469
vt -0.1715784 0.04076644
vt 0.007409978 0.1627865
vt 0.006717712 0.1626424
vt 0.008015655 0.1617166
vt 0.007926551 0.1624181
vt 0.05093802 0.1634263
vt 0.05091576 0.1627196
vt 0.05128782 0.1622971
vt 0.05199173 0.1622299
vt 0 0
vt 0 0
vt 0 0
vt 0 0
vt -0.05160934 0.162701
vt -0.05163158 0.1634078
vt -0.05205097 0.1629316
vt -0.05134707 0.1629988
vt 0.1786942 0.009299299
vt 0.1809209 0.007555233
vt 0.1856056 0.0184586
vt 0.1832023 0.01995002
vt -0.03937371 0.07197451
vt -0.0378039 0.07432625
vt -0.04616738 0.08186819
vt -0.04820196 0.07990466
vt -0.1812031 0.008166865
vt -0.1789741 0.009908065
vt -0.1831034 0.02006177
vt -0.1855085 0.01857344
vt 0.03757965 0.07425147
vt 0.03915276 0.07190199
vt 0.04774767 0.07964046
vt 0.04571091 0.08160166
vt -0.183478 0.01744715
vt -0.1833614 0.01462112
vt -0.1805354 0.0147377
vt -0.180652 0.01756373
vt -0.1400237 -0.02490331
vt -0.1425095 -0.02625268
vt -0.1411602 -0.02873848
vt -0.1386744 -0.02738911
vt 0.161875 0.03274467
vt 0.1644965 0.03170904
vt 0.1684158 0.04049634
vt 0.1664682 0.04253392
vt -0.09518849 0.0902729
vt -0.09336238 0.09242361
vt -0.09244915 0.09980238
vt -0.09526901 0.0998951
vt -0.1596264 0.02452042
vt -0.1570249 0.02558815
vt -0.1603559 0.03346467
vt -0.162316 0.03144821
vt 0.09462509 0.09477878
vt 0.09644051 0.09261658
vt 0.09708641 0.1034118
vt 0.09426443 0.1033268
vt 0.08431151 -0.01436167
vt 0.08603981 -0.0165887
vt 0.09457918 -0.01014209
vt 0.09461905 -0.007323391
vt -0.1304022 0.128923
vt -0.1276077 0.129246
vt -0.1229543 0.1370278
vt -0.1254165 0.1383882
vt -0.07947288 -0.0195729
vt -0.07779045 -0.01731586
vt -0.0865255 -0.01097108
vt -0.08645336 -0.01378527
vt 0.1249241 0.1338365
vt 0.1277257 0.1335362
vt 0.1222317 0.144743
vt 0.119791 0.1433351
vt -0.03452231 0.04148448
vt -0.03499601 0.03872458
vt -0.02785077 0.03499711
vt -0.02582786 0.03693342
vt 0.1901415 0.03833482
vt 0.1877277 0.03686054
vt 0.1865079 0.02978009
vt 0.1892859 0.03031143
vt 0.04198837 0.04272044
vt 0.04149226 0.04546952
vt 0.03362519 0.04134711
vt 0.03563092 0.03940273
vt -0.1871068 0.03835312
vt -0.1895144 0.03983754
vt -0.1893941 0.03001666
vt -0.1866182 0.02947379
vt -0.09102664 0.1371319
vt -0.0928006 0.1349646
vt -0.08804689 0.1280356
vt -0.08582093 0.1297355
vt 0.1893927 0.03737031
vt 0.1865794 0.03708367
vt 0.180148 0.03199447
vt 0.1829752 0.03193194
vt 0.09608433 0.1339612
vt 0.09434226 0.1361523
vt 0.08916808 0.1290262
vt 0.09135182 0.127275
vt -0.1865204 0.03725741
vt -0.1893334 0.03754833
vt -0.1829591 0.03111956
vt -0.1801318 0.0311828
vt -0.1790575 -0.008778797
vt -0.1829253 -0.009798801
vt -0.1786656 -0.01668445
vt -0.174929 -0.01525768
vt 0.01552863 0.03513151
vt 0.01959704 0.03929026
vt 0.008853698 0.03672871
vt -0.184963 0.009158984
vt -0.1900919 0.02716341
vt -0.1939389 0.02606752
vt -0.1888099 0.008063101
vt 0.183214 -0.001264731
vt 0.187024 -0.002483063
vt 0.1894954 0.01679347
vt -0.01858714 0.06698323
vt -0.02821327 0.08406099
vt -0.03220531 0.07982888
vt -0.1744791 -0.02463208
vt -0.1832 -0.00806669
vt -0.1850205 -0.007591399
vt -0.1550197 0.1202812
vt -0.1593846 0.1232056
vt -0.1636731 0.1114941
vt -0.0739003 0.05339934
vt -0.07057356 0.04705641
vt -0.06106507 0.042598
vt 0.1746121 -0.04438379
vt 0.1708444 -0.04304049
vt 0.167584 -0.05218728
vt 0.04493431 0.1095488
vt 0.04664702 0.1151088
vt 0.03748218 0.1065709
vt 0.0316622 0.1196243
vt 0.03013215 0.1140113
vt 0.038298 0.1178716
vt 0.1609284 -0.05522845
vt 0.1541205 -0.06116437
vt 0.1568837 -0.06405652
vt -0.09470043 -0.129243
vt -0.09325843 -0.125512
vt -0.1027919 -0.1199358
vt 0.02117623 0.1223371
vt 0.02032499 0.1280924
vt 0.009627261 0.1345041
vt -0.1869864 0.02455586
vt -0.1904685 0.02258738
vt -0.1823068 0.01170629
vt -0.1869961 0.04017576
vt -0.1842481 0.03504787
vt -0.1743851 0.02859272
vt 0.1901453 0.03198021
vt 0.1865846 0.03380268
vt 0.1805499 0.02513363
vt -0.1727687 0.01241579
vt -0.1781154 0.01470927
vt -0.1796923 0.01103321
vt -0.1743456 0.008739722
vt -0.06500409 0.1697033
vt -0.06110324 0.165387
vt -0.05934038 0.1753888
vt 0.1632543 0.03940405
vt 0.1543118 0.03458993
vt 0.156528 0.03125996
vt -0.1247589 0.005716911
vt -0.1226569 0.009120045
vt -0.1322795 0.01713847
vt 0.1178033 0.1219697
vt 0.1227986 0.124952
vt 0.1221291 0.1385374
vt 0.09256429 0.1025312
vt 0.08774693 0.1085629
vt 0.09093296 0.09733473
vt 0.1876118 0.02164659
vt 0.1837008 0.02248585
vt 0.1800343 0.01182094
vt -0.08447196 0.1070511
vt -0.08931705 0.1010417
vt -0.08744565 0.09617259
vt -0.1647937 -0.05056018
vt -0.1683415 -0.05240768
vt -0.1645641 -0.05615715
vt -0.009457553 0.1263035
vt -0.0144948 0.1205028
vt -0.00871204 0.1211407
vt 0.008422273 0.1198088
vt 0.01420578 0.1191777
vt 0.00883808 0.1252395
vt 0.1812384 0.01379679
vt 0.1850677 0.01264065
vt 0.1886488 0.02374908
vt 0.01090477 0.09610469
vt 0.005116372 0.09668919
vt 0.009916457 0.09122832
vt 0.1832101 0.0008086783
vt 0.1794162 0.002076012
vt 0.1765085 -0.004802723
vt -0.004488925 0.09154218
vt -0.01027801 0.09096441
vt -0.00884171 0.08547381
vt -0.1742775 -0.03403449
vt -0.1781534 -0.03502315
vt -0.1767154 -0.04066049
vt -0.1728396 -0.03967182
vt -0.1840598 -0.0009951196
vt -0.180124 -0.0002812492
vt -0.1825866 0.004409383
vt 0.04053292 0.09765647
vt 0.03617002 0.09465121
vt 0.04137059 0.09204327
vt -0.04335763 0.09526859
vt -0.03816533 0.09789298
vt -0.04294845 0.1002273
vt 0.1810355 0.01269486
vt 0.1849932 0.01211493
vt 0.1869707 0.01911146
vt 0.191871 0.06045098
vt 0.1888038 0.03912976
vt 0.1923444 0.03921518
vt 0.1893936 0.01572051
vt 0.1888069 0.008023528
vt 0.1929344 0.01579816
vt -0.1404823 -0.03161156
vt -0.1540572 -0.01687392
vt -0.1631536 -0.02821085
vt -0.1589797 0.09666695
vt -0.1614764 0.08994176
vt -0.1596394 0.08953499
vt 0.07220675 -0.00877327
vt 0.07575777 -0.002540154
vt 0.06747762 -0.002716248
vt 0.145111 -0.03907724
vt 0.1323231 -0.05603763
vt 0.1465664 -0.06865447
vt -0.1393534 0.1276521
vt -0.1407226 0.118957
vt -0.1375892 0.1193548
vt 0.05357981 0.1284555
vt 0.03854039 0.1396037
vt 0.02186518 0.1227967
vt -0.173968 -0.06515156
vt -0.162743 -0.08013365
vt -0.1515495 -0.06994608
vt 0.1868299 0.01698137
vt 0.2002562 0.0100006
vt 0.2057491 0.01191787
vt -0.2048656 0.01455107
vt -0.199374 0.01263038
vt -0.1896421 0.02342666
vt 0.1108879 -0.08524828
vt 0.1255163 -0.07356606
vt 0.1133396 -0.05573692
vt -0.2056886 0.0154916
vt -0.2109412 0.0179931
vt -0.1977285 -0.007071604
vt -0.1926353 -0.004260455
vt -0.009478875 0.1120919
vt -0.02527391 0.102043
vt -0.00597182 0.0811048
vt 0.2087978 0.02086101
vt 0.2035204 0.01841234
vt 0.1938266 -0.002975871
vt 0.1988914 -0.005837998
vt 0.1256296 0.1045695
vt 0.1136931 0.1189911
vt 0.1054002 0.109989
vt 0.03214173 0.07394455
vt 0.04704335 0.06261288
vt 0.06397663 0.07888214
vt -0.05545753 0.0715699
vt -0.04071709 0.08311044
vt -0.06173005 0.1021175
vt -0.1944671 0.01830204
vt -0.1997859 0.01594456
vt -0.1868425 0.008444373
vt -0.1259574 0.1195192
vt -0.1372649 0.1045993
vt -0.1195162 0.1007326
vt 0.1841685 -0.06245277
vt 0.1799677 -0.05842782
vt 0.1668671 -0.06798722
vt -0.1016976 -0.05347827
vt -0.1079111 -0.0457082
vt -0.1103259 -0.04763914
vt -0.1041124 -0.05540923
vt 0.09832551 0.09612366
vt 0.1034532 0.08759791
vt 0.1186972 0.09126578
vt 0.1695955 -0.0706934
vt 0.1547953 -0.07586895
vt 0.1555835 -0.07885863
vt -0.1853409 0.02317891
vt -0.1831361 0.02534648
vt -0.192173 0.03360155
vt -0.1450468 0.07761026
vt -0.141554 0.08692594
vt -0.1538849 0.09539549
vt -0.1850387 0.003084367
vt -0.2038364 -0.002420607
vt -0.1989383 -0.006956839
vt 0.2059762 0.001597107
vt 0.1915396 0.01399233
vt 0.2012185 -0.003086279
vt 0.1096192 0.03718002
vt 0.1049605 0.03945679
vt 0.09397998 0.03306601
vt 0.1265731 0.07557245
vt 0.1311649 0.07316353
vt 0.1330308 0.08107303
vt 0.1691238 0.05071337
vt 0.1661299 0.04315833
vt 0.1828738 0.03670273
vt -0.1235344 -0.1131676
vt -0.109794 -0.09929583
vt -0.1129272 -0.09969492
vt -0.1825725 -0.008281583
vt -0.1978273 -0.02046839
vt -0.1827293 -0.04252641
vt 0.2044509 0.02040285
vt 0.1896242 0.03051225
vt 0.1945273 -0.004417012
vt 0.01092891 -0.09669881
vt 0.004316024 -0.08721032
vt -0.009254847 -0.1094704
vt 0.1020038 0.00279906
vt 0.110608 -0.004929341
vt 0.1176324 0.006953067
vt 0.09154035 0.0998839
vt 0.09590133 0.08678752
vt 0.1168547 0.07532223
vt -0.1748368 -0.05529605
vt -0.1681504 -0.03009739
vt -0.1771494 -0.02112904
vt -0.1086918 -0.08411713
vt -0.1144222 -0.1049333
vt -0.1050927 -0.1082598
vt 0.2109579 0.03388559
vt 0.1954438 0.04224292
vt 0.1934575 0.03770661
vt 0.0187082 0.1081212
vt 0.02014699 0.1150121
vt 0.01443795 0.1028911
vt 0.1449051 0.06572537
vt 0.1421796 0.05923483
vt 0.1498781 0.05986692
vt 0.1637977 -0.05915308
vt 0.1561445 -0.06019949
vt 0.1696256 -0.07671957
vt -0.0717435 -0.1154798
vt -0.07011147 -0.09223312
vt -0.07839001 -0.09199272
vt -0.1534656 -0.0341139
vt -0.1635079 -0.05514304
vt -0.1419925 -0.07083198
vt 0.08149393 -0.1454553
vt 0.07150102 -0.1266192
vt 0.06800695 -0.1305874
vt -0.1306593 0.07686229
vt -0.1330342 0.08504235
vt -0.1542967 0.06652148
vt -0.01334001 0.1191172
vt -0.01354447 0.1106018
vt -0.009391963 0.1245946
vt 0.1420418 0.1016932
vt 0.1404281 0.08718677
vt 0.16369 0.07602686
vt -0.175274 0.06808451
vt -0.1557008 0.08838244
vt -0.156654 0.1017467
vt 0.1867491 0.04993227
vt 0.1885788 0.07139514
vt 0.1838305 0.06914617
vt -0.02912315 0.0611019
vt -0.02366362 0.06655912
vt -0.03892072 0.07808189
vt -0.03745728 0.02146174
vt -0.06261117 -0.0007797988
vt -0.04874132 -0.01118874
vt -0.02421618 0.1031102
vt -0.0471952 0.1165646
vt -0.03727467 0.0916999
vt 0.1833914 -0.01802076
vt 0.1683756 -0.003100545
vt 0.1646254 -0.03691239
vt 0.1190383 -0.07818594
vt 0.1281016 -0.09731556
vt 0.1357208 -0.08935058
vt -0.04421172 0.1177403
vt -0.05334647 0.111572
vt -0.03444674 0.09281412
vt 0.04208788 -0.03777431
vt 0.05525546 -0.006406812
vt 0.05042784 -0.004250756
vt -0.164859 0.04887026
vt -0.1800756 0.03833456
vt -0.1780533 0.03393119
vt -0.03496711 0.1145042
vt -0.04455379 0.1169942
vt -0.03549715 0.1096877
vt 0.1158549 -0.1260563
vt 0.1067031 -0.1109971
vt 0.1065698 -0.1295046
vt 0.1933528 0.03661028
vt 0.208691 0.02793423
vt 0.2108467 0.03275942
vt -0.03955184 0.1220702
vt -0.04023663 0.1168299
vt -0.03056972 0.1146723
vt -0.1808839 0.03610135
vt -0.1656222 0.04657163
vt -0.1677128 0.05106084
vt -0.0217533 0.08880951
vt -0.02085957 0.08250882
vt 0.01194282 0.05464282
vt 0.01096668 0.06093128
vt 0.08007143 0.001946038
vt 0.07448088 0.004983772
vt 0.03793568 -0.01800141
vt 0.04359741 -0.02090436
vt 0.01491533 0.0834093
vt 0.01577238 0.0897151
vt -0.01698365 0.06167707
vt -0.01792397 0.05538315
vt -0.07718982 0.01012964
vt -0.08278093 0.007092924
vt -0.04633922 -0.01570574
vt -0.04067734 -0.01280311
vt 0.02326554 0.09404463
vt 0.01917642 0.08916821
vt 0.02405282 0.0850791
vt 0.02814193 0.08995552
vt 0.1027415 0.04593162
vt 0.09951005 0.04044914
vt 0.1049925 0.03721767
vt 0.108224 0.04270014
vt 0.07130955 0.0426112
vt 0.07019799 0.03635076
vt 0.08346238 0.04345627
vt 0.08343522 0.04981457
vt -0.1107227 0.009881191
vt -0.1075842 0.01541714
vt -0.1176612 0.02679517
vt -0.1206611 0.0211829
vt -0.07344441 0.03578706
vt -0.07458396 0.04204264
vt -0.08691294 0.04917952
vt -0.08691525 0.04282099
vt 0.1087552 0.02527319
vt 0.1123017 0.01998937
vt 0.1205115 0.03146052
vt 0.1170921 0.03682746
vt -0.04425141 0.0296191
vt -0.04145955 0.02390021
vt -0.03437417 0.02356567
vt -0.0310559 0.02899608
vt 0.0425814 9.964372E-05
vt 0.03689205 0.002951189
vt 0.04090102 0.003134428
vt 0.03549552 -0.0002242374
vt -0.03576788 0.0266782
vt -0.03855972 0.0323971
vt -0.03645828 0.03229788
vt -0.03977656 0.02686748
vt -0.03969683 0.008549238
vt -0.04538617 0.005697699
vt -0.03218975 0.005094523
vt -0.03759524 0.008453185
vt 0.01169266 0.01792824
vt 0.01519082 0.01261194
vt 0.02433434 0.01849632
vt 0.02094481 0.02388253
vt 0.1211893 0.005905285
vt 0.1224625 0.0121406
vt 0.1222579 0.01034674
vt 0.1224214 0.01670861
vt 0.02048747 0.01609719
vt 0.0169893 0.02141349
vt 0.01557969 0.02050633
vt 0.01896921 0.0151201
vt -0.1231835 0.0119951
vt -0.1219105 0.005759777
vt -0.123157 0.01669147
vt -0.1229936 0.01032961
vt 0.1219085 -0.009671575
vt 0.1209668 -0.0159634
vt 0.1338002 -0.0249521
vt 0.1384694 -0.02063097
vt 0.09501337 -0.05560255
vt 0.09083299 -0.06040041
vt 0.1018908 -0.06985968
vt 0.1068489 -0.06587062
vt -0.1212517 -0.0154849
vt -0.1221746 -0.009190578
vt -0.1377703 -0.01957398
vt -0.1331153 -0.02391005
vt -0.09101965 -0.0579918
vt -0.09510706 -0.05311431
vt -0.1101059 -0.06613085
vt -0.105223 -0.07021191
o group1612193610
g mesh1612193610
usemtl mat15
f 6/6/1 5/5/1 4/4/1 3/3/1 2/2/1 1/1/1
f 12/12/2 11/11/2 10/10/2 9/9/2 8/8/2 7/7/2
f 1/16/3 2/15/3 11/14/3 12/13/3
f 2/20/4 3/19/4 10/18/4 11/17/4
f 3/24/5 4/23/5 9/22/5 10/21/5
f 4/28/6 5/27/6 8/26/6 9/25/6
f 5/32/7 6/31/7 7/30/7 8/29/7
f 6/36/8 1/35/8 12/34/8 7/33/8
o group1514504802
g mesh1514504802
usemtl mat15
f 18/42/9 17/41/9 16/40/9 15/39/9 14/38/9 13/37/9
f 24/48/10 23/47/10 22/46/10 21/45/10 20/44/10 19/43/10
f 13/52/11 14/51/11 23/50/11 24/49/11
f 14/56/12 15/55/12 22/54/12 23/53/12
f 15/60/13 16/59/13 21/58/13 22/57/13
f 16/64/14 17/63/14 20/62/14 21/61/14
f 17/68/15 18/67/15 19/66/15 20/65/15
f 18/72/16 13/71/16 24/70/16 19/69/16
o group10368388
g mesh10368388
usemtl mat15
f 30/78/17 29/77/17 28/76/17 27/75/17 26/74/17 25/73/17
f 36/84/18 35/83/18 34/82/18 33/81/18 32/80/18 31/79/18
f 25/88/19 26/87/19 35/86/19 36/85/19
f 26/92/20 27/91/20 34/90/20 35/89/20
f 27/96/21 28/95/21 33/94/21 34/93/21
f 28/100/22 29/99/22 32/98/22 33/97/22
f 29/104/23 30/103/23 31/102/23 32/101/23
f 30/108/24 25/107/24 36/106/24 31/105/24
o group1021107741
g mesh1021107741
usemtl mat15
f 42/114/25 41/113/25 40/112/25 39/111/25 38/110/25 37/109/25
f 48/120/26 47/119/26 46/118/26 45/117/26 44/116/26 43/115/26
f 37/124/27 38/123/27 47/122/27 48/121/27
f 38/128/28 39/127/28 46/126/28 47/125/28
f 39/132/29 40/131/29 45/130/29 46/129/29
f 40/136/30 41/135/30 44/134/30 45/133/30
f 41/140/31 42/139/31 43/138/31 44/137/31
f 42/144/32 37/143/32 48/142/32 43/141/32
o group354033116
g mesh354033116
usemtl mat23
f 52/148/33 51/147/33 50/146/33 49/145/33
f 51/152/34 54/151/34 53/150/34 50/149/34
f 54/156/35 56/155/35 55/154/35 53/153/35
f 56/160/36 58/159/36 57/158/36 55/157/36
f 58/164/37 60/163/37 59/162/37 57/161/37
f 60/168/38 52/167/38 49/166/38 59/165/38
f 60/174/39 58/173/39 56/172/39 54/171/39 51/170/39 52/169/39
f 66/180/40 65/179/40 64/178/40 63/177/40 62/176/40 61/175/40
f 61/184/41 62/183/41 57/182/41 59/181/41
f 62/188/42 63/187/42 55/186/42 57/185/42
f 63/192/43 64/191/43 53/190/43 55/189/43
f 64/196/44 65/195/44 50/194/44 53/193/44
f 65/200/45 66/199/45 49/198/45 50/197/45
f 66/204/46 61/203/46 59/202/46 49/201/46
o group1010337579
g mesh1010337579
usemtl mat23
f 90/280/65 89/279/65 88/278/65 87/277/65
f 89/284/66 92/283/66 91/282/66 88/281/66
f 92/288/67 94/287/67 93/286/67 91/285/67
f 94/292/68 96/291/68 95/290/68 93/289/68
f 96/296/69 98/295/69 97/294/69 95/293/69
f 98/300/70 90/299/70 87/298/70 97/297/70
f 98/306/71 96/305/71 94/304/71 92/303/71 89/302/71 90/301/71
f 104/312/72 103/311/72 102/310/72 101/309/72 100/308/72 99/307/72
f 99/316/73 100/315/73 95/314/73 97/313/73
f 100/320/74 101/319/74 93/318/74 95/317/74
f 101/324/75 102/323/75 91/322/75 93/321/75
f 102/328/76 103/327/76 88/326/76 91/325/76
f 103/332/77 104/331/77 87/330/77 88/329/77
f 104/336/78 99/335/78 97/334/78 87/333/78
o group2136843362
g mesh2136843362
usemtl mat15
f 110/342/79 109/341/79 108/340/79 107/339/79 106/338/79 105/337/79
f 116/348/80 115/347/80 114/346/80 113/345/80 112/344/80 111/343/80
f 105/352/81 106/351/81 115/350/81 116/349/81
f 106/356/82 107/355/82 114/354/82 115/353/82
f 107/360/83 108/359/83 113/358/83 114/357/83
f 108/364/84 109/363/84 112/362/84 113/361/84
f 109/368/85 110/367/85 111/366/85 112/365/85
f 110/372/86 105/371/86 116/370/86 111/369/86
o group356462846
g mesh356462846
usemtl mat23
f 152/496/117 151/495/117 150/494/117 149/493/117
f 151/500/118 154/499/118 153/498/118 150/497/118
f 154/504/119 156/503/119 155/502/119 153/501/119
f 156/508/120 158/507/120 157/506/120 155/505/120
f 158/512/121 160/511/121 159/510/121 157/509/121
f 160/516/122 152/515/122 149/514/122 159/513/122
f 160/522/123 158/521/123 156/520/123 154/519/123 151/518/123 152/517/123
f 166/528/124 165/527/124 164/526/124 163/525/124 162/524/124 161/523/124
f 161/532/125 162/531/125 157/530/125 159/529/125
f 162/536/126 163/535/126 155/534/126 157/533/126
f 163/540/127 164/539/127 153/538/127 155/537/127
f 164/544/128 165/543/128 150/542/128 153/541/128
f 165/548/129 166/547/129 149/546/129 150/545/129
f 166/552/130 161/551/130 159/550/130 149/549/130
o group181916920
g mesh181916920
usemtl mat23
f 170/556/131 169/555/131 168/554/131 167/553/131
f 169/560/132 172/559/132 171/558/132 168/557/132
f 172/564/133 174/563/133 173/562/133 171/561/133
f 174/568/134 176/567/134 175/566/134 173/565/134
f 176/572/135 178/571/135 177/570/135 175/569/135
f 178/576/136 170/575/136 167/574/136 177/573/136
f 178/582/137 176/581/137 174/580/137 172/579/137 169/578/137 170/577/137
f 184/588/138 183/587/138 182/586/138 181/585/138 180/584/138 179/583/138
f 179/592/139 180/591/139 175/590/139 177/589/139
f 180/596/140 181/595/140 173/594/140 175/593/140
f 181/600/141 182/599/141 171/598/141 173/597/141
f 182/604/142 183/603/142 168/602/142 171/601/142
f 183/608/143 184/607/143 167/606/143 168/605/143
f 184/612/144 179/611/144 177/610/144 167/609/144
o group930384470
g mesh930384470
usemtl mat17
f 187/615/145 186/614/145 185/613/145
f 186/618/146 188/617/146 185/616/146
f 188/621/147 189/620/147 185/619/147
f 189/624/148 190/623/148 185/622/148
f 190/627/149 191/626/149 185/625/149
f 191/630/150 192/629/150 185/628/150
f 192/633/151 193/632/151 185/631/151
f 193/636/152 194/635/152 185/634/152
f 194/639/153 195/638/153 185/637/153
f 195/642/154 196/641/154 185/640/154
f 196/645/155 197/644/155 185/643/155
f 197/648/156 187/647/156 185/646/156
f 199/652/157 198/651/157 186/650/157 187/649/157
f 198/656/158 200/655/158 188/654/158 186/653/158
f 200/660/159 201/659/159 189/658/159 188/657/159
f 201/664/160 202/663/160 190/662/160 189/661/160
f 202/668/161 203/667/161 191/666/161 190/665/161
f 203/672/162 204/671/162 192/670/162 191/669/162
f 204/676/163 205/675/163 193/674/163 192/673/163
f 205/680/164 206/679/164 194/678/164 193/677/164
f 206/684/165 207/683/165 195/682/165 194/681/165
f 207/688/166 208/687/166 196/686/166 195/685/166
f 208/692/167 209/691/167 197/690/167 196/689/167
f 209/696/168 199/695/168 187/694/168 197/693/168
f 211/700/169 210/699/169 198/698/169 199/697/169
f 210/704/170 212/703/170 200/702/170 198/701/170
f 212/708/171 213/707/171 201/706/171 200/705/171
f 213/712/172 214/711/172 202/710/172 201/709/172
f 214/716/173 215/715/173 203/714/173 202/713/173
f 215/720/174 216/719/174 204/718/174 203/717/174
f 216/724/175 217/723/175 205/722/175 204/721/175
f 217/728/176 218/727/176 206/726/176 205/725/176
f 218/732/177 219/731/177 207/730/177 206/729/177
f 219/736/178 220/735/178 208/734/178 207/733/178
f 220/740/179 221/739/179 209/738/179 208/737/179
f 221/744/180 211/743/180 199/742/180 209/741/180
f 223/748/181 222/747/181 210/746/181 211/745/181
f 222/752/182 224/751/182 212/750/182 210/749/182
f 224/756/183 225/755/183 213/754/183 212/753/183
f 225/760/184 226/759/184 214/758/184 213/757/184
f 226/764/185 227/763/185 215/762/185 214/761/185
f 227/768/186 228/767/186 216/766/186 215/765/186
f 228/772/187 229/771/187 217/770/187 216/769/187
f 229/776/188 230/775/188 218/774/188 217/773/188
f 230/780/189 231/779/189 219/778/189 218/777/189
f 231/784/190 232/783/190 220/782/190 219/781/190
f 232/788/191 233/787/191 221/786/191 220/785/191
f 233/792/192 223/791/192 211/790/192 221/789/192
f 235/796/193 234/795/193 222/794/193 223/793/193
f 234/800/194 236/799/194 224/798/194 222/797/194
f 236/804/195 237/803/195 225/802/195 224/801/195
f 237/808/196 238/807/196 226/806/196 225/805/196
f 238/812/197 239/811/197 227/810/197 226/809/197
f 239/816/198 240/815/198 228/814/198 227/813/198
f 240/820/199 241/819/199 229/818/199 228/817/199
f 241/824/200 242/823/200 230/822/200 229/821/200
f 242/828/201 243/827/201 231/826/201 230/825/201
f 243/832/202 244/831/202 232/830/202 231/829/202
f 244/836/203 245/835/203 233/834/203 232/833/203
f 245/840/204 235/839/204 223/838/204 233/837/204
f 247/844/205 246/843/205 234/842/205 235/841/205
f 246/848/206 248/847/206 236/846/206 234/845/206
f 248/852/207 249/851/207 237/850/207 236/849/207
f 249/856/208 250/855/208 238/854/208 237/853/208
f 250/860/209 251/859/209 239/858/209 238/857/209
f 251/864/210 252/863/210 240/862/210 239/861/210
f 252/868/211 253/867/211 241/866/211 240/865/211
f 253/872/212 254/871/212 242/870/212 241/869/212
f 254/876/213 255/875/213 243/874/213 242/873/213
f 255/880/214 256/879/214 244/878/214 243/877/214
f 256/884/215 257/883/215 245/882/215 244/881/215
f 257/888/216 247/887/216 235/886/216 245/885/216
f 259/892/217 258/891/217 246/890/217 247/889/217
f 258/896/218 260/895/218 248/894/218 246/893/218
f 260/900/219 261/899/219 249/898/219 248/897/219
f 261/904/220 262/903/220 250/902/220 249/901/220
f 262/908/221 263/907/221 251/906/221 250/905/221
f 263/912/222 264/911/222 252/910/222 251/909/222
f 264/916/223 265/915/223 253/914/223 252/913/223
f 265/920/224 266/919/224 254/918/224 253/917/224
f 266/924/225 267/923/225 255/922/225 254/921/225
f 267/928/226 268/927/226 256/926/226 255/925/226
f 268/932/227 269/931/227 257/930/227 256/929/227
f 269/936/228 259/935/228 247/934/228 257/933/228
f 271/940/229 270/939/229 258/938/229 259/937/229
f 270/944/230 272/943/230 260/942/230 258/941/230
f 272/948/231 273/947/231 261/946/231 260/945/231
f 273/952/232 274/951/232 262/950/232 261/949/232
f 274/956/233 275/955/233 263/954/233 262/953/233
f 275/960/234 276/959/234 264/958/234 263/957/234
f 276/964/235 277/963/235 265/962/235 264/961/235
f 277/968/236 278/967/236 266/966/236 265/965/236
f 278/972/237 279/971/237 267/970/237 266/969/237
f 279/976/238 280/975/238 268/974/238 267/973/238
f 280/980/239 281/979/239 269/978/239 268/977/239
f 281/984/240 271/983/240 259/982/240 269/981/240
f 282/987/241 270/986/241 271/985/241
f 282/990/242 272/989/242 270/988/242
f 282/993/243 273/992/243 272/991/243
f 282/996/244 274/995/244 273/994/244
f 282/999/245 275/998/245 274/997/245
f 282/1002/246 276/1001/246 275/1000/246
f 282/1005/247 277/1004/247 276/1003/247
f 282/1008/248 278/1007/248 277/1006/248
f 282/1011/249 279/1010/249 278/1009/249
f 282/1014/250 280/1013/250 279/1012/250
f 282/1017/251 281/1016/251 280/1015/251
f 282/1020/252 271/1019/252 281/1018/252
o group1342520504
g mesh1342520504
usemtl mat23
f 326/1168/289 325/1167/289 324/1166/289 323/1165/289
f 325/1172/290 328/1171/290 327/1170/290 324/1169/290
f 328/1176/291 330/1175/291 329/1174/291 327/1173/291
f 330/1180/292 326/1179/292 323/1178/292 329/1177/292
f 330/1184/293 328/1183/293 325/1182/293 326/1181/293
f 323/1188/294 324/1187/294 327/1186/294 329/1185/294
o group1848622571
g mesh1848622571
usemtl mat23
f 342/1216/301 341/1215/301 340/1214/301 339/1213/301
f 346/1220/302 345/1219/302 344/1218/302 343/1217/302
f 340/1224/303 346/1223/303 343/1222/303 339/1221/303
f 344/1228/304 345/1227/304 341/1226/304 342/1225/304
f 343/1232/305 344/1231/305 342/1230/305 339/1229/305
f 341/1236/306 345/1235/306 346/1234/306 340/1233/306
o group921807909
g mesh921807909
usemtl mat23
f 350/1240/307 349/1239/307 348/1238/307 347/1237/307
f 353/1243/308 352/1242/308 351/1241/308
f 348/1246/309 353/1245/309 351/1244/309
f 354/1249/310 352/1248/310 349/1247/310
f 351/1252/311 350/1251/311 347/1250/311
f 349/1256/312 352/1255/312 353/1254/312 348/1253/312
f 351/1259/313 347/1258/313 348/1257/313
f 349/1262/314 350/1261/314 354/1260/314
f 352/1265/315 354/1264/315 351/1263/315
f 351/1268/316 354/1267/316 350/1266/316
o group386225027
g mesh386225027
usemtl mat23
f 365/1295/323 364/1294/323 363/1293/323
f 368/1298/324 367/1297/324 366/1296/324
f 364/1304/325 370/1303/325 369/1302/325 368/1301/325 366/1300/325 363/1299/325
f 372/1307/326 371/1306/326 365/1305/326
f 373/1310/327 365/1309/327 363/1308/327
f 371/1314/328 374/1313/328 369/1312/328 370/1311/328
f 372/1317/329 367/1316/329 374/1315/329
f 375/1320/330 372/1319/330 365/1318/330
f 375/1323/331 367/1322/331 372/1321/331
f 376/1326/332 366/1325/332 367/1324/332
f 376/1329/333 363/1328/333 366/1327/333
f 376/1332/334 375/1331/334 377/1330/334
f 363/1335/335 377/1334/335 375/1333/335
f 376/1338/336 377/1337/336 363/1336/336
f 371/1341/337 378/1340/337 374/1339/337
f 372/1344/338 378/1343/338 371/1342/338
f 374/1347/339 378/1346/339 372/1345/339
f 379/1351/340 368/1350/340 369/1349/340 374/1348/340
f 380/1355/341 371/1354/341 370/1353/341 364/1352/341
f 365/1358/342 381/1357/342 364/1356/342
f 371/1361/343 381/1360/343 365/1359/343
f 380/1364/344 382/1363/344 371/1362/344
f 368/1367/345 383/1366/345 367/1365/345
f 367/1370/346 383/1369/346 374/1368/346
f 379/1373/347 383/1372/347 368/1371/347
f 380/1376/348 364/1375/348 381/1374/348
f 379/1379/349 374/1378/349 384/1377/349
f 383/1382/350 384/1381/350 374/1380/350
f 379/1385/351 384/1384/351 383/1383/351
f 371/1388/352 382/1387/352 381/1386/352
f 381/1391/353 382/1390/353 380/1389/353
f 367/1394/354 375/1393/354 376/1392/354
f 373/1397/355 363/1396/355 375/1395/355
f 375/1400/356 365/1399/356 373/1398/356
o group1537614270
g mesh1537614270
usemtl mat23
f 388/1404/357 387/1403/357 386/1402/357 385/1401/357
f 390/1416/360 391/1415/360 387/1414/360 388/1413/360
usemtl mat18
f 392/1408/358 391/1407/358 390/1406/358 389/1405/358
f 386/1412/359 392/1411/359 389/1410/359 385/1409/359
f 389/1420/361 390/1419/361 388/1418/361 385/1417/361
f 387/1424/362 391/1423/362 392/1422/362 386/1421/362
o group599017423
g mesh599017423
usemtl mat23
f 396/1428/363 395/1427/363 394/1426/363 393/1425/363
f 400/1432/364 399/1431/364 398/1430/364 397/1429/364
f 394/1436/365 400/1435/365 397/1434/365 393/1433/365
f 398/1440/366 399/1439/366 395/1438/366 396/1437/366
f 397/1444/367 398/1443/367 396/1442/367 393/1441/367
f 395/1448/368 399/1447/368 400/1446/368 394/1445/368
o group590291654
g mesh590291654
usemtl mat23
f 404/1452/369 403/1451/369 402/1450/369 401/1449/369
f 408/1456/370 407/1455/370 406/1454/370 405/1453/370
f 402/1460/371 408/1459/371 405/1458/371 401/1457/371
f 406/1464/372 407/1463/372 403/1462/372 404/1461/372
f 405/1468/373 406/1467/373 404/1466/373 401/1465/373
f 403/1472/374 407/1471/374 408/1470/374 402/1469/374
o group776546336
g mesh776546336
usemtl mat23
f 411/1475/375 410/1474/375 409/1473/375
f 414/1478/376 413/1477/376 412/1476/376
f 417/1481/377 416/1480/377 415/1479/377
f 412/1484/378 413/1483/378 410/1482/378
f 416/1487/379 412/1486/379 411/1485/379
f 410/1490/380 413/1489/380 414/1488/380
f 411/1493/381 415/1492/381 416/1491/381
f 414/1496/382 409/1495/382 410/1494/382
f 418/1499/383 414/1498/383 416/1497/383
f 419/1502/384 409/1501/384 414/1500/384
f 419/1505/385 415/1504/385 409/1503/385
f 421/1508/386 417/1507/386 420/1506/386
f 415/1511/387 420/1510/387 417/1509/387
f 419/1514/388 420/1513/388 415/1512/388
f 416/1517/389 417/1516/389 418/1515/389
f 414/1520/390 418/1519/390 419/1518/390
f 422/1523/391 418/1522/391 417/1521/391
f 423/1526/392 419/1525/392 418/1524/392
f 423/1529/393 420/1528/393 419/1527/393
f 423/1533/394 422/1532/394 421/1531/394 424/1530/394
f 420/1536/395 424/1535/395 421/1534/395
f 423/1539/396 424/1538/396 420/1537/396
f 417/1542/397 421/1541/397 422/1540/397
f 418/1545/398 422/1544/398 423/1543/398
f 409/1548/399 415/1547/399 411/1546/399
f 412/1551/400 416/1550/400 414/1549/400
f 410/1554/401 411/1553/401 412/1552/401
o group995074101
g mesh995074101
usemtl mat23
f 428/1558/402 427/1557/402 426/1556/402 425/1555/402
f 432/1562/403 431/1561/403 430/1560/403 429/1559/403
f 426/1566/404 432/1565/404 429/1564/404 425/1563/404
f 430/1570/405 431/1569/405 427/1568/405 428/1567/405
f 429/1574/406 430/1573/406 428/1572/406 425/1571/406
f 427/1578/407 431/1577/407 432/1576/407 426/1575/407
o group1568760314
g mesh1568760314
usemtl mat16
f 444/1606/414 443/1605/414 442/1604/414 441/1603/414
f 448/1610/415 447/1609/415 446/1608/415 445/1607/415
f 442/1614/416 448/1613/416 445/1612/416 441/1611/416
f 446/1618/417 447/1617/417 443/1616/417 444/1615/417
f 445/1622/418 446/1621/418 444/1620/418 441/1619/418
f 443/1626/419 447/1625/419 448/1624/419 442/1623/419
o group1766349
g mesh1766349
usemtl mat15
f 454/1632/420 453/1631/420 452/1630/420 451/1629/420 450/1628/420 449/1627/420
f 460/1638/421 459/1637/421 458/1636/421 457/1635/421 456/1634/421 455/1633/421
f 449/1642/422 450/1641/422 459/1640/422 460/1639/422
f 450/1646/423 451/1645/423 458/1644/423 459/1643/423
f 451/1650/424 452/1649/424 457/1648/424 458/1647/424
f 452/1654/425 453/1653/425 456/1652/425 457/1651/425
f 453/1658/426 454/1657/426 455/1656/426 456/1655/426
f 454/1662/427 449/1661/427 460/1660/427 455/1659/427
o group1627644888
g mesh1627644888
usemtl mat16
f 464/1666/428 463/1665/428 462/1664/428 461/1663/428
f 463/1670/429 466/1669/429 465/1668/429 462/1667/429
f 466/1674/430 468/1673/430 467/1672/430 465/1671/430
f 468/1678/431 464/1677/431 461/1676/431 467/1675/431
f 468/1682/432 466/1681/432 463/1680/432 464/1679/432
f 472/1686/433 471/1685/433 470/1684/433 469/1683/433
f 474/1690/434 473/1689/434 465/1688/434 467/1687/434
f 473/1694/435 475/1693/435 462/1692/435 465/1691/435
f 475/1698/436 476/1697/436 461/1696/436 462/1695/436
f 476/1702/437 474/1701/437 467/1700/437 461/1699/437
f 478/1706/438 477/1705/438 473/1704/438 474/1703/438
f 477/1710/439 479/1709/439 475/1708/439 473/1707/439
f 479/1714/440 480/1713/440 476/1712/440 475/1711/440
f 480/1718/441 478/1717/441 474/1716/441 476/1715/441
f 482/1722/442 481/1721/442 477/1720/442 478/1719/442
f 481/1726/443 483/1725/443 479/1724/443 477/1723/443
f 483/1730/444 484/1729/444 480/1728/444 479/1727/444
f 484/1734/445 482/1733/445 478/1732/445 480/1731/445
f 486/1738/446 485/1737/446 481/1736/446 482/1735/446
f 485/1742/447 487/1741/447 483/1740/447 481/1739/447
f 487/1746/448 488/1745/448 484/1744/448 483/1743/448
f 488/1750/449 486/1749/449 482/1748/449 484/1747/449
f 490/1754/450 489/1753/450 485/1752/450 486/1751/450
f 489/1758/451 491/1757/451 487/1756/451 485/1755/451
f 491/1762/452 492/1761/452 488/1760/452 487/1759/452
f 492/1766/453 490/1765/453 486/1764/453 488/1763/453
f 469/1770/454 470/1769/454 489/1768/454 490/1767/454
f 470/1774/455 471/1773/455 491/1772/455 489/1771/455
f 471/1778/456 472/1777/456 492/1776/456 491/1775/456
f 472/1782/457 469/1781/457 490/1780/457 492/1779/457
o group553149834
g mesh553149834
usemtl mat16
f 496/1786/458 495/1785/458 494/1784/458 493/1783/458
f 495/1790/459 498/1789/459 497/1788/459 494/1787/459
f 498/1794/460 500/1793/460 499/1792/460 497/1791/460
f 500/1798/461 496/1797/461 493/1796/461 499/1795/461
f 500/1802/462 498/1801/462 495/1800/462 496/1799/462
f 504/1806/463 503/1805/463 502/1804/463 501/1803/463
f 506/1810/464 505/1809/464 497/1808/464 499/1807/464
f 505/1814/465 507/1813/465 494/1812/465 497/1811/465
f 507/1818/466 508/1817/466 493/1816/466 494/1815/466
f 508/1822/467 506/1821/467 499/1820/467 493/1819/467
f 510/1826/468 509/1825/468 505/1824/468 506/1823/468
f 509/1830/469 511/1829/469 507/1828/469 505/1827/469
f 511/1834/470 512/1833/470 508/1832/470 507/1831/470
f 512/1838/471 510/1837/471 506/1836/471 508/1835/471
f 501/1842/472 502/1841/472 509/1840/472 510/1839/472
f 502/1846/473 503/1845/473 511/1844/473 509/1843/473
f 503/1850/474 504/1849/474 512/1848/474 511/1847/474
f 504/1854/475 501/1853/475 510/1852/475 512/1851/475
o group988872900
g mesh988872900
usemtl mat16
f 516/1858/476 515/1857/476 514/1856/476 513/1855/476
f 515/1862/477 518/1861/477 517/1860/477 514/1859/477
f 518/1866/478 520/1865/478 519/1864/478 517/1863/478
f 520/1870/479 516/1869/479 513/1868/479 519/1867/479
f 520/1874/480 518/1873/480 515/1872/480 516/1871/480
f 524/1878/481 523/1877/481 522/1876/481 521/1875/481
f 526/1882/482 525/1881/482 517/1880/482 519/1879/482
f 525/1886/483 527/1885/483 514/1884/483 517/1883/483
f 527/1890/484 528/1889/484 513/1888/484 514/1887/484
f 528/1894/485 526/1893/485 519/1892/485 513/1891/485
f 530/1898/486 529/1897/486 525/1896/486 526/1895/486
f 529/1902/487 531/1901/487 527/1900/487 525/1899/487
f 531/1906/488 532/1905/488 528/1904/488 527/1903/488
f 532/1910/489 530/1909/489 526/1908/489 528/1907/489
f 521/1914/490 522/1913/490 529/1912/490 530/1911/490
f 522/1918/491 523/1917/491 531/1916/491 529/1915/491
f 523/1922/492 524/1921/492 532/1920/492 531/1919/492
f 524/1926/493 521/1925/493 530/1924/493 532/1923/493
o group1001927988
g mesh1001927988
usemtl mat16
f 536/1930/494 535/1929/494 534/1928/494 533/1927/494
f 535/1934/495 538/1933/495 537/1932/495 534/1931/495
f 538/1938/496 540/1937/496 539/1936/496 537/1935/496
f 540/1942/497 536/1941/497 533/1940/497 539/1939/497
f 540/1946/498 538/1945/498 535/1944/498 536/1943/498
f 544/1950/499 543/1949/499 542/1948/499 541/1947/499
f 546/1954/500 545/1953/500 537/1952/500 539/1951/500
f 545/1958/501 547/1957/501 534/1956/501 537/1955/501
f 547/1962/502 548/1961/502 533/1960/502 534/1959/502
f 548/1966/503 546/1965/503 539/1964/503 533/1963/503
f 550/1970/504 549/1969/504 545/1968/504 546/1967/504
f 549/1974/505 551/1973/505 547/1972/505 545/1971/505
f 551/1978/506 552/1977/506 548/1976/506 547/1975/506
f 552/1982/507 550/1981/507 546/1980/507 548/1979/507
f 541/1986/508 542/1985/508 549/1984/508 550/1983/508
f 542/1990/509 543/1989/509 551/1988/509 549/1987/509
f 543/1994/510 544/1993/510 552/1992/510 551/1991/510
f 544/1998/511 541/1997/511 550/1996/511 552/1995/511
o group1235554652
g mesh1235554652
usemtl mat19
f 556/2002/512 555/2001/512 554/2000/512 553/1999/512
f 560/2006/513 559/2005/513 558/2004/513 557/2003/513
f 561/2009/514 557/2008/514 553/2007/514
f 558/2013/515 559/2012/515 555/2011/515 556/2010/515
f 557/2017/516 558/2016/516 556/2015/516 553/2014/516
f 555/2021/517 559/2020/517 560/2019/517 554/2018/517
f 562/2024/518 560/2023/518 557/2022/518
f 563/2027/519 554/2026/519 560/2025/519
f 563/2030/520 553/2029/520 554/2028/520
f 565/2033/521 561/2032/521 564/2031/521
f 553/2036/522 564/2035/522 561/2034/522
f 563/2039/523 564/2038/523 553/2037/523
f 557/2042/524 561/2041/524 562/2040/524
f 560/2045/525 562/2044/525 563/2043/525
f 566/2048/526 562/2047/526 561/2046/526
f 567/2051/527 563/2050/527 562/2049/527
f 567/2054/528 564/2053/528 563/2052/528
f 569/2057/529 565/2056/529 568/2055/529
f 564/2060/530 568/2059/530 565/2058/530
f 567/2063/531 568/2062/531 564/2061/531
f 561/2066/532 565/2065/532 566/2064/532
f 562/2069/533 566/2068/533 567/2067/533
f 570/2072/534 566/2071/534 565/2070/534
f 571/2075/535 567/2074/535 566/2073/535
f 571/2078/536 568/2077/536 567/2076/536
f 571/2082/537 570/2081/537 569/2080/537 572/2079/537
f 568/2085/538 572/2084/538 569/2083/538
f 571/2088/539 572/2087/539 568/2086/539
f 565/2091/540 569/2090/540 570/2089/540
f 566/2094/541 570/2093/541 571/2092/541
o group892746778
g mesh892746778
usemtl mat23
f 608/2194/566 607/2193/566 606/2192/566 605/2191/566
f 607/2197/567 609/2196/567 606/2195/567
f 612/2201/568 611/2200/568 610/2199/568 609/2198/568
f 608/2204/569 605/2203/569 610/2202/569
f 616/2208/570 615/2207/570 614/2206/570 613/2205/570
f 605/2212/571 606/2211/571 609/2210/571 610/2209/571
f 613/2216/572 614/2215/572 607/2214/572 608/2213/572
f 614/2219/573 615/2218/573 607/2217/573
f 615/2223/574 616/2222/574 611/2221/574 612/2220/574
f 616/2226/575 613/2225/575 608/2224/575
f 607/2229/576 612/2228/576 609/2227/576
f 615/2232/577 612/2231/577 607/2230/577
f 610/2235/578 611/2234/578 608/2233/578
f 608/2238/579 611/2237/579 616/2236/579
o group12215205
g mesh12215205
usemtl mat17
f 628/2266/586 627/2265/586 626/2264/586 625/2263/586
f 632/2270/587 631/2269/587 630/2268/587 629/2267/587
f 626/2274/588 632/2273/588 629/2272/588 625/2271/588
f 630/2278/589 631/2277/589 627/2276/589 628/2275/589
f 629/2282/590 630/2281/590 628/2280/590 625/2279/590
f 627/2286/591 631/2285/591 632/2284/591 626/2283/591
o group1934485478
g mesh1934485478
usemtl mat17
f 644/2314/598 643/2313/598 642/2312/598 641/2311/598
f 643/2318/599 646/2317/599 645/2316/599 642/2315/599
f 646/2322/600 648/2321/600 647/2320/600 645/2319/600
f 648/2326/601 650/2325/601 649/2324/601 647/2323/601
f 650/2330/602 652/2329/602 651/2328/602 649/2327/602
f 652/2334/603 654/2333/603 653/2332/603 651/2331/603
f 654/2338/604 656/2337/604 655/2336/604 653/2335/604
f 656/2342/605 644/2341/605 641/2340/605 655/2339/605
f 664/2350/606 663/2349/606 662/2348/606 661/2347/606 660/2346/606 659/2345/606 658/2344/606 657/2343/606
f 641/2358/607 642/2357/607 645/2356/607 647/2355/607 649/2354/607 651/2353/607 653/2352/607 655/2351/607
f 657/2362/608 658/2361/608 643/2360/608 644/2359/608
f 658/2366/609 659/2365/609 646/2364/609 643/2363/609
f 659/2370/610 660/2369/610 648/2368/610 646/2367/610
f 660/2374/611 661/2373/611 650/2372/611 648/2371/611
f 661/2378/612 662/2377/612 652/2376/612 650/2375/612
f 662/2382/613 663/2381/613 654/2380/613 652/2379/613
f 663/2386/614 664/2385/614 656/2384/614 654/2383/614
f 664/2390/615 657/2389/615 644/2388/615 656/2387/615
o group393960828
g mesh393960828
usemtl mat17
f 667/2393/616 666/2392/616 665/2391/616
f 666/2396/617 668/2395/617 665/2394/617
f 668/2399/618 669/2398/618 665/2397/618
f 669/2402/619 670/2401/619 665/2400/619
f 670/2405/620 671/2404/620 665/2403/620
f 671/2408/621 672/2407/621 665/2406/621
f 672/2411/622 673/2410/622 665/2409/622
f 673/2414/623 674/2413/623 665/2412/623
f 674/2417/624 675/2416/624 665/2415/624
f 675/2420/625 676/2419/625 665/2418/625
f 676/2423/626 677/2422/626 665/2421/626
f 677/2426/627 667/2425/627 665/2424/627
f 679/2430/628 678/2429/628 666/2428/628 667/2427/628
f 678/2434/629 680/2433/629 668/2432/629 666/2431/629
f 680/2438/630 681/2437/630 669/2436/630 668/2435/630
f 681/2442/631 682/2441/631 670/2440/631 669/2439/631
f 682/2446/632 683/2445/632 671/2444/632 670/2443/632
f 683/2450/633 684/2449/633 672/2448/633 671/2447/633
f 684/2454/634 685/2453/634 673/2452/634 672/2451/634
f 685/2458/635 686/2457/635 674/2456/635 673/2455/635
f 686/2462/636 687/2461/636 675/2460/636 674/2459/636
f 687/2466/637 688/2465/637 676/2464/637 675/2463/637
f 688/2470/638 689/2469/638 677/2468/638 676/2467/638
f 689/2474/639 679/2473/639 667/2472/639 677/2471/639
f 691/2478/640 690/2477/640 678/2476/640 679/2475/640
f 690/2482/641 692/2481/641 680/2480/641 678/2479/641
f 692/2486/642 693/2485/642 681/2484/642 680/2483/642
f 693/2490/643 694/2489/643 682/2488/643 681/2487/643
f 694/2494/644 695/2493/644 683/2492/644 682/2491/644
f 695/2498/645 696/2497/645 684/2496/645 683/2495/645
f 696/2502/646 697/2501/646 685/2500/646 684/2499/646
f 697/2506/647 698/2505/647 686/2504/647 685/2503/647
f 698/2510/648 699/2509/648 687/2508/648 686/2507/648
f 699/2514/649 700/2513/649 688/2512/649 687/2511/649
f 700/2518/650 701/2517/650 689/2516/650 688/2515/650
f 701/2522/651 691/2521/651 679/2520/651 689/2519/651
f 703/2526/652 702/2525/652 690/2524/652 691/2523/652
f 702/2530/653 704/2529/653 692/2528/653 690/2527/653
f 704/2534/654 705/2533/654 693/2532/654 692/2531/654
f 705/2538/655 706/2537/655 694/2536/655 693/2535/655
f 706/2542/656 707/2541/656 695/2540/656 694/2539/656
f 707/2546/657 708/2545/657 696/2544/657 695/2543/657
f 708/2550/658 709/2549/658 697/2548/658 696/2547/658
f 709/2554/659 710/2553/659 698/2552/659 697/2551/659
f 710/2558/660 711/2557/660 699/2556/660 698/2555/660
f 711/2562/661 712/2561/661 700/2560/661 699/2559/661
f 712/2566/662 713/2565/662 701/2564/662 700/2563/662
f 713/2570/663 703/2569/663 691/2568/663 701/2567/663
f 715/2574/664 714/2573/664 702/2572/664 703/2571/664
f 714/2578/665 716/2577/665 704/2576/665 702/2575/665
f 716/2582/666 717/2581/666 705/2580/666 704/2579/666
f 717/2586/667 718/2585/667 706/2584/667 705/2583/667
f 718/2590/668 719/2589/668 707/2588/668 706/2587/668
f 719/2594/669 720/2593/669 708/2592/669 707/2591/669
f 720/2598/670 721/2597/670 709/2596/670 708/2595/670
f 721/2602/671 722/2601/671 710/2600/671 709/2599/671
f 722/2606/672 723/2605/672 711/2604/672 710/2603/672
f 723/2610/673 724/2609/673 712/2608/673 711/2607/673
f 724/2614/674 725/2613/674 713/2612/674 712/2611/674
f 725/2618/675 715/2617/675 703/2616/675 713/2615/675
f 727/2622/676 726/2621/676 714/2620/676 715/2619/676
f 726/2626/677 728/2625/677 716/2624/677 714/2623/677
f 728/2630/678 729/2629/678 717/2628/678 716/2627/678
f 729/2634/679 730/2633/679 718/2632/679 717/2631/679
f 730/2638/680 731/2637/680 719/2636/680 718/2635/680
f 731/2642/681 732/2641/681 720/2640/681 719/2639/681
f 732/2646/682 733/2645/682 721/2644/682 720/2643/682
f 733/2650/683 734/2649/683 722/2648/683 721/2647/683
f 734/2654/684 735/2653/684 723/2652/684 722/2651/684
f 735/2658/685 736/2657/685 724/2656/685 723/2655/685
f 736/2662/686 737/2661/686 725/2660/686 724/2659/686
f 737/2666/687 727/2665/687 715/2664/687 725/2663/687
f 739/2670/688 738/2669/688 726/2668/688 727/2667/688
f 738/2674/689 740/2673/689 728/2672/689 726/2671/689
f 740/2678/690 741/2677/690 729/2676/690 728/2675/690
f 741/2682/691 742/2681/691 730/2680/691 729/2679/691
f 742/2686/692 743/2685/692 731/2684/692 730/2683/692
f 743/2690/693 744/2689/693 732/2688/693 731/2687/693
f 744/2694/694 745/2693/694 733/2692/694 732/2691/694
f 745/2698/695 746/2697/695 734/2696/695 733/2695/695
f 746/2702/696 747/2701/696 735/2700/696 734/2699/696
f 747/2706/697 748/2705/697 736/2704/697 735/2703/697
f 748/2710/698 749/2709/698 737/2708/698 736/2707/698
f 749/2714/699 739/2713/699 727/2712/699 737/2711/699
f 751/2718/700 750/2717/700 738/2716/700 739/2715/700
f 750/2722/701 752/2721/701 740/2720/701 738/2719/701
f 752/2726/702 753/2725/702 741/2724/702 740/2723/702
f 753/2730/703 754/2729/703 742/2728/703 741/2727/703
f 754/2734/704 755/2733/704 743/2732/704 742/2731/704
f 755/2738/705 756/2737/705 744/2736/705 743/2735/705
f 756/2742/706 757/2741/706 745/2740/706 744/2739/706
f 757/2746/707 758/2745/707 746/2744/707 745/2743/707
f 758/2750/708 759/2749/708 747/2748/708 746/2747/708
f 759/2754/709 760/2753/709 748/2752/709 747/2751/709
f 760/2758/710 761/2757/710 749/2756/710 748/2755/710
f 761/2762/711 751/2761/711 739/2760/711 749/2759/711
f 762/2765/712 750/2764/712 751/2763/712
f 762/2768/713 752/2767/713 750/2766/713
f 762/2771/714 753/2770/714 752/2769/714
f 762/2774/715 754/2773/715 753/2772/715
f 762/2777/716 755/2776/716 754/2775/716
f 762/2780/717 756/2779/717 755/2778/717
f 762/2783/718 757/2782/718 756/2781/718
f 762/2786/719 758/2785/719 757/2784/719
f 762/2789/720 759/2788/720 758/2787/720
f 762/2792/721 760/2791/721 759/2790/721
f 762/2795/722 761/2794/722 760/2793/722
f 762/2798/723 751/2797/723 761/2796/723
o group183683269
g mesh183683269
usemtl mat23
f 774/2826/730 773/2825/730 772/2824/730 771/2823/730
f 773/2830/731 776/2829/731 775/2828/731 772/2827/731
f 776/2834/732 778/2833/732 777/2832/732 775/2831/732
f 778/2838/733 780/2837/733 779/2836/733 777/2835/733
f 780/2842/734 782/2841/734 781/2840/734 779/2839/734
f 782/2846/735 784/2845/735 783/2844/735 781/2843/735
f 784/2850/736 786/2849/736 785/2848/736 783/2847/736
f 786/2854/737 788/2853/737 787/2852/737 785/2851/737
f 788/2858/738 790/2857/738 789/2856/738 787/2855/738
f 790/2862/739 792/2861/739 791/2860/739 789/2859/739
f 792/2866/740 794/2865/740 793/2864/740 791/2863/740
f 794/2870/741 774/2869/741 771/2868/741 793/2867/741
f 771/2882/742 772/2881/742 775/2880/742 777/2879/742 779/2878/742 781/2877/742 783/2876/742 785/2875/742 787/2874/742 789/2873/742 791/2872/742 793/2871/742
f 794/2894/743 792/2893/743 790/2892/743 788/2891/743 786/2890/743 784/2889/743 782/2888/743 780/2887/743 778/2886/743 776/2885/743 773/2884/743 774/2883/743
o group1495792002
g mesh1495792002
usemtl mat17
f 798/2898/744 797/2897/744 796/2896/744 795/2895/744
f 797/2902/745 800/2901/745 799/2900/745 796/2899/745
f 800/2906/746 802/2905/746 801/2904/746 799/2903/746
f 802/2910/747 804/2909/747 803/2908/747 801/2907/747
f 804/2914/748 806/2913/748 805/2912/748 803/2911/748
f 806/2918/749 808/2917/749 807/2916/749 805/2915/749
f 808/2922/750 810/2921/750 809/2920/750 807/2919/750
f 810/2926/751 798/2925/751 795/2924/751 809/2923/751
f 818/2934/752 817/2933/752 816/2932/752 815/2931/752 814/2930/752 813/2929/752 812/2928/752 811/2927/752
f 795/2942/753 796/2941/753 799/2940/753 801/2939/753 803/2938/753 805/2937/753 807/2936/753 809/2935/753
f 820/2946/754 819/2945/754 797/2944/754 798/2943/754
f 819/2950/755 821/2949/755 800/2948/755 797/2947/755
f 821/2954/756 822/2953/756 802/2952/756 800/2951/756
f 822/2958/757 823/2957/757 804/2956/757 802/2955/757
f 823/2962/758 824/2961/758 806/2960/758 804/2959/758
f 824/2966/759 825/2965/759 808/2964/759 806/2963/759
f 825/2970/760 826/2969/760 810/2968/760 808/2967/760
f 826/2974/761 820/2973/761 798/2972/761 810/2971/761
f 811/2978/762 812/2977/762 819/2976/762 820/2975/762
f 812/2982/763 813/2981/763 821/2980/763 819/2979/763
f 813/2986/764 814/2985/764 822/2984/764 821/2983/764
f 814/2990/765 815/2989/765 823/2988/765 822/2987/765
f 815/2994/766 816/2993/766 824/2992/766 823/2991/766
f 816/2998/767 817/2997/767 825/2996/767 824/2995/767
f 817/3002/768 818/3001/768 826/3000/768 825/2999/768
f 818/3006/769 811/3005/769 820/3004/769 826/3003/769
o group1184948554
g mesh1184948554
usemtl mat13
f 830/3010/770 829/3009/770 828/3008/770 827/3007/770
f 833/3013/771 832/3012/771 831/3011/771
f 828/3017/772 834/3016/772 831/3015/772 827/3014/772
f 832/3021/773 835/3020/773 829/3019/773 830/3018/773
f 831/3025/774 832/3024/774 830/3023/774 827/3022/774
f 829/3029/775 835/3028/775 834/3027/775 828/3026/775
f 836/3032/776 835/3031/776 832/3030/776
f 837/3035/777 834/3034/777 835/3033/777
f 837/3038/778 831/3037/778 834/3036/778
f 839/3041/779 833/3040/779 838/3039/779
f 831/3044/780 838/3043/780 833/3042/780
f 837/3047/781 838/3046/781 831/3045/781
f 832/3050/782 833/3049/782 836/3048/782
f 835/3053/783 836/3052/783 837/3051/783
f 840/3056/784 836/3055/784 833/3054/784
f 841/3059/785 837/3058/785 836/3057/785
f 841/3062/786 838/3061/786 837/3060/786
f 844/3066/787 843/3065/787 839/3064/787 842/3063/787
f 838/3069/788 842/3068/788 839/3067/788
f 841/3072/789 842/3071/789 838/3070/789
f 833/3075/790 839/3074/790 840/3073/790
f 836/3078/791 840/3077/791 841/3076/791
f 845/3081/792 840/3080/792 839/3079/792
f 846/3084/793 841/3083/793 840/3082/793
f 846/3087/794 842/3086/794 841/3085/794
f 846/3091/795 845/3090/795 843/3089/795 844/3088/795
f 846/3094/796 844/3093/796 842/3092/796
f 839/3097/797 843/3096/797 845/3095/797
f 840/3100/798 845/3099/798 846/3098/798
o group844740274
g mesh844740274
usemtl mat22
f 850/3104/799 849/3103/799 848/3102/799 847/3101/799
f 849/3107/800 851/3106/800 848/3105/800
f 851/3111/801 852/3110/801 847/3109/801 848/3108/801
f 852/3114/802 850/3113/802 847/3112/802
f 856/3118/803 855/3117/803 854/3116/803 853/3115/803
f 858/3122/804 857/3121/804 849/3120/804 850/3119/804
f 857/3126/805 859/3125/805 851/3124/805 849/3123/805
f 859/3130/806 860/3129/806 852/3128/806 851/3127/806
f 860/3134/807 858/3133/807 850/3132/807 852/3131/807
f 862/3138/808 861/3137/808 857/3136/808 858/3135/808
f 861/3142/809 863/3141/809 859/3140/809 857/3139/809
f 863/3146/810 864/3145/810 860/3144/810 859/3143/810
f 864/3150/811 862/3149/811 858/3148/811 860/3147/811
f 866/3154/812 865/3153/812 861/3152/812 862/3151/812
f 865/3158/813 867/3157/813 863/3156/813 861/3155/813
f 867/3162/814 868/3161/814 864/3160/814 863/3159/814
f 868/3166/815 866/3165/815 862/3164/815 864/3163/815
f 870/3170/816 869/3169/816 865/3168/816 866/3167/816
f 869/3174/817 871/3173/817 867/3172/817 865/3171/817
f 871/3178/818 872/3177/818 868/3176/818 867/3175/818
f 872/3182/819 870/3181/819 866/3180/819 868/3179/819
f 874/3186/820 873/3185/820 869/3184/820 870/3183/820
f 873/3190/821 875/3189/821 871/3188/821 869/3187/821
f 875/3194/822 876/3193/822 872/3192/822 871/3191/822
f 876/3198/823 874/3197/823 870/3196/823 872/3195/823
f 878/3202/824 877/3201/824 873/3200/824 874/3199/824
f 877/3206/825 879/3205/825 875/3204/825 873/3203/825
f 879/3210/826 880/3209/826 876/3208/826 875/3207/826
f 880/3214/827 878/3213/827 874/3212/827 876/3211/827
f 882/3218/828 881/3217/828 877/3216/828 878/3215/828
f 881/3222/829 883/3221/829 879/3220/829 877/3219/829
f 883/3226/830 884/3225/830 880/3224/830 879/3223/830
f 884/3230/831 882/3229/831 878/3228/831 880/3227/831
f 853/3234/832 854/3233/832 881/3232/832 882/3231/832
f 854/3238/833 885/3237/833 883/3236/833 881/3235/833
f 885/3242/834 886/3241/834 884/3240/834 883/3239/834
f 886/3246/835 853/3245/835 882/3244/835 884/3243/835
f 855/3250/836 887/3249/836 885/3248/836 854/3247/836
f 887/3254/837 888/3253/837 886/3252/837 885/3251/837
f 888/3258/838 856/3257/838 853/3256/838 886/3255/838
f 888/3262/839 887/3261/839 855/3260/839 856/3259/839
o group1518322092
g mesh1518322092
usemtl mat22
f 892/3266/840 891/3265/840 890/3264/840 889/3263/840
f 894/3270/841 893/3269/841 889/3268/841 890/3267/841
f 897/3273/842 896/3272/842 895/3271/842
f 899/3277/843 898/3276/843 891/3275/843 892/3274/843
f 898/3281/844 900/3280/844 894/3279/844 891/3278/844
f 900/3285/845 901/3284/845 893/3283/845 894/3282/845
f 901/3289/846 899/3288/846 892/3287/846 893/3286/846
f 903/3293/847 902/3292/847 898/3291/847 899/3290/847
f 902/3297/848 904/3296/848 900/3295/848 898/3294/848
f 904/3301/849 905/3300/849 901/3299/849 900/3298/849
f 905/3305/850 903/3304/850 899/3303/850 901/3302/850
f 907/3309/851 906/3308/851 902/3307/851 903/3306/851
f 906/3313/852 908/3312/852 904/3311/852 902/3310/852
f 908/3317/853 909/3316/853 905/3315/853 904/3314/853
f 909/3321/854 907/3320/854 903/3319/854 905/3318/854
f 911/3325/855 910/3324/855 906/3323/855 907/3322/855
f 912/3333/857 913/3332/857 909/3331/857 908/3330/857
f 913/3337/858 911/3336/858 907/3335/858 909/3334/858
f 916/3349/861 917/3348/861 913/3347/861 912/3346/861
f 917/3353/862 915/3352/862 911/3351/862 913/3350/862
f 919/3357/863 918/3356/863 914/3355/863 915/3354/863
f 920/3365/865 921/3364/865 917/3363/865 916/3362/865
f 921/3369/866 919/3368/866 915/3367/866 917/3366/866
f 923/3373/867 922/3372/867 918/3371/867 919/3370/867
f 924/3381/869 925/3380/869 921/3379/869 920/3378/869
f 925/3385/870 923/3384/870 919/3383/870 921/3382/870
f 895/3389/871 896/3388/871 922/3387/871 923/3386/871
f 896/3393/872 926/3392/872 924/3391/872 922/3390/872
f 926/3397/873 927/3396/873 925/3395/873 924/3394/873
f 927/3401/874 895/3400/874 923/3399/874 925/3398/874
f 892/3404/875 889/3403/875 893/3402/875
f 891/3407/876 894/3406/876 890/3405/876
f 929/3413/878 927/3412/878 926/3411/878
f 929/3416/879 895/3415/879 927/3414/879
f 929/3420/880 928/3419/880 897/3418/880 930/3417/880
f 895/3423/881 930/3422/881 897/3421/881
f 929/3426/882 930/3425/882 895/3424/882
f 896/3429/883 897/3428/883 928/3427/883
f 926/3432/884 928/3431/884 929/3430/884
usemtl mat23
f 910/3329/856 912/3328/856 908/3327/856 906/3326/856
f 915/3341/859 914/3340/859 910/3339/859 911/3338/859
f 914/3345/860 916/3344/860 912/3343/860 910/3342/860
f 918/3361/864 920/3360/864 916/3359/864 914/3358/864
f 922/3377/868 924/3376/868 920/3375/868 918/3374/868
f 928/3410/877 926/3409/877 896/3408/877
o group1774172855
g mesh1774172855
usemtl mat17
f 934/3436/885 933/3435/885 932/3434/885 931/3433/885
f 933/3440/886 936/3439/886 935/3438/886 932/3437/886
f 936/3444/887 938/3443/887 937/3442/887 935/3441/887
f 938/3448/888 940/3447/888 939/3446/888 937/3445/888
f 940/3452/889 942/3451/889 941/3450/889 939/3449/889
f 942/3456/890 944/3455/890 943/3454/890 941/3453/890
f 944/3460/891 946/3459/891 945/3458/891 943/3457/891
f 946/3464/892 934/3463/892 931/3462/892 945/3461/892
f 954/3472/893 953/3471/893 952/3470/893 951/3469/893 950/3468/893 949/3467/893 948/3466/893 947/3465/893
f 931/3480/894 932/3479/894 935/3478/894 937/3477/894 939/3476/894 941/3475/894 943/3474/894 945/3473/894
f 956/3484/895 955/3483/895 933/3482/895 934/3481/895
f 955/3488/896 957/3487/896 936/3486/896 933/3485/896
f 957/3492/897 958/3491/897 938/3490/897 936/3489/897
f 958/3496/898 959/3495/898 940/3494/898 938/3493/898
f 959/3500/899 960/3499/899 942/3498/899 940/3497/899
f 960/3504/900 961/3503/900 944/3502/900 942/3501/900
f 961/3508/901 962/3507/901 946/3506/901 944/3505/901
f 962/3512/902 956/3511/902 934/3510/902 946/3509/902
f 947/3516/903 948/3515/903 955/3514/903 956/3513/903
f 948/3520/904 949/3519/904 957/3518/904 955/3517/904
f 949/3524/905 950/3523/905 958/3522/905 957/3521/905
f 950/3528/906 951/3527/906 959/3526/906 958/3525/906
f 951/3532/907 952/3531/907 960/3530/907 959/3529/907
f 952/3536/908 953/3535/908 961/3534/908 960/3533/908
f 953/3540/909 954/3539/909 962/3538/909 961/3537/909
f 954/3544/910 947/3543/910 956/3542/910 962/3541/910
o group1813068850
g mesh1813068850
usemtl mat17
f 966/3548/911 965/3547/911 964/3546/911 963/3545/911
f 965/3552/912 968/3551/912 967/3550/912 964/3549/912
f 968/3556/913 970/3555/913 969/3554/913 967/3553/913
f 970/3560/914 972/3559/914 971/3558/914 969/3557/914
f 972/3564/915 974/3563/915 973/3562/915 971/3561/915
f 974/3568/916 976/3567/916 975/3566/916 973/3565/916
f 976/3572/917 978/3571/917 977/3570/917 975/3569/917
f 978/3576/918 966/3575/918 963/3574/918 977/3573/918
f 986/3584/919 985/3583/919 984/3582/919 983/3581/919 982/3580/919 981/3579/919 980/3578/919 979/3577/919
f 963/3592/920 964/3591/920 967/3590/920 969/3589/920 971/3588/920 973/3587/920 975/3586/920 977/3585/920
f 979/3596/921 980/3595/921 965/3594/921 966/3593/921
f 980/3600/922 981/3599/922 968/3598/922 965/3597/922
f 981/3604/923 982/3603/923 970/3602/923 968/3601/923
f 982/3608/924 983/3607/924 972/3606/924 970/3605/924
f 983/3612/925 984/3611/925 974/3610/925 972/3609/925
f 984/3616/926 985/3615/926 976/3614/926 974/3613/926
f 985/3620/927 986/3619/927 978/3618/927 976/3617/927
f 986/3624/928 979/3623/928 966/3622/928 978/3621/928
o group2053041505
g mesh2053041505
usemtl mat23
f 990/3628/929 989/3627/929 988/3626/929 987/3625/929
f 989/3632/930 992/3631/930 991/3630/930 988/3629/930
f 992/3636/931 994/3635/931 993/3634/931 991/3633/931
f 994/3640/932 996/3639/932 995/3638/932 993/3637/932
f 996/3644/933 998/3643/933 997/3642/933 995/3641/933
f 998/3648/934 1000/3647/934 999/3646/934 997/3645/934
f 1000/3652/935 1002/3651/935 1001/3650/935 999/3649/935
f 1002/3656/936 1004/3655/936 1003/3654/936 1001/3653/936
f 1004/3660/937 1006/3659/937 1005/3658/937 1003/3657/937
f 1006/3664/938 1008/3663/938 1007/3662/938 1005/3661/938
f 1008/3668/939 1010/3667/939 1009/3666/939 1007/3665/939
f 1010/3672/940 990/3671/940 987/3670/940 1009/3669/940
f 987/3684/941 988/3683/941 991/3682/941 993/3681/941 995/3680/941 997/3679/941 999/3678/941 1001/3677/941 1003/3676/941 1005/3675/941 1007/3674/941 1009/3673/941
f 1010/3696/942 1008/3695/942 1006/3694/942 1004/3693/942 1002/3692/942 1000/3691/942 998/3690/942 996/3689/942 994/3688/942 992/3687/942 989/3686/942 990/3685/942
o group422513220
g mesh422513220
usemtl mat23
f 1022/3724/949 1021/3723/949 1020/3722/949 1019/3721/949
f 1026/3728/950 1025/3727/950 1024/3726/950 1023/3725/950
f 1020/3732/951 1026/3731/951 1023/3730/951 1019/3729/951
f 1024/3736/952 1025/3735/952 1021/3734/952 1022/3733/952
f 1023/3740/953 1024/3739/953 1022/3738/953 1019/3737/953
f 1021/3744/954 1025/3743/954 1026/3742/954 1020/3741/954
o group1045868449
g mesh1045868449
usemtl mat13
f 1038/3772/961 1037/3771/961 1036/3770/961 1035/3769/961
f 1037/3776/962 1040/3775/962 1039/3774/962 1036/3773/962
f 1040/3780/963 1042/3779/963 1041/3778/963 1039/3777/963
f 1042/3784/964 1038/3783/964 1035/3782/964 1041/3781/964
f 1046/3788/965 1045/3787/965 1044/3786/965 1043/3785/965
f 1035/3792/966 1036/3791/966 1039/3790/966 1041/3789/966
f 1048/3796/967 1047/3795/967 1037/3794/967 1038/3793/967
f 1047/3800/968 1049/3799/968 1040/3798/968 1037/3797/968
f 1049/3804/969 1050/3803/969 1042/3802/969 1040/3801/969
f 1050/3808/970 1048/3807/970 1038/3806/970 1042/3805/970
f 1052/3812/971 1051/3811/971 1047/3810/971 1048/3809/971
f 1051/3816/972 1053/3815/972 1049/3814/972 1047/3813/972
f 1053/3820/973 1054/3819/973 1050/3818/973 1049/3817/973
f 1054/3824/974 1052/3823/974 1048/3822/974 1050/3821/974
f 1056/3828/975 1055/3827/975 1051/3826/975 1052/3825/975
f 1055/3832/976 1057/3831/976 1053/3830/976 1051/3829/976
f 1057/3836/977 1058/3835/977 1054/3834/977 1053/3833/977
f 1058/3840/978 1056/3839/978 1052/3838/978 1054/3837/978
f 1060/3844/979 1059/3843/979 1055/3842/979 1056/3841/979
f 1059/3848/980 1061/3847/980 1057/3846/980 1055/3845/980
f 1061/3852/981 1062/3851/981 1058/3850/981 1057/3849/981
f 1062/3856/982 1060/3855/982 1056/3854/982 1058/3853/982
f 1064/3860/983 1063/3859/983 1059/3858/983 1060/3857/983
f 1063/3864/984 1065/3863/984 1061/3862/984 1059/3861/984
f 1065/3868/985 1066/3867/985 1062/3866/985 1061/3865/985
f 1066/3872/986 1064/3871/986 1060/3870/986 1062/3869/986
f 1068/3876/987 1067/3875/987 1063/3874/987 1064/3873/987
f 1067/3880/988 1069/3879/988 1065/3878/988 1063/3877/988
f 1069/3884/989 1070/3883/989 1066/3882/989 1065/3881/989
f 1070/3888/990 1068/3887/990 1064/3886/990 1066/3885/990
f 1043/3892/991 1044/3891/991 1067/3890/991 1068/3889/991
f 1044/3896/992 1045/3895/992 1069/3894/992 1067/3893/992
f 1045/3900/993 1046/3899/993 1070/3898/993 1069/3897/993
f 1046/3904/994 1043/3903/994 1068/3902/994 1070/3901/994
o group1431892826
g mesh1431892826
usemtl mat23
f 1074/3908/995 1073/3907/995 1072/3906/995 1071/3905/995
f 1073/3912/996 1076/3911/996 1075/3910/996 1072/3909/996
f 1076/3916/997 1078/3915/997 1077/3914/997 1075/3913/997
f 1078/3920/998 1074/3919/998 1071/3918/998 1077/3917/998
f 1078/3924/999 1076/3923/999 1073/3922/999 1074/3921/999
f 1082/3928/1000 1081/3927/1000 1080/3926/1000 1079/3925/1000
f 1079/3932/1001 1080/3931/1001 1075/3930/1001 1077/3929/1001
f 1080/3936/1002 1081/3935/1002 1072/3934/1002 1075/3933/1002
f 1081/3940/1003 1082/3939/1003 1071/3938/1003 1072/3937/1003
f 1082/3944/1004 1079/3943/1004 1077/3942/1004 1071/3941/1004
o group1993272257
g mesh1993272257
usemtl mat23
f 1086/3948/1005 1085/3947/1005 1084/3946/1005 1083/3945/1005
f 1085/3952/1006 1088/3951/1006 1087/3950/1006 1084/3949/1006
f 1088/3956/1007 1090/3955/1007 1089/3954/1007 1087/3953/1007
f 1090/3960/1008 1086/3959/1008 1083/3958/1008 1089/3957/1008
f 1094/3964/1009 1093/3963/1009 1092/3962/1009 1091/3961/1009
f 1083/3968/1010 1084/3967/1010 1087/3966/1010 1089/3965/1010
f 1091/3972/1011 1092/3971/1011 1085/3970/1011 1086/3969/1011
f 1092/3976/1012 1093/3975/1012 1088/3974/1012 1085/3973/1012
f 1093/3980/1013 1094/3979/1013 1090/3978/1013 1088/3977/1013
f 1094/3984/1014 1091/3983/1014 1086/3982/1014 1090/3981/1014
o group1296043455
g mesh1296043455
usemtl mat23
f 1098/3988/1015 1097/3987/1015 1096/3986/1015 1095/3985/1015
f 1097/3991/1016 1099/3990/1016 1096/3989/1016
f 1102/3995/1017 1101/3994/1017 1100/3993/1017 1099/3992/1017
f 1101/3998/1018 1103/3997/1018 1100/3996/1018
f 1105/4001/1019 1104/4000/1019 1103/3999/1019
f 1105/4005/1020 1107/4004/1020 1106/4003/1020 1104/4002/1020
f 1107/4009/1021 1109/4008/1021 1108/4007/1021 1106/4006/1021
f 1109/4013/1022 1111/4012/1022 1110/4011/1022 1108/4010/1022
f 1111/4017/1023 1113/4016/1023 1112/4015/1023 1110/4014/1023
f 1113/4021/1024 1115/4020/1024 1114/4019/1024 1112/4018/1024
f 1115/4025/1025 1117/4024/1025 1116/4023/1025 1114/4022/1025
f 1117/4029/1026 1098/4028/1026 1095/4027/1026 1116/4026/1026
f 1095/4037/1027 1096/4036/1027 1106/4035/1027 1108/4034/1027 1110/4033/1027 1112/4032/1027 1114/4031/1027 1116/4030/1027
f 1117/4045/1028 1115/4044/1028 1113/4043/1028 1111/4042/1028 1109/4041/1028 1107/4040/1028 1097/4039/1028 1098/4038/1028
f 1103/4048/1029 1104/4047/1029 1106/4046/1029
f 1107/4051/1030 1105/4050/1030 1118/4049/1030
f 1101/4054/1031 1118/4053/1031 1103/4052/1031
f 1103/4057/1032 1118/4056/1032 1105/4055/1032
f 1107/4060/1033 1118/4059/1033 1101/4058/1033
f 1100/4063/1034 1103/4062/1034 1106/4061/1034
f 1097/4066/1035 1102/4065/1035 1099/4064/1035
f 1101/4069/1036 1102/4068/1036 1097/4067/1036
f 1107/4072/1037 1101/4071/1037 1097/4070/1037
f 1096/4075/1038 1099/4074/1038 1100/4073/1038
f 1096/4078/1039 1100/4077/1039 1106/4076/1039
o group1543876558
g mesh1543876558
usemtl mat13
f 1122/4082/1040 1121/4081/1040 1120/4080/1040 1119/4079/1040
f 1121/4086/1041 1124/4085/1041 1123/4084/1041 1120/4083/1041
f 1124/4090/1042 1126/4089/1042 1125/4088/1042 1123/4087/1042
f 1126/4094/1043 1122/4093/1043 1119/4092/1043 1125/4091/1043
f 1130/4098/1044 1129/4097/1044 1128/4096/1044 1127/4095/1044
f 1119/4102/1045 1120/4101/1045 1123/4100/1045 1125/4099/1045
f 1132/4106/1046 1131/4105/1046 1121/4104/1046 1122/4103/1046
f 1131/4110/1047 1133/4109/1047 1124/4108/1047 1121/4107/1047
f 1133/4114/1048 1134/4113/1048 1126/4112/1048 1124/4111/1048
f 1134/4118/1049 1132/4117/1049 1122/4116/1049 1126/4115/1049
f 1136/4122/1050 1135/4121/1050 1131/4120/1050 1132/4119/1050
f 1135/4126/1051 1137/4125/1051 1133/4124/1051 1131/4123/1051
f 1137/4130/1052 1138/4129/1052 1134/4128/1052 1133/4127/1052
f 1138/4134/1053 1136/4133/1053 1132/4132/1053 1134/4131/1053
f 1127/4138/1054 1128/4137/1054 1135/4136/1054 1136/4135/1054
f 1128/4142/1055 1129/4141/1055 1137/4140/1055 1135/4139/1055
f 1129/4146/1056 1130/4145/1056 1138/4144/1056 1137/4143/1056
f 1130/4150/1057 1127/4149/1057 1136/4148/1057 1138/4147/1057
o group1059285932
g mesh1059285932
usemtl mat23
f 1142/4154/1058 1141/4153/1058 1140/4152/1058 1139/4151/1058
f 1146/4158/1059 1145/4157/1059 1144/4156/1059 1143/4155/1059
f 1140/4162/1060 1146/4161/1060 1143/4160/1060 1139/4159/1060
f 1144/4166/1061 1145/4165/1061 1141/4164/1061 1142/4163/1061
f 1143/4170/1062 1144/4169/1062 1142/4168/1062 1139/4167/1062
f 1141/4174/1063 1145/4173/1063 1146/4172/1063 1140/4171/1063
o group1924651155
g mesh1924651155
usemtl mat13
f 1150/4178/1064 1149/4177/1064 1148/4176/1064 1147/4175/1064
f 1149/4182/1065 1152/4181/1065 1151/4180/1065 1148/4179/1065
f 1152/4186/1066 1154/4185/1066 1153/4184/1066 1151/4183/1066
f 1154/4190/1067 1150/4189/1067 1147/4188/1067 1153/4187/1067
f 1158/4194/1068 1157/4193/1068 1156/4192/1068 1155/4191/1068
f 1147/4198/1069 1148/4197/1069 1151/4196/1069 1153/4195/1069
f 1160/4202/1070 1159/4201/1070 1149/4200/1070 1150/4199/1070
f 1159/4206/1071 1161/4205/1071 1152/4204/1071 1149/4203/1071
f 1161/4210/1072 1162/4209/1072 1154/4208/1072 1152/4207/1072
f 1162/4214/1073 1160/4213/1073 1150/4212/1073 1154/4211/1073
f 1164/4218/1074 1163/4217/1074 1159/4216/1074 1160/4215/1074
f 1163/4222/1075 1165/4221/1075 1161/4220/1075 1159/4219/1075
f 1165/4226/1076 1166/4225/1076 1162/4224/1076 1161/4223/1076
f 1166/4230/1077 1164/4229/1077 1160/4228/1077 1162/4227/1077
f 1168/4234/1078 1167/4233/1078 1163/4232/1078 1164/4231/1078
f 1167/4238/1079 1169/4237/1079 1165/4236/1079 1163/4235/1079
f 1169/4242/1080 1170/4241/1080 1166/4240/1080 1165/4239/1080
f 1170/4246/1081 1168/4245/1081 1164/4244/1081 1166/4243/1081
f 1172/4250/1082 1171/4249/1082 1167/4248/1082 1168/4247/1082
f 1171/4254/1083 1173/4253/1083 1169/4252/1083 1167/4251/1083
f 1173/4258/1084 1174/4257/1084 1170/4256/1084 1169/4255/1084
f 1174/4262/1085 1172/4261/1085 1168/4260/1085 1170/4259/1085
f 1176/4266/1086 1175/4265/1086 1171/4264/1086 1172/4263/1086
f 1175/4270/1087 1177/4269/1087 1173/4268/1087 1171/4267/1087
f 1177/4274/1088 1178/4273/1088 1174/4272/1088 1173/4271/1088
f 1178/4278/1089 1176/4277/1089 1172/4276/1089 1174/4275/1089
f 1180/4282/1090 1179/4281/1090 1175/4280/1090 1176/4279/1090
f 1179/4286/1091 1181/4285/1091 1177/4284/1091 1175/4283/1091
f 1181/4290/1092 1182/4289/1092 1178/4288/1092 1177/4287/1092
f 1182/4294/1093 1180/4293/1093 1176/4292/1093 1178/4291/1093
f 1155/4298/1094 1156/4297/1094 1179/4296/1094 1180/4295/1094
f 1156/4302/1095 1157/4301/1095 1181/4300/1095 1179/4299/1095
f 1157/4306/1096 1158/4305/1096 1182/4304/1096 1181/4303/1096
f 1158/4310/1097 1155/4309/1097 1180/4308/1097 1182/4307/1097
o group1872659365
g mesh1872659365
usemtl mat13
f 1186/4314/1098 1185/4313/1098 1184/4312/1098 1183/4311/1098
f 1185/4318/1099 1188/4317/1099 1187/4316/1099 1184/4315/1099
f 1188/4322/1100 1190/4321/1100 1189/4320/1100 1187/4319/1100
f 1190/4326/1101 1186/4325/1101 1183/4324/1101 1189/4323/1101
f 1194/4330/1102 1193/4329/1102 1192/4328/1102 1191/4327/1102
f 1183/4334/1103 1184/4333/1103 1187/4332/1103 1189/4331/1103
f 1196/4338/1104 1195/4337/1104 1185/4336/1104 1186/4335/1104
f 1195/4342/1105 1197/4341/1105 1188/4340/1105 1185/4339/1105
f 1197/4346/1106 1198/4345/1106 1190/4344/1106 1188/4343/1106
f 1198/4350/1107 1196/4349/1107 1186/4348/1107 1190/4347/1107
f 1200/4354/1108 1199/4353/1108 1195/4352/1108 1196/4351/1108
f 1199/4358/1109 1201/4357/1109 1197/4356/1109 1195/4355/1109
f 1201/4362/1110 1202/4361/1110 1198/4360/1110 1197/4359/1110
f 1202/4366/1111 1200/4365/1111 1196/4364/1111 1198/4363/1111
f 1204/4370/1112 1203/4369/1112 1199/4368/1112 1200/4367/1112
f 1203/4374/1113 1205/4373/1113 1201/4372/1113 1199/4371/1113
f 1205/4378/1114 1206/4377/1114 1202/4376/1114 1201/4375/1114
f 1206/4382/1115 1204/4381/1115 1200/4380/1115 1202/4379/1115
f 1208/4386/1116 1207/4385/1116 1203/4384/1116 1204/4383/1116
f 1207/4390/1117 1209/4389/1117 1205/4388/1117 1203/4387/1117
f 1209/4394/1118 1210/4393/1118 1206/4392/1118 1205/4391/1118
f 1210/4398/1119 1208/4397/1119 1204/4396/1119 1206/4395/1119
f 1191/4402/1120 1192/4401/1120 1207/4400/1120 1208/4399/1120
f 1192/4406/1121 1193/4405/1121 1209/4404/1121 1207/4403/1121
f 1193/4410/1122 1194/4409/1122 1210/4408/1122 1209/4407/1122
f 1194/4414/1123 1191/4413/1123 1208/4412/1123 1210/4411/1123
o group840760410
g mesh840760410
usemtl mat13
f 1214/4418/1124 1213/4417/1124 1212/4416/1124 1211/4415/1124
f 1213/4422/1125 1216/4421/1125 1215/4420/1125 1212/4419/1125
f 1216/4426/1126 1218/4425/1126 1217/4424/1126 1215/4423/1126
f 1218/4430/1127 1214/4429/1127 1211/4428/1127 1217/4427/1127
f 1222/4434/1128 1221/4433/1128 1220/4432/1128 1219/4431/1128
f 1211/4438/1129 1212/4437/1129 1215/4436/1129 1217/4435/1129
f 1224/4442/1130 1223/4441/1130 1213/4440/1130 1214/4439/1130
f 1223/4446/1131 1225/4445/1131 1216/4444/1131 1213/4443/1131
f 1225/4450/1132 1226/4449/1132 1218/4448/1132 1216/4447/1132
f 1226/4454/1133 1224/4453/1133 1214/4452/1133 1218/4451/1133
f 1228/4458/1134 1227/4457/1134 1223/4456/1134 1224/4455/1134
f 1227/4462/1135 1229/4461/1135 1225/4460/1135 1223/4459/1135
f 1229/4466/1136 1230/4465/1136 1226/4464/1136 1225/4463/1136
f 1230/4470/1137 1228/4469/1137 1224/4468/1137 1226/4467/1137
f 1232/4474/1138 1231/4473/1138 1227/4472/1138 1228/4471/1138
f 1231/4478/1139 1233/4477/1139 1229/4476/1139 1227/4475/1139
f 1233/4482/1140 1234/4481/1140 1230/4480/1140 1229/4479/1140
f 1234/4486/1141 1232/4485/1141 1228/4484/1141 1230/4483/1141
f 1219/4490/1142 1220/4489/1142 1231/4488/1142 1232/4487/1142
f 1220/4494/1143 1221/4493/1143 1233/4492/1143 1231/4491/1143
f 1221/4498/1144 1222/4497/1144 1234/4496/1144 1233/4495/1144
f 1222/4502/1145 1219/4501/1145 1232/4500/1145 1234/4499/1145
o group1691921563
g mesh1691921563
usemtl mat23
f 1238/4506/1146 1237/4505/1146 1236/4504/1146 1235/4503/1146
f 1237/4510/1147 1240/4509/1147 1239/4508/1147 1236/4507/1147
f 1240/4514/1148 1242/4513/1148 1241/4512/1148 1239/4511/1148
f 1242/4518/1149 1238/4517/1149 1235/4516/1149 1241/4515/1149
f 1242/4522/1150 1240/4521/1150 1237/4520/1150 1238/4519/1150
f 1235/4526/1151 1236/4525/1151 1239/4524/1151 1241/4523/1151
o group1338990995
g mesh1338990995
usemtl mat23
f 1246/4530/1152 1245/4529/1152 1244/4528/1152 1243/4527/1152
f 1245/4534/1153 1248/4533/1153 1247/4532/1153 1244/4531/1153
f 1248/4538/1154 1250/4537/1154 1249/4536/1154 1247/4535/1154
f 1250/4542/1155 1246/4541/1155 1243/4540/1155 1249/4539/1155
f 1254/4546/1156 1253/4545/1156 1252/4544/1156 1251/4543/1156
f 1243/4550/1157 1244/4549/1157 1247/4548/1157 1249/4547/1157
f 1256/4554/1158 1255/4553/1158 1245/4552/1158 1246/4551/1158
f 1255/4558/1159 1257/4557/1159 1248/4556/1159 1245/4555/1159
f 1257/4562/1160 1258/4561/1160 1250/4560/1160 1248/4559/1160
f 1258/4566/1161 1256/4565/1161 1246/4564/1161 1250/4563/1161
f 1260/4570/1162 1259/4569/1162 1255/4568/1162 1256/4567/1162
f 1259/4574/1163 1261/4573/1163 1257/4572/1163 1255/4571/1163
f 1261/4578/1164 1262/4577/1164 1258/4576/1164 1257/4575/1164
f 1262/4582/1165 1260/4581/1165 1256/4580/1165 1258/4579/1165
f 1251/4586/1166 1252/4585/1166 1259/4584/1166 1260/4583/1166
f 1252/4590/1167 1253/4589/1167 1261/4588/1167 1259/4587/1167
f 1253/4594/1168 1254/4593/1168 1262/4592/1168 1261/4591/1168
f 1254/4598/1169 1251/4597/1169 1260/4596/1169 1262/4595/1169
o group1036948314
g mesh1036948314
usemtl mat23
f 1266/4602/1170 1265/4601/1170 1264/4600/1170 1263/4599/1170
f 1265/4606/1171 1268/4605/1171 1267/4604/1171 1264/4603/1171
f 1268/4610/1172 1270/4609/1172 1269/4608/1172 1267/4607/1172
f 1270/4614/1173 1266/4613/1173 1263/4612/1173 1269/4611/1173
f 1270/4618/1174 1268/4617/1174 1265/4616/1174 1266/4615/1174
f 1263/4622/1175 1264/4621/1175 1267/4620/1175 1269/4619/1175
o group1624000714
g mesh1624000714
usemtl mat13
f 1274/4626/1176 1273/4625/1176 1272/4624/1176 1271/4623/1176
f 1273/4630/1177 1276/4629/1177 1275/4628/1177 1272/4627/1177
f 1276/4634/1178 1278/4633/1178 1277/4632/1178 1275/4631/1178
f 1278/4638/1179 1274/4637/1179 1271/4636/1179 1277/4635/1179
f 1278/4642/1180 1276/4641/1180 1273/4640/1180 1274/4639/1180
f 1282/4646/1181 1281/4645/1181 1280/4644/1181 1279/4643/1181
f 1279/4650/1182 1280/4649/1182 1275/4648/1182 1277/4647/1182
f 1280/4654/1183 1281/4653/1183 1272/4652/1183 1275/4651/1183
f 1281/4658/1184 1282/4657/1184 1271/4656/1184 1272/4655/1184
f 1282/4662/1185 1279/4661/1185 1277/4660/1185 1271/4659/1185
o group1727618279
g mesh1727618279
usemtl mat13
f 1286/4666/1186 1285/4665/1186 1284/4664/1186 1283/4663/1186
f 1285/4670/1187 1288/4669/1187 1287/4668/1187 1284/4667/1187
f 1288/4674/1188 1290/4673/1188 1289/4672/1188 1287/4671/1188
f 1290/4678/1189 1286/4677/1189 1283/4676/1189 1289/4675/1189
f 1290/4682/1190 1288/4681/1190 1285/4680/1190 1286/4679/1190
f 1283/4686/1191 1284/4685/1191 1287/4684/1191 1289/4683/1191
o group801063310
g mesh801063310
usemtl mat13
f 1294/4690/1192 1293/4689/1192 1292/4688/1192 1291/4687/1192
f 1293/4694/1193 1296/4693/1193 1295/4692/1193 1292/4691/1193
f 1296/4698/1194 1298/4697/1194 1297/4696/1194 1295/4695/1194
f 1298/4702/1195 1294/4701/1195 1291/4700/1195 1297/4699/1195
f 1302/4706/1196 1301/4705/1196 1300/4704/1196 1299/4703/1196
f 1291/4710/1197 1292/4709/1197 1295/4708/1197 1297/4707/1197
f 1299/4714/1198 1300/4713/1198 1293/4712/1198 1294/4711/1198
f 1300/4718/1199 1301/4717/1199 1296/4716/1199 1293/4715/1199
f 1301/4722/1200 1302/4721/1200 1298/4720/1200 1296/4719/1200
f 1302/4726/1201 1299/4725/1201 1294/4724/1201 1298/4723/1201
o group456665135
g mesh456665135
usemtl mat23
f 1306/4730/1202 1305/4729/1202 1304/4728/1202 1303/4727/1202
f 1305/4734/1203 1308/4733/1203 1307/4732/1203 1304/4731/1203
f 1308/4738/1204 1310/4737/1204 1309/4736/1204 1307/4735/1204
f 1310/4742/1205 1306/4741/1205 1303/4740/1205 1309/4739/1205
f 1310/4746/1206 1308/4745/1206 1305/4744/1206 1306/4743/1206
f 1303/4750/1207 1304/4749/1207 1307/4748/1207 1309/4747/1207
o group2012567136
g mesh2012567136
usemtl mat23
f 1314/4754/1208 1313/4753/1208 1312/4752/1208 1311/4751/1208
f 1313/4758/1209 1316/4757/1209 1315/4756/1209 1312/4755/1209
f 1316/4762/1210 1318/4761/1210 1317/4760/1210 1315/4759/1210
f 1318/4766/1211 1314/4765/1211 1311/4764/1211 1317/4763/1211
f 1318/4770/1212 1316/4769/1212 1313/4768/1212 1314/4767/1212
f 1322/4774/1213 1321/4773/1213 1320/4772/1213 1319/4771/1213
f 1324/4778/1214 1323/4777/1214 1315/4776/1214 1317/4775/1214
f 1323/4782/1215 1325/4781/1215 1312/4780/1215 1315/4779/1215
f 1325/4786/1216 1326/4785/1216 1311/4784/1216 1312/4783/1216
f 1326/4790/1217 1324/4789/1217 1317/4788/1217 1311/4787/1217
f 1319/4794/1218 1320/4793/1218 1323/4792/1218 1324/4791/1218
f 1320/4798/1219 1321/4797/1219 1325/4796/1219 1323/4795/1219
f 1321/4802/1220 1322/4801/1220 1326/4800/1220 1325/4799/1220
f 1322/4806/1221 1319/4805/1221 1324/4804/1221 1326/4803/1221
o group2063406974
g mesh2063406974
usemtl mat23
f 1330/4810/1222 1329/4809/1222 1328/4808/1222 1327/4807/1222
f 1329/4814/1223 1332/4813/1223 1331/4812/1223 1328/4811/1223
f 1332/4818/1224 1334/4817/1224 1333/4816/1224 1331/4815/1224
f 1334/4822/1225 1330/4821/1225 1327/4820/1225 1333/4819/1225
f 1334/4826/1226 1332/4825/1226 1329/4824/1226 1330/4823/1226
f 1327/4830/1227 1328/4829/1227 1331/4828/1227 1333/4827/1227
o group1329892515
g mesh1329892515
usemtl mat23
f 1338/4834/1228 1337/4833/1228 1336/4832/1228 1335/4831/1228
f 1337/4838/1229 1340/4837/1229 1339/4836/1229 1336/4835/1229
f 1340/4842/1230 1342/4841/1230 1341/4840/1230 1339/4839/1230
f 1342/4846/1231 1338/4845/1231 1335/4844/1231 1341/4843/1231
f 1342/4850/1232 1340/4849/1232 1337/4848/1232 1338/4847/1232
f 1346/4854/1233 1345/4853/1233 1344/4852/1233 1343/4851/1233
f 1343/4858/1234 1344/4857/1234 1339/4856/1234 1341/4855/1234
f 1344/4862/1235 1345/4861/1235 1336/4860/1235 1339/4859/1235
f 1345/4866/1236 1346/4865/1236 1335/4864/1236 1336/4863/1236
f 1346/4870/1237 1343/4869/1237 1341/4868/1237 1335/4867/1237
o group2124350623
g mesh2124350623
usemtl mat23
f 1350/4874/1238 1349/4873/1238 1348/4872/1238 1347/4871/1238
f 1349/4878/1239 1352/4877/1239 1351/4876/1239 1348/4875/1239
f 1352/4882/1240 1354/4881/1240 1353/4880/1240 1351/4879/1240
f 1354/4886/1241 1350/4885/1241 1347/4884/1241 1353/4883/1241
f 1354/4890/1242 1352/4889/1242 1349/4888/1242 1350/4887/1242
f 1358/4894/1243 1357/4893/1243 1356/4892/1243 1355/4891/1243
f 1355/4898/1244 1356/4897/1244 1351/4896/1244 1353/4895/1244
f 1356/4902/1245 1357/4901/1245 1348/4900/1245 1351/4899/1245
f 1357/4906/1246 1358/4905/1246 1347/4904/1246 1348/4903/1246
f 1358/4910/1247 1355/4909/1247 1353/4908/1247 1347/4907/1247
o group1225063151
g mesh1225063151
usemtl mat13
f 1362/4914/1248 1361/4913/1248 1360/4912/1248 1359/4911/1248
f 1361/4918/1249 1364/4917/1249 1363/4916/1249 1360/4915/1249
f 1364/4922/1250 1366/4921/1250 1365/4920/1250 1363/4919/1250
f 1366/4926/1251 1362/4925/1251 1359/4924/1251 1365/4923/1251
f 1366/4930/1252 1364/4929/1252 1361/4928/1252 1362/4927/1252
f 1359/4934/1253 1360/4933/1253 1363/4932/1253 1365/4931/1253
o group1246157105
g mesh1246157105
usemtl mat23
f 1370/4938/1254 1369/4937/1254 1368/4936/1254 1367/4935/1254
f 1369/4942/1255 1372/4941/1255 1371/4940/1255 1368/4939/1255
f 1372/4946/1256 1374/4945/1256 1373/4944/1256 1371/4943/1256
f 1374/4950/1257 1370/4949/1257 1367/4948/1257 1373/4947/1257
f 1374/4954/1258 1372/4953/1258 1369/4952/1258 1370/4951/1258
f 1367/4958/1259 1368/4957/1259 1371/4956/1259 1373/4955/1259
o group362266496
g mesh362266496
usemtl mat23
f 1378/4962/1260 1377/4961/1260 1376/4960/1260 1375/4959/1260
f 1377/4966/1261 1380/4965/1261 1379/4964/1261 1376/4963/1261
f 1380/4970/1262 1382/4969/1262 1381/4968/1262 1379/4967/1262
f 1382/4974/1263 1378/4973/1263 1375/4972/1263 1381/4971/1263
f 1382/4978/1264 1380/4977/1264 1377/4976/1264 1378/4975/1264
f 1375/4982/1265 1376/4981/1265 1379/4980/1265 1381/4979/1265
o group1957328201
g mesh1957328201
usemtl mat23
f 1386/4986/1266 1385/4985/1266 1384/4984/1266 1383/4983/1266
f 1385/4990/1267 1388/4989/1267 1387/4988/1267 1384/4987/1267
f 1388/4994/1268 1390/4993/1268 1389/4992/1268 1387/4991/1268
f 1390/4998/1269 1386/4997/1269 1383/4996/1269 1389/4995/1269
f 1390/5002/1270 1388/5001/1270 1385/5000/1270 1386/4999/1270
f 1383/5006/1271 1384/5005/1271 1387/5004/1271 1389/5003/1271
o group473381025
g mesh473381025
usemtl mat23
f 1394/5010/1272 1393/5009/1272 1392/5008/1272 1391/5007/1272
f 1393/5014/1273 1396/5013/1273 1395/5012/1273 1392/5011/1273
f 1396/5018/1274 1398/5017/1274 1397/5016/1274 1395/5015/1274
f 1398/5022/1275 1394/5021/1275 1391/5020/1275 1397/5019/1275
f 1398/5026/1276 1396/5025/1276 1393/5024/1276 1394/5023/1276
f 1391/5030/1277 1392/5029/1277 1395/5028/1277 1397/5027/1277
o group643059052
g mesh643059052
usemtl mat23
f 1402/5034/1278 1401/5033/1278 1400/5032/1278 1399/5031/1278
f 1401/5038/1279 1404/5037/1279 1403/5036/1279 1400/5035/1279
f 1404/5042/1280 1406/5041/1280 1405/5040/1280 1403/5039/1280
f 1406/5046/1281 1402/5045/1281 1399/5044/1281 1405/5043/1281
f 1406/5050/1282 1404/5049/1282 1401/5048/1282 1402/5047/1282
f 1399/5054/1283 1400/5053/1283 1403/5052/1283 1405/5051/1283
o group156684033
g mesh156684033
usemtl mat19
f 1410/5058/1284 1409/5057/1284 1408/5056/1284 1407/5055/1284
f 1409/5062/1285 1412/5061/1285 1411/5060/1285 1408/5059/1285
f 1412/5066/1286 1414/5065/1286 1413/5064/1286 1411/5063/1286
f 1414/5070/1287 1410/5069/1287 1407/5068/1287 1413/5067/1287
f 1418/5074/1288 1417/5073/1288 1416/5072/1288 1415/5071/1288
f 1407/5078/1289 1408/5077/1289 1411/5076/1289 1413/5075/1289
f 1420/5082/1290 1419/5081/1290 1409/5080/1290 1410/5079/1290
f 1419/5086/1291 1421/5085/1291 1412/5084/1291 1409/5083/1291
f 1421/5090/1292 1422/5089/1292 1414/5088/1292 1412/5087/1292
f 1422/5094/1293 1420/5093/1293 1410/5092/1293 1414/5091/1293
f 1415/5098/1294 1416/5097/1294 1419/5096/1294 1420/5095/1294
f 1416/5102/1295 1417/5101/1295 1421/5100/1295 1419/5099/1295
f 1417/5106/1296 1418/5105/1296 1422/5104/1296 1421/5103/1296
f 1418/5110/1297 1415/5109/1297 1420/5108/1297 1422/5107/1297
o group674681818
g mesh674681818
usemtl mat19
f 1426/5114/1298 1425/5113/1298 1424/5112/1298 1423/5111/1298
f 1425/5118/1299 1428/5117/1299 1427/5116/1299 1424/5115/1299
f 1428/5122/1300 1430/5121/1300 1429/5120/1300 1427/5119/1300
f 1430/5126/1301 1426/5125/1301 1423/5124/1301 1429/5123/1301
f 1434/5130/1302 1433/5129/1302 1432/5128/1302 1431/5127/1302
f 1423/5134/1303 1424/5133/1303 1427/5132/1303 1429/5131/1303
f 1436/5138/1304 1435/5137/1304 1425/5136/1304 1426/5135/1304
f 1435/5142/1305 1437/5141/1305 1428/5140/1305 1425/5139/1305
f 1437/5146/1306 1438/5145/1306 1430/5144/1306 1428/5143/1306
f 1438/5150/1307 1436/5149/1307 1426/5148/1307 1430/5147/1307
f 1431/5154/1308 1432/5153/1308 1435/5152/1308 1436/5151/1308
f 1432/5158/1309 1433/5157/1309 1437/5156/1309 1435/5155/1309
f 1433/5162/1310 1434/5161/1310 1438/5160/1310 1437/5159/1310
f 1434/5166/1311 1431/5165/1311 1436/5164/1311 1438/5163/1311
o group1995360865
g mesh1995360865
usemtl mat23
f 1442/5170/1312 1441/5169/1312 1440/5168/1312 1439/5167/1312
f 1441/5174/1313 1444/5173/1313 1443/5172/1313 1440/5171/1313
f 1444/5178/1314 1446/5177/1314 1445/5176/1314 1443/5175/1314
f 1446/5182/1315 1442/5181/1315 1439/5180/1315 1445/5179/1315
f 1446/5186/1316 1444/5185/1316 1441/5184/1316 1442/5183/1316
f 1439/5190/1317 1440/5189/1317 1443/5188/1317 1445/5187/1317
o group813558531
g mesh813558531
usemtl mat23
f 1450/5194/1318 1449/5193/1318 1448/5192/1318 1447/5191/1318
f 1449/5198/1319 1452/5197/1319 1451/5196/1319 1448/5195/1319
f 1452/5202/1320 1454/5201/1320 1453/5200/1320 1451/5199/1320
f 1454/5206/1321 1450/5205/1321 1447/5204/1321 1453/5203/1321
f 1454/5210/1322 1452/5209/1322 1449/5208/1322 1450/5207/1322
f 1447/5214/1323 1448/5213/1323 1451/5212/1323 1453/5211/1323
o group1016464439
g mesh1016464439
usemtl mat23
f 1458/5218/1324 1457/5217/1324 1456/5216/1324 1455/5215/1324
f 1457/5222/1325 1460/5221/1325 1459/5220/1325 1456/5219/1325
f 1460/5226/1326 1462/5225/1326 1461/5224/1326 1459/5223/1326
f 1462/5230/1327 1458/5229/1327 1455/5228/1327 1461/5227/1327
f 1462/5234/1328 1460/5233/1328 1457/5232/1328 1458/5231/1328
f 1455/5238/1329 1456/5237/1329 1459/5236/1329 1461/5235/1329
o group1733722439
g mesh1733722439
usemtl mat23
f 1466/5242/1330 1465/5241/1330 1464/5240/1330 1463/5239/1330
f 1465/5246/1331 1468/5245/1331 1467/5244/1331 1464/5243/1331
f 1468/5250/1332 1470/5249/1332 1469/5248/1332 1467/5247/1332
f 1470/5254/1333 1466/5253/1333 1463/5252/1333 1469/5251/1333
f 1470/5258/1334 1468/5257/1334 1465/5256/1334 1466/5255/1334
f 1463/5262/1335 1464/5261/1335 1467/5260/1335 1469/5259/1335
o group1837686420
g mesh1837686420
usemtl mat23
f 1474/5266/1336 1473/5265/1336 1472/5264/1336 1471/5263/1336
f 1473/5270/1337 1476/5269/1337 1475/5268/1337 1472/5267/1337
f 1476/5274/1338 1478/5273/1338 1477/5272/1338 1475/5271/1338
f 1478/5278/1339 1474/5277/1339 1471/5276/1339 1477/5275/1339
f 1478/5282/1340 1476/5281/1340 1473/5280/1340 1474/5279/1340
f 1471/5286/1341 1472/5285/1341 1475/5284/1341 1477/5283/1341
o group390933700
g mesh390933700
usemtl mat23
f 1482/5290/1342 1481/5289/1342 1480/5288/1342 1479/5287/1342
f 1481/5294/1343 1484/5293/1343 1483/5292/1343 1480/5291/1343
f 1484/5298/1344 1486/5297/1344 1485/5296/1344 1483/5295/1344
f 1486/5302/1345 1482/5301/1345 1479/5300/1345 1485/5299/1345
f 1486/5306/1346 1484/5305/1346 1481/5304/1346 1482/5303/1346
f 1479/5310/1347 1480/5309/1347 1483/5308/1347 1485/5307/1347
o group1441475205
g mesh1441475205
usemtl mat23
f 1498/5338/1354 1497/5337/1354 1496/5336/1354 1495/5335/1354
f 1497/5342/1355 1500/5341/1355 1499/5340/1355 1496/5339/1355
f 1500/5346/1356 1502/5345/1356 1501/5344/1356 1499/5343/1356
f 1502/5350/1357 1498/5349/1357 1495/5348/1357 1501/5347/1357
f 1502/5354/1358 1500/5353/1358 1497/5352/1358 1498/5351/1358
f 1495/5358/1359 1496/5357/1359 1499/5356/1359 1501/5355/1359
o group1340017951
g mesh1340017951
usemtl mat23
f 1506/5362/1360 1505/5361/1360 1504/5360/1360 1503/5359/1360
f 1505/5366/1361 1508/5365/1361 1507/5364/1361 1504/5363/1361
f 1508/5370/1362 1510/5369/1362 1509/5368/1362 1507/5367/1362
f 1510/5374/1363 1506/5373/1363 1503/5372/1363 1509/5371/1363
f 1510/5378/1364 1508/5377/1364 1505/5376/1364 1506/5375/1364
f 1503/5382/1365 1504/5381/1365 1507/5380/1365 1509/5379/1365
o group327259437
g mesh327259437
usemtl mat23
f 1514/5386/1366 1513/5385/1366 1512/5384/1366 1511/5383/1366
f 1513/5390/1367 1516/5389/1367 1515/5388/1367 1512/5387/1367
f 1516/5394/1368 1518/5393/1368 1517/5392/1368 1515/5391/1368
f 1518/5398/1369 1514/5397/1369 1511/5396/1369 1517/5395/1369
f 1518/5402/1370 1516/5401/1370 1513/5400/1370 1514/5399/1370
f 1511/5406/1371 1512/5405/1371 1515/5404/1371 1517/5403/1371
o group2047933167
g mesh2047933167
usemtl mat23
f 1522/5410/1372 1521/5409/1372 1520/5408/1372 1519/5407/1372
f 1521/5414/1373 1524/5413/1373 1523/5412/1373 1520/5411/1373
f 1524/5418/1374 1526/5417/1374 1525/5416/1374 1523/5415/1374
f 1526/5422/1375 1522/5421/1375 1519/5420/1375 1525/5419/1375
f 1526/5426/1376 1524/5425/1376 1521/5424/1376 1522/5423/1376
f 1519/5430/1377 1520/5429/1377 1523/5428/1377 1525/5427/1377
o group1836314667
g mesh1836314667
usemtl mat13
f 1530/5434/1378 1529/5433/1378 1528/5432/1378 1527/5431/1378
f 1529/5438/1379 1532/5437/1379 1531/5436/1379 1528/5435/1379
f 1532/5442/1380 1534/5441/1380 1533/5440/1380 1531/5439/1380
f 1534/5446/1381 1530/5445/1381 1527/5444/1381 1533/5443/1381
f 1534/5450/1382 1532/5449/1382 1529/5448/1382 1530/5447/1382
f 1527/5454/1383 1528/5453/1383 1531/5452/1383 1533/5451/1383
o group1698289239
g mesh1698289239
usemtl mat20
f 1649/5793/1468 1648/5792/1468 1647/5791/1468
f 1652/5796/1469 1651/5795/1469 1650/5794/1469
f 1653/5799/1470 1650/5798/1470 1647/5797/1470
f 1651/5803/1471 1656/5802/1471 1655/5801/1471 1654/5800/1471
f 1657/5806/1472 1654/5805/1472 1647/5804/1472
f 1655/5809/1473 1656/5808/1473 1653/5807/1473
f 1658/5812/1474 1651/5811/1474 1654/5810/1474
f 1659/5815/1475 1650/5814/1475 1651/5813/1475
f 1659/5818/1476 1647/5817/1476 1650/5816/1476
f 1662/5822/1477 1661/5821/1477 1657/5820/1477 1660/5819/1477
f 1647/5825/1478 1660/5824/1478 1657/5823/1478
f 1659/5828/1479 1660/5827/1479 1647/5826/1479
f 1654/5831/1480 1657/5830/1480 1658/5829/1480
f 1651/5834/1481 1658/5833/1481 1659/5832/1481
f 1663/5837/1482 1658/5836/1482 1657/5835/1482
f 1664/5840/1483 1659/5839/1483 1658/5838/1483
f 1664/5843/1484 1660/5842/1484 1659/5841/1484
f 1664/5847/1485 1663/5846/1485 1661/5845/1485 1662/5844/1485
f 1664/5850/1486 1662/5849/1486 1660/5848/1486
f 1657/5853/1487 1661/5852/1487 1663/5851/1487
f 1658/5856/1488 1663/5855/1488 1664/5854/1488
f 1665/5859/1489 1655/5858/1489 1648/5857/1489
f 1666/5862/1490 1654/5861/1490 1655/5860/1490
f 1666/5865/1491 1647/5864/1491 1654/5863/1491
f 1668/5868/1492 1649/5867/1492 1667/5866/1492
f 1647/5871/1493 1667/5870/1493 1649/5869/1493
f 1666/5874/1494 1667/5873/1494 1647/5872/1494
f 1670/5877/1495 1669/5876/1495 1665/5875/1495
f 1655/5880/1496 1665/5879/1496 1666/5878/1496
f 1668/5883/1497 1665/5882/1497 1649/5881/1497
f 1671/5886/1498 1666/5885/1498 1665/5884/1498
f 1672/5889/1499 1667/5888/1499 1666/5887/1499
f 1667/5892/1500 1672/5891/1500 1668/5890/1500
f 1668/5895/1501 1672/5894/1501 1666/5893/1501
f 1673/5898/1502 1656/5897/1502 1651/5896/1502
f 1674/5901/1503 1653/5900/1503 1656/5899/1503
f 1674/5904/1504 1650/5903/1504 1653/5902/1504
f 1676/5907/1505 1652/5906/1505 1675/5905/1505
f 1650/5910/1506 1675/5909/1506 1652/5908/1506
f 1674/5913/1507 1675/5912/1507 1650/5911/1507
f 1651/5916/1508 1652/5915/1508 1673/5914/1508
f 1656/5919/1509 1673/5918/1509 1674/5917/1509
f 1676/5923/1510 1677/5922/1510 1673/5921/1510 1652/5920/1510
f 1677/5926/1511 1674/5925/1511 1673/5924/1511
f 1677/5930/1512 1676/5929/1512 1675/5928/1512 1674/5927/1512
f 1678/5933/1513 1668/5932/1513 1666/5931/1513
f 1678/5936/1514 1665/5935/1514 1668/5934/1514
f 1680/5939/1515 1671/5938/1515 1679/5937/1515
f 1665/5942/1516 1679/5941/1516 1671/5940/1516
f 1678/5945/1517 1679/5944/1517 1665/5943/1517
f 1666/5948/1518 1671/5947/1518 1678/5946/1518
f 1681/5951/1519 1678/5950/1519 1671/5949/1519
f 1682/5954/1520 1679/5953/1520 1678/5952/1520
f 1684/5957/1521 1680/5956/1521 1683/5955/1521
f 1679/5960/1522 1683/5959/1522 1680/5958/1522
f 1681/5963/1523 1683/5962/1523 1679/5961/1523
f 1671/5966/1524 1680/5965/1524 1681/5964/1524
f 1685/5969/1525 1681/5968/1525 1680/5967/1525
f 1686/5972/1526 1683/5971/1526 1681/5970/1526
f 1685/5975/1527 1684/5974/1527 1687/5973/1527
f 1683/5978/1528 1687/5977/1528 1684/5976/1528
f 1685/5981/1529 1687/5980/1529 1683/5979/1529
f 1680/5984/1530 1684/5983/1530 1685/5982/1530
f 1688/5987/1531 1648/5986/1531 1649/5985/1531
f 1688/5990/1532 1665/5989/1532 1648/5988/1532
f 1689/5993/1533 1669/5992/1533 1670/5991/1533
f 1688/5996/1534 1670/5995/1534 1665/5994/1534
f 1649/5999/1535 1669/5998/1535 1688/5997/1535
f 1690/6002/1536 1688/6001/1536 1669/6000/1536
f 1690/6005/1537 1670/6004/1537 1688/6003/1537
f 1690/6008/1538 1689/6007/1538 1691/6006/1538
f 1670/6011/1539 1691/6010/1539 1689/6009/1539
f 1690/6014/1540 1691/6013/1540 1670/6012/1540
f 1669/6017/1541 1689/6016/1541 1690/6015/1541
f 1669/6020/1542 1649/6019/1542 1665/6018/1542
f 1647/6023/1543 1648/6022/1543 1653/6021/1543
f 1653/6026/1544 1648/6025/1544 1655/6024/1544
f 1692/6029/1545 1685/6028/1545 1683/6027/1545
f 1692/6032/1546 1681/6031/1546 1685/6030/1546
f 1692/6035/1547 1686/6034/1547 1693/6033/1547
f 1681/6038/1548 1693/6037/1548 1686/6036/1548
f 1692/6041/1549 1693/6040/1549 1681/6039/1549
f 1683/6044/1550 1686/6043/1550 1692/6042/1550
f 1694/6047/1551 1681/6046/1551 1679/6045/1551
f 1694/6050/1552 1678/6049/1552 1681/6048/1552
f 1694/6053/1553 1682/6052/1553 1695/6051/1553
f 1678/6056/1554 1695/6055/1554 1682/6054/1554
f 1694/6059/1555 1695/6058/1555 1678/6057/1555
f 1679/6062/1556 1682/6061/1556 1694/6060/1556
o group506492345
g mesh506492345
usemtl mat8
f 1771/6298/1615 1770/6297/1615 1769/6296/1615 1768/6295/1615
f 1775/6302/1616 1774/6301/1616 1773/6300/1616 1772/6299/1616
f 1769/6306/1617 1775/6305/1617 1772/6304/1617 1768/6303/1617
f 1773/6310/1618 1774/6309/1618 1770/6308/1618 1771/6307/1618
f 1772/6314/1619 1773/6313/1619 1771/6312/1619 1768/6311/1619
f 1770/6318/1620 1774/6317/1620 1775/6316/1620 1769/6315/1620
o group1025664944
g mesh1025664944
usemtl mat8
f 1779/6322/1621 1778/6321/1621 1777/6320/1621 1776/6319/1621
f 1783/6326/1622 1782/6325/1622 1781/6324/1622 1780/6323/1622
f 1777/6330/1623 1783/6329/1623 1780/6328/1623 1776/6327/1623
f 1781/6334/1624 1782/6333/1624 1778/6332/1624 1779/6331/1624
f 1780/6338/1625 1781/6337/1625 1779/6336/1625 1776/6335/1625
f 1778/6342/1626 1782/6341/1626 1783/6340/1626 1777/6339/1626
o group743360563
g mesh743360563
usemtl mat8
f 1787/6346/1627 1786/6345/1627 1785/6344/1627 1784/6343/1627
f 1791/6350/1628 1790/6349/1628 1789/6348/1628 1788/6347/1628
f 1785/6354/1629 1791/6353/1629 1788/6352/1629 1784/6351/1629
f 1789/6358/1630 1790/6357/1630 1786/6356/1630 1787/6355/1630
f 1788/6362/1631 1789/6361/1631 1787/6360/1631 1784/6359/1631
f 1786/6366/1632 1790/6365/1632 1791/6364/1632 1785/6363/1632
o group1331729933
g mesh1331729933
usemtl mat8
f 1795/6370/1633 1794/6369/1633 1793/6368/1633 1792/6367/1633
f 1799/6374/1634 1798/6373/1634 1797/6372/1634 1796/6371/1634
f 1793/6378/1635 1799/6377/1635 1796/6376/1635 1792/6375/1635
f 1797/6382/1636 1798/6381/1636 1794/6380/1636 1795/6379/1636
f 1796/6386/1637 1797/6385/1637 1795/6384/1637 1792/6383/1637
f 1794/6390/1638 1798/6389/1638 1799/6388/1638 1793/6387/1638
o group1520332166
g mesh1520332166
usemtl mat8
f 1803/6394/1639 1802/6393/1639 1801/6392/1639 1800/6391/1639
f 1807/6398/1640 1806/6397/1640 1805/6396/1640 1804/6395/1640
f 1801/6402/1641 1807/6401/1641 1804/6400/1641 1800/6399/1641
f 1805/6406/1642 1806/6405/1642 1802/6404/1642 1803/6403/1642
f 1804/6410/1643 1805/6409/1643 1803/6408/1643 1800/6407/1643
f 1802/6414/1644 1806/6413/1644 1807/6412/1644 1801/6411/1644
o group412583674
g mesh412583674
usemtl mat8
f 1811/6418/1645 1810/6417/1645 1809/6416/1645 1808/6415/1645
f 1815/6422/1646 1814/6421/1646 1813/6420/1646 1812/6419/1646
f 1809/6426/1647 1815/6425/1647 1812/6424/1647 1808/6423/1647
f 1813/6430/1648 1814/6429/1648 1810/6428/1648 1811/6427/1648
f 1812/6434/1649 1813/6433/1649 1811/6432/1649 1808/6431/1649
f 1810/6438/1650 1814/6437/1650 1815/6436/1650 1809/6435/1650
o group776507112
g mesh776507112
usemtl mat8
f 1819/6442/1651 1818/6441/1651 1817/6440/1651 1816/6439/1651
f 1823/6446/1652 1822/6445/1652 1821/6444/1652 1820/6443/1652
f 1817/6450/1653 1823/6449/1653 1820/6448/1653 1816/6447/1653
f 1821/6454/1654 1822/6453/1654 1818/6452/1654 1819/6451/1654
f 1820/6458/1655 1821/6457/1655 1819/6456/1655 1816/6455/1655
f 1818/6462/1656 1822/6461/1656 1823/6460/1656 1817/6459/1656
o group2131803719
g mesh2131803719
usemtl mat6
f 1827/6466/1657 1826/6465/1657 1825/6464/1657 1824/6463/1657
f 1831/6470/1658 1830/6469/1658 1829/6468/1658 1828/6467/1658
f 1825/6474/1659 1831/6473/1659 1828/6472/1659 1824/6471/1659
f 1829/6478/1660 1830/6477/1660 1826/6476/1660 1827/6475/1660
f 1828/6482/1661 1829/6481/1661 1827/6480/1661 1824/6479/1661
f 1826/6486/1662 1830/6485/1662 1831/6484/1662 1825/6483/1662
o group781874071
g mesh781874071
usemtl mat6
f 1835/6490/1663 1834/6489/1663 1833/6488/1663 1832/6487/1663
f 1839/6494/1664 1838/6493/1664 1837/6492/1664 1836/6491/1664
f 1833/6498/1665 1839/6497/1665 1836/6496/1665 1832/6495/1665
f 1837/6502/1666 1838/6501/1666 1834/6500/1666 1835/6499/1666
f 1836/6506/1667 1837/6505/1667 1835/6504/1667 1832/6503/1667
f 1834/6510/1668 1838/6509/1668 1839/6508/1668 1833/6507/1668
o group714015706
g mesh714015706
usemtl mat23
f 2331/8370/2133 2330/8369/2133 2329/8368/2133 2328/8367/2133
f 2332/8383/2137 2333/8382/2137 2328/8381/2137
f 2349/8447/2158 2330/8446/2158 2331/8445/2158
f 2329/8453/2160 2330/8452/2160 2347/8451/2160
f 2330/8478/2168 2349/8477/2168 2350/8476/2168
f 2371/8583/2202 2368/8582/2202 2357/8581/2202
f 2357/8598/2207 2370/8597/2207 2371/8596/2207
f 2380/8643/2222 2377/8642/2222 2375/8641/2222
f 2380/8649/2224 2378/8648/2224 2381/8647/2224
f 2375/8658/2227 2378/8657/2227 2380/8656/2227
usemtl mat20
f 2334/8373/2134 2333/8372/2134 2332/8371/2134
f 2329/8377/2135 2335/8376/2135 2332/8375/2135 2328/8374/2135
f 2333/8380/2136 2337/8379/2136 2336/8378/2136
f 2338/8386/2138 2335/8385/2138 2329/8384/2138
f 2340/8389/2139 2339/8388/2139 2333/8387/2139
f 2341/8392/2140 2335/8391/2140 2339/8390/2140
f 2341/8395/2141 2332/8394/2141 2335/8393/2141
f 2343/8398/2142 2334/8397/2142 2342/8396/2142
f 2332/8401/2143 2342/8400/2143 2334/8399/2143
f 2341/8404/2144 2342/8403/2144 2332/8402/2144
f 2333/8407/2145 2334/8406/2145 2340/8405/2145
f 2339/8410/2146 2340/8409/2146 2341/8408/2146
f 2344/8413/2147 2340/8412/2147 2334/8411/2147
f 2345/8416/2148 2341/8415/2148 2340/8414/2148
f 2345/8419/2149 2342/8418/2149 2341/8417/2149
f 2345/8423/2150 2344/8422/2150 2343/8421/2150 2346/8420/2150
f 2342/8426/2151 2346/8425/2151 2343/8424/2151
f 2345/8429/2152 2346/8428/2152 2342/8427/2152
f 2334/8432/2153 2343/8431/2153 2344/8430/2153
f 2340/8435/2154 2344/8434/2154 2345/8433/2154
f 2347/8438/2155 2337/8437/2155 2329/8436/2155
f 2348/8441/2156 2336/8440/2156 2337/8439/2156
f 2348/8444/2157 2328/8443/2157 2336/8442/2157
f 2348/8450/2159 2331/8449/2159 2328/8448/2159
f 2337/8456/2161 2347/8455/2161 2348/8454/2161
f 2350/8459/2162 2347/8458/2162 2330/8457/2162
f 2351/8462/2163 2348/8461/2163 2347/8460/2163
f 2351/8465/2164 2331/8464/2164 2348/8463/2164
f 2351/8469/2165 2350/8468/2165 2349/8467/2165 2352/8466/2165
f 2331/8472/2166 2352/8471/2166 2349/8470/2166
f 2351/8475/2167 2352/8474/2167 2331/8473/2167
f 2347/8481/2169 2350/8480/2169 2351/8479/2169
f 2353/8484/2170 2337/8483/2170 2339/8482/2170
f 2353/8487/2171 2329/8486/2171 2337/8485/2171
f 2354/8490/2172 2338/8489/2172 2329/8488/2172
f 2335/8493/2173 2338/8492/2173 2339/8491/2173
f 2355/8496/2174 2339/8495/2174 2338/8494/2174
f 2356/8499/2175 2353/8498/2175 2339/8497/2175
f 2357/8502/2176 2329/8501/2176 2353/8500/2176
f 2359/8505/2177 2354/8504/2177 2358/8503/2177
f 2329/8508/2178 2358/8507/2178 2354/8506/2178
f 2356/8511/2179 2358/8510/2179 2329/8509/2179
f 2338/8514/2180 2354/8513/2180 2360/8512/2180
f 2339/8517/2181 2360/8516/2181 2356/8515/2181
f 2359/8521/2182 2361/8520/2182 2360/8519/2182 2354/8518/2182
f 2362/8524/2183 2356/8523/2183 2360/8522/2183
f 2362/8528/2184 2363/8527/2184 2358/8526/2184 2356/8525/2184
f 2364/8531/2185 2359/8530/2185 2363/8529/2185
f 2358/8534/2186 2363/8533/2186 2359/8532/2186
f 2360/8537/2187 2361/8536/2187 2362/8535/2187
f 2365/8540/2188 2361/8539/2188 2359/8538/2188
f 2366/8543/2189 2362/8542/2189 2361/8541/2189
f 2366/8546/2190 2363/8545/2190 2362/8544/2190
f 2366/8550/2191 2365/8549/2191 2364/8548/2191 2367/8547/2191
f 2363/8553/2192 2367/8552/2192 2364/8551/2192
f 2366/8556/2193 2367/8555/2193 2363/8554/2193
f 2359/8559/2194 2364/8558/2194 2365/8557/2194
f 2361/8562/2195 2365/8561/2195 2366/8560/2195
f 2368/8565/2196 2356/8564/2196 2329/8563/2196
f 2368/8568/2197 2353/8567/2197 2356/8566/2197
f 2370/8571/2198 2357/8570/2198 2369/8569/2198
f 2353/8574/2199 2369/8573/2199 2357/8572/2199
f 2368/8577/2200 2369/8576/2200 2353/8575/2200
f 2329/8580/2201 2357/8579/2201 2368/8578/2201
f 2371/8586/2203 2369/8585/2203 2368/8584/2203
f 2371/8589/2204 2370/8588/2204 2372/8587/2204
f 2369/8592/2205 2372/8591/2205 2370/8590/2205
f 2371/8595/2206 2372/8594/2206 2369/8593/2206
f 2373/8601/2208 2360/8600/2208 2339/8599/2208
f 2374/8604/2209 2338/8603/2209 2360/8602/2209
f 2376/8607/2210 2355/8606/2210 2375/8605/2210
f 2338/8610/2211 2375/8609/2211 2355/8608/2211
f 2373/8613/2212 2375/8612/2212 2338/8611/2212
f 2339/8616/2213 2355/8615/2213 2373/8614/2213
f 2377/8619/2214 2373/8618/2214 2355/8617/2214
f 2378/8622/2215 2375/8621/2215 2373/8620/2215
f 2377/8625/2216 2376/8624/2216 2379/8623/2216
f 2375/8628/2217 2379/8627/2217 2376/8626/2217
f 2377/8631/2218 2379/8630/2218 2375/8629/2218
f 2355/8634/2219 2376/8633/2219 2377/8632/2219
f 2333/8637/2220 2339/8636/2220 2337/8635/2220
f 2333/8640/2221 2336/8639/2221 2328/8638/2221
f 2380/8646/2223 2373/8645/2223 2377/8644/2223
f 2373/8652/2225 2381/8651/2225 2378/8650/2225
f 2380/8655/2226 2381/8654/2226 2373/8653/2226
f 2382/8661/2228 2373/8660/2228 2338/8659/2228
f 2382/8664/2229 2360/8663/2229 2373/8662/2229
f 2382/8667/2230 2374/8666/2230 2383/8665/2230
f 2360/8670/2231 2383/8669/2231 2374/8668/2231
f 2382/8673/2232 2383/8672/2232 2360/8671/2232
f 2338/8676/2233 2374/8675/2233 2382/8674/2233
o group1806215185
g mesh1806215185
usemtl mat16
f 70/208/47 69/207/47 68/206/47 67/205/47
f 69/212/48 72/211/48 71/210/48 68/209/48
f 72/216/49 74/215/49 73/214/49 71/213/49
f 74/220/50 70/219/50 67/218/50 73/217/50
f 67/224/51 68/223/51 71/222/51 73/221/51
f 78/228/52 77/227/52 76/226/52 75/225/52
f 74/232/53 72/231/53 80/230/53 79/229/53
f 72/236/54 69/235/54 81/234/54 80/233/54
f 69/240/55 70/239/55 82/238/55 81/237/55
f 70/244/56 74/243/56 79/242/56 82/241/56
f 79/248/57 80/247/57 84/246/57 83/245/57
f 80/252/58 81/251/58 85/250/58 84/249/58
f 81/256/59 82/255/59 86/254/59 85/253/59
f 82/260/60 79/259/60 83/258/60 86/257/60
f 83/264/61 84/263/61 77/262/61 78/261/61
f 84/268/62 85/267/62 76/266/62 77/265/62
f 85/272/63 86/271/63 75/270/63 76/269/63
f 86/276/64 83/275/64 78/274/64 75/273/64
f 120/376/87 119/375/87 118/374/87 117/373/87
f 119/380/88 122/379/88 121/378/88 118/377/88
f 122/384/89 124/383/89 123/382/89 121/381/89
f 124/388/90 120/387/90 117/386/90 123/385/90
f 117/392/91 118/391/91 121/390/91 123/389/91
f 128/396/92 127/395/92 126/394/92 125/393/92
f 124/400/93 122/399/93 130/398/93 129/397/93
f 122/404/94 119/403/94 131/402/94 130/401/94
f 119/408/95 120/407/95 132/406/95 131/405/95
f 120/412/96 124/411/96 129/410/96 132/409/96
f 129/416/97 130/415/97 134/414/97 133/413/97
f 130/420/98 131/419/98 135/418/98 134/417/98
f 131/424/99 132/423/99 136/422/99 135/421/99
f 132/428/100 129/427/100 133/426/100 136/425/100
f 133/432/101 134/431/101 138/430/101 137/429/101
f 134/436/102 135/435/102 139/434/102 138/433/102
f 135/440/103 136/439/103 140/438/103 139/437/103
f 136/444/104 133/443/104 137/442/104 140/441/104
f 137/448/105 138/447/105 142/446/105 141/445/105
f 138/452/106 139/451/106 143/450/106 142/449/106
f 139/456/107 140/455/107 144/454/107 143/453/107
f 140/460/108 137/459/108 141/458/108 144/457/108
f 141/464/109 142/463/109 146/462/109 145/461/109
f 142/468/110 143/467/110 147/466/110 146/465/110
f 143/472/111 144/471/111 148/470/111 147/469/111
f 144/476/112 141/475/112 145/474/112 148/473/112
f 145/480/113 146/479/113 127/478/113 128/477/113
f 146/484/114 147/483/114 126/482/114 127/481/114
f 147/488/115 148/487/115 125/486/115 126/485/115
f 148/492/116 145/491/116 128/490/116 125/489/116
f 286/1024/253 285/1023/253 284/1022/253 283/1021/253
f 285/1028/254 288/1027/254 287/1026/254 284/1025/254
f 288/1032/255 290/1031/255 289/1030/255 287/1029/255
f 290/1036/256 286/1035/256 283/1034/256 289/1033/256
f 283/1040/257 284/1039/257 287/1038/257 289/1037/257
f 294/1044/258 293/1043/258 292/1042/258 291/1041/258
f 290/1048/259 288/1047/259 296/1046/259 295/1045/259
f 288/1052/260 285/1051/260 297/1050/260 296/1049/260
f 285/1056/261 286/1055/261 298/1054/261 297/1053/261
f 286/1060/262 290/1059/262 295/1058/262 298/1057/262
f 295/1064/263 296/1063/263 300/1062/263 299/1061/263
f 296/1068/264 297/1067/264 301/1066/264 300/1065/264
f 297/1072/265 298/1071/265 302/1070/265 301/1069/265
f 298/1076/266 295/1075/266 299/1074/266 302/1073/266
f 299/1080/267 300/1079/267 293/1078/267 294/1077/267
f 300/1084/268 301/1083/268 292/1082/268 293/1081/268
f 301/1088/269 302/1087/269 291/1086/269 292/1085/269
f 302/1092/270 299/1091/270 294/1090/270 291/1089/270
f 306/1096/271 305/1095/271 304/1094/271 303/1093/271
f 305/1100/272 308/1099/272 307/1098/272 304/1097/272
f 308/1104/273 310/1103/273 309/1102/273 307/1101/273
f 310/1108/274 306/1107/274 303/1106/274 309/1105/274
f 303/1112/275 304/1111/275 307/1110/275 309/1109/275
f 314/1116/276 313/1115/276 312/1114/276 311/1113/276
f 310/1120/277 308/1119/277 316/1118/277 315/1117/277
f 308/1124/278 305/1123/278 317/1122/278 316/1121/278
f 305/1128/279 306/1127/279 318/1126/279 317/1125/279
f 306/1132/280 310/1131/280 315/1130/280 318/1129/280
f 315/1136/281 316/1135/281 320/1134/281 319/1133/281
f 316/1140/282 317/1139/282 321/1138/282 320/1137/282
f 317/1144/283 318/1143/283 322/1142/283 321/1141/283
f 318/1148/284 315/1147/284 319/1146/284 322/1145/284
f 319/1152/285 320/1151/285 313/1150/285 314/1149/285
f 320/1156/286 321/1155/286 312/1154/286 313/1153/286
f 321/1160/287 322/1159/287 311/1158/287 312/1157/287
f 322/1164/288 319/1163/288 314/1162/288 311/1161/288
f 334/1192/295 333/1191/295 332/1190/295 331/1189/295
f 338/1196/296 337/1195/296 336/1194/296 335/1193/296
f 332/1200/297 338/1199/297 335/1198/297 331/1197/297
f 336/1204/298 337/1203/298 333/1202/298 334/1201/298
f 335/1208/299 336/1207/299 334/1206/299 331/1205/299
f 333/1212/300 337/1211/300 338/1210/300 332/1209/300
o group256546425
g mesh256546425
usemtl mat8
f 358/1272/317 357/1271/317 356/1270/317 355/1269/317
f 357/1276/318 360/1275/318 359/1274/318 356/1273/318
f 360/1280/319 362/1279/319 361/1278/319 359/1277/319
f 362/1284/320 358/1283/320 355/1282/320 361/1281/320
f 362/1288/321 360/1287/321 357/1286/321 358/1285/321
f 355/1292/322 356/1291/322 359/1290/322 361/1289/322
o group2102693569
g mesh2102693569
usemtl mat16
f 436/1582/408 435/1581/408 434/1580/408 433/1579/408
f 435/1586/409 438/1585/409 437/1584/409 434/1583/409
f 438/1590/410 440/1589/410 439/1588/410 437/1587/410
f 440/1594/411 436/1593/411 433/1592/411 439/1591/411
f 440/1598/412 438/1597/412 435/1596/412 436/1595/412
f 433/1602/413 434/1601/413 437/1600/413 439/1599/413
o group1398912505
g mesh1398912505
usemtl mat8
f 576/2098/542 575/2097/542 574/2096/542 573/2095/542
f 575/2102/543 578/2101/543 577/2100/543 574/2099/543
f 578/2106/544 580/2105/544 579/2104/544 577/2103/544
f 580/2110/545 576/2109/545 573/2108/545 579/2107/545
f 580/2114/546 578/2113/546 575/2112/546 576/2111/546
f 573/2118/547 574/2117/547 577/2116/547 579/2115/547
o group452778239
g mesh452778239
usemtl mat19
f 584/2122/548 583/2121/548 582/2120/548 581/2119/548
f 583/2126/549 586/2125/549 585/2124/549 582/2123/549
f 586/2130/550 588/2129/550 587/2128/550 585/2127/550
f 588/2134/551 584/2133/551 581/2132/551 587/2131/551
f 588/2138/552 586/2137/552 583/2136/552 584/2135/552
f 581/2142/553 582/2141/553 585/2140/553 587/2139/553
o group324990527
g mesh324990527
usemtl mat8
f 592/2146/554 591/2145/554 590/2144/554 589/2143/554
f 591/2150/555 594/2149/555 593/2148/555 590/2147/555
f 594/2154/556 596/2153/556 595/2152/556 593/2151/556
f 596/2158/557 592/2157/557 589/2156/557 595/2155/557
f 596/2162/558 594/2161/558 591/2160/558 592/2159/558
f 589/2166/559 590/2165/559 593/2164/559 595/2163/559
o group1463539435
g mesh1463539435
usemtl mat16
f 600/2170/560 599/2169/560 598/2168/560 597/2167/560
f 599/2174/561 602/2173/561 601/2172/561 598/2171/561
f 602/2178/562 604/2177/562 603/2176/562 601/2175/562
f 604/2182/563 600/2181/563 597/2180/563 603/2179/563
f 604/2186/564 602/2185/564 599/2184/564 600/2183/564
f 597/2190/565 598/2189/565 601/2188/565 603/2187/565
o group871192152
g mesh871192152
usemtl mat16
f 620/2242/580 619/2241/580 618/2240/580 617/2239/580
f 619/2246/581 622/2245/581 621/2244/581 618/2243/581
f 622/2250/582 624/2249/582 623/2248/582 621/2247/582
f 624/2254/583 620/2253/583 617/2252/583 623/2251/583
f 624/2258/584 622/2257/584 619/2256/584 620/2255/584
f 617/2262/585 618/2261/585 621/2260/585 623/2259/585
o group513600846
g mesh513600846
usemtl mat21
f 636/2290/592 635/2289/592 634/2288/592 633/2287/592
f 635/2294/593 638/2293/593 637/2292/593 634/2291/593
f 638/2298/594 640/2297/594 639/2296/594 637/2295/594
f 640/2302/595 636/2301/595 633/2300/595 639/2299/595
f 640/2306/596 638/2305/596 635/2304/596 636/2303/596
f 633/2310/597 634/2309/597 637/2308/597 639/2307/597
o group1559095498
g mesh1559095498
usemtl mat8
f 766/2802/724 765/2801/724 764/2800/724 763/2799/724
f 765/2806/725 768/2805/725 767/2804/725 764/2803/725
f 768/2810/726 770/2809/726 769/2808/726 767/2807/726
f 770/2814/727 766/2813/727 763/2812/727 769/2811/727
f 770/2818/728 768/2817/728 765/2816/728 766/2815/728
f 763/2822/729 764/2821/729 767/2820/729 769/2819/729
o group482970696
g mesh482970696
usemtl mat8
f 1014/3700/943 1013/3699/943 1012/3698/943 1011/3697/943
f 1013/3704/944 1016/3703/944 1015/3702/944 1012/3701/944
f 1016/3708/945 1018/3707/945 1017/3706/945 1015/3705/945
f 1018/3712/946 1014/3711/946 1011/3710/946 1017/3709/946
f 1018/3716/947 1016/3715/947 1013/3714/947 1014/3713/947
f 1011/3720/948 1012/3719/948 1015/3718/948 1017/3717/948
o group540102913
g mesh540102913
usemtl mat8
f 1030/3748/955 1029/3747/955 1028/3746/955 1027/3745/955
f 1029/3752/956 1032/3751/956 1031/3750/956 1028/3749/956
f 1032/3756/957 1034/3755/957 1033/3754/957 1031/3753/957
f 1034/3760/958 1030/3759/958 1027/3758/958 1033/3757/958
f 1034/3764/959 1032/3763/959 1029/3762/959 1030/3761/959
f 1027/3768/960 1028/3767/960 1031/3766/960 1033/3765/960
o group1153180409
g mesh1153180409
usemtl mat8
f 1490/5314/1348 1489/5313/1348 1488/5312/1348 1487/5311/1348
f 1489/5318/1349 1492/5317/1349 1491/5316/1349 1488/5315/1349
f 1492/5322/1350 1494/5321/1350 1493/5320/1350 1491/5319/1350
f 1494/5326/1351 1490/5325/1351 1487/5324/1351 1493/5323/1351
f 1494/5330/1352 1492/5329/1352 1489/5328/1352 1490/5327/1352
f 1487/5334/1353 1488/5333/1353 1491/5332/1353 1493/5331/1353
o group1044847617
g mesh1044847617
usemtl mat20
f 1538/5458/1384 1537/5457/1384 1536/5456/1384 1535/5455/1384
f 1542/5462/1385 1541/5461/1385 1540/5460/1385 1539/5459/1385
f 1536/5466/1386 1542/5465/1386 1539/5464/1386 1535/5463/1386
f 1540/5470/1387 1541/5469/1387 1537/5468/1387 1538/5467/1387
f 1539/5474/1388 1540/5473/1388 1538/5472/1388 1535/5471/1388
f 1537/5478/1389 1541/5477/1389 1542/5476/1389 1536/5475/1389
usemtl mat17
f 1546/5482/1390 1545/5481/1390 1544/5480/1390 1543/5479/1390
f 1550/5486/1391 1549/5485/1391 1548/5484/1391 1547/5483/1391
f 1544/5490/1392 1550/5489/1392 1547/5488/1392 1543/5487/1392
f 1548/5494/1393 1549/5493/1393 1545/5492/1393 1546/5491/1393
f 1547/5498/1394 1548/5497/1394 1546/5496/1394 1543/5495/1394
f 1545/5502/1395 1549/5501/1395 1550/5500/1395 1544/5499/1395
f 1554/5506/1396 1553/5505/1396 1552/5504/1396 1551/5503/1396
f 1558/5510/1397 1557/5509/1397 1556/5508/1397 1555/5507/1397
f 1552/5514/1398 1558/5513/1398 1555/5512/1398 1551/5511/1398
f 1556/5518/1399 1557/5517/1399 1553/5516/1399 1554/5515/1399
f 1555/5522/1400 1556/5521/1400 1554/5520/1400 1551/5519/1400
f 1553/5526/1401 1557/5525/1401 1558/5524/1401 1552/5523/1401
f 1562/5530/1402 1561/5529/1402 1560/5528/1402 1559/5527/1402
f 1566/5534/1403 1565/5533/1403 1564/5532/1403 1563/5531/1403
f 1560/5538/1404 1566/5537/1404 1563/5536/1404 1559/5535/1404
f 1564/5542/1405 1565/5541/1405 1561/5540/1405 1562/5539/1405
f 1563/5546/1406 1564/5545/1406 1562/5544/1406 1559/5543/1406
f 1561/5550/1407 1565/5549/1407 1566/5548/1407 1560/5547/1407
f 1570/5554/1408 1569/5553/1408 1568/5552/1408 1567/5551/1408
f 1574/5558/1409 1573/5557/1409 1572/5556/1409 1571/5555/1409
f 1568/5562/1410 1574/5561/1410 1571/5560/1410 1567/5559/1410
f 1572/5566/1411 1573/5565/1411 1569/5564/1411 1570/5563/1411
f 1571/5570/1412 1572/5569/1412 1570/5568/1412 1567/5567/1412
f 1569/5574/1413 1573/5573/1413 1574/5572/1413 1568/5571/1413
f 1578/5578/1414 1577/5577/1414 1576/5576/1414 1575/5575/1414
f 1582/5582/1415 1581/5581/1415 1580/5580/1415 1579/5579/1415
f 1576/5586/1416 1582/5585/1416 1579/5584/1416 1575/5583/1416
f 1580/5590/1417 1581/5589/1417 1577/5588/1417 1578/5587/1417
f 1579/5594/1418 1580/5593/1418 1578/5592/1418 1575/5591/1418
f 1577/5598/1419 1581/5597/1419 1582/5596/1419 1576/5595/1419
f 1586/5602/1420 1585/5601/1420 1584/5600/1420 1583/5599/1420
f 1590/5606/1421 1589/5605/1421 1588/5604/1421 1587/5603/1421
f 1584/5610/1422 1590/5609/1422 1587/5608/1422 1583/5607/1422
f 1588/5614/1423 1589/5613/1423 1585/5612/1423 1586/5611/1423
f 1587/5618/1424 1588/5617/1424 1586/5616/1424 1583/5615/1424
f 1585/5622/1425 1589/5621/1425 1590/5620/1425 1584/5619/1425
f 1594/5626/1426 1593/5625/1426 1592/5624/1426 1591/5623/1426
f 1598/5630/1427 1597/5629/1427 1596/5628/1427 1595/5627/1427
f 1592/5634/1428 1598/5633/1428 1595/5632/1428 1591/5631/1428
f 1596/5638/1429 1597/5637/1429 1593/5636/1429 1594/5635/1429
f 1595/5642/1430 1596/5641/1430 1594/5640/1430 1591/5639/1430
f 1593/5646/1431 1597/5645/1431 1598/5644/1431 1592/5643/1431
f 1602/5650/1432 1601/5649/1432 1600/5648/1432 1599/5647/1432
f 1606/5654/1433 1605/5653/1433 1604/5652/1433 1603/5651/1433
f 1600/5658/1434 1606/5657/1434 1603/5656/1434 1599/5655/1434
f 1604/5662/1435 1605/5661/1435 1601/5660/1435 1602/5659/1435
f 1603/5666/1436 1604/5665/1436 1602/5664/1436 1599/5663/1436
f 1601/5670/1437 1605/5669/1437 1606/5668/1437 1600/5667/1437
f 1610/5674/1438 1609/5673/1438 1608/5672/1438 1607/5671/1438
f 1614/5678/1439 1613/5677/1439 1612/5676/1439 1611/5675/1439
f 1608/5682/1440 1614/5681/1440 1611/5680/1440 1607/5679/1440
f 1612/5686/1441 1613/5685/1441 1609/5684/1441 1610/5683/1441
f 1611/5690/1442 1612/5689/1442 1610/5688/1442 1607/5687/1442
f 1609/5694/1443 1613/5693/1443 1614/5692/1443 1608/5691/1443
f 1618/5698/1444 1617/5697/1444 1616/5696/1444 1615/5695/1444
f 1622/5702/1445 1621/5701/1445 1620/5700/1445 1619/5699/1445
f 1616/5706/1446 1622/5705/1446 1619/5704/1446 1615/5703/1446
f 1620/5710/1447 1621/5709/1447 1617/5708/1447 1618/5707/1447
f 1619/5714/1448 1620/5713/1448 1618/5712/1448 1615/5711/1448
f 1617/5718/1449 1621/5717/1449 1622/5716/1449 1616/5715/1449
f 1626/5722/1450 1625/5721/1450 1624/5720/1450 1623/5719/1450
f 1630/5726/1451 1629/5725/1451 1628/5724/1451 1627/5723/1451
f 1624/5730/1452 1630/5729/1452 1627/5728/1452 1623/5727/1452
f 1628/5734/1453 1629/5733/1453 1625/5732/1453 1626/5731/1453
f 1627/5738/1454 1628/5737/1454 1626/5736/1454 1623/5735/1454
f 1625/5742/1455 1629/5741/1455 1630/5740/1455 1624/5739/1455
f 1634/5746/1456 1633/5745/1456 1632/5744/1456 1631/5743/1456
f 1638/5750/1457 1637/5749/1457 1636/5748/1457 1635/5747/1457
f 1632/5754/1458 1638/5753/1458 1635/5752/1458 1631/5751/1458
f 1636/5758/1459 1637/5757/1459 1633/5756/1459 1634/5755/1459
f 1635/5762/1460 1636/5761/1460 1634/5760/1460 1631/5759/1460
f 1633/5766/1461 1637/5765/1461 1638/5764/1461 1632/5763/1461
f 1642/5770/1462 1641/5769/1462 1640/5768/1462 1639/5767/1462
f 1646/5774/1463 1645/5773/1463 1644/5772/1463 1643/5771/1463
f 1640/5778/1464 1646/5777/1464 1643/5776/1464 1639/5775/1464
f 1644/5782/1465 1645/5781/1465 1641/5780/1465 1642/5779/1465
f 1643/5786/1466 1644/5785/1466 1642/5784/1466 1639/5783/1466
f 1641/5790/1467 1645/5789/1467 1646/5788/1467 1640/5787/1467
o group711200147
g mesh711200147
usemtl mat20
f 1699/6066/1557 1698/6065/1557 1697/6064/1557 1696/6063/1557
f 1698/6070/1558 1701/6069/1558 1700/6068/1558 1697/6067/1558
f 1701/6074/1559 1703/6073/1559 1702/6072/1559 1700/6071/1559
f 1703/6078/1560 1699/6077/1560 1696/6076/1560 1702/6075/1560
f 1703/6082/1561 1701/6081/1561 1698/6080/1561 1699/6079/1561
f 1707/6086/1562 1706/6085/1562 1705/6084/1562 1704/6083/1562
f 1709/6090/1563 1708/6089/1563 1700/6088/1563 1702/6087/1563
f 1708/6094/1564 1710/6093/1564 1697/6092/1564 1700/6091/1564
f 1710/6098/1565 1711/6097/1565 1696/6096/1565 1697/6095/1565
f 1711/6102/1566 1709/6101/1566 1702/6100/1566 1696/6099/1566
f 1704/6106/1567 1705/6105/1567 1708/6104/1567 1709/6103/1567
f 1705/6110/1568 1706/6109/1568 1710/6108/1568 1708/6107/1568
f 1706/6114/1569 1707/6113/1569 1711/6112/1569 1710/6111/1569
f 1707/6118/1570 1704/6117/1570 1709/6116/1570 1711/6115/1570
o group1017049066
g mesh1017049066
usemtl mat21
f 1715/6122/1571 1714/6121/1571 1713/6120/1571 1712/6119/1571
f 1714/6126/1572 1717/6125/1572 1716/6124/1572 1713/6123/1572
f 1717/6130/1573 1719/6129/1573 1718/6128/1573 1716/6127/1573
f 1719/6134/1574 1715/6133/1574 1712/6132/1574 1718/6131/1574
f 1719/6138/1575 1717/6137/1575 1714/6136/1575 1715/6135/1575
f 1712/6142/1576 1713/6141/1576 1716/6140/1576 1718/6139/1576
o group185944298
g mesh185944298
usemtl mat21
f 1723/6146/1577 1722/6145/1577 1721/6144/1577 1720/6143/1577
f 1722/6150/1578 1725/6149/1578 1724/6148/1578 1721/6147/1578
f 1725/6154/1579 1727/6153/1579 1726/6152/1579 1724/6151/1579
f 1727/6158/1580 1723/6157/1580 1720/6156/1580 1726/6155/1580
f 1731/6162/1581 1730/6161/1581 1729/6160/1581 1728/6159/1581
f 1720/6166/1582 1721/6165/1582 1724/6164/1582 1726/6163/1582
f 1728/6170/1583 1729/6169/1583 1722/6168/1583 1723/6167/1583
f 1729/6174/1584 1730/6173/1584 1725/6172/1584 1722/6171/1584
f 1730/6178/1585 1731/6177/1585 1727/6176/1585 1725/6175/1585
f 1731/6182/1586 1728/6181/1586 1723/6180/1586 1727/6179/1586
o group1035859318
g mesh1035859318
usemtl mat21
f 1735/6186/1587 1734/6185/1587 1733/6184/1587 1732/6183/1587
f 1734/6190/1588 1737/6189/1588 1736/6188/1588 1733/6187/1588
f 1737/6194/1589 1739/6193/1589 1738/6192/1589 1736/6191/1589
f 1739/6198/1590 1735/6197/1590 1732/6196/1590 1738/6195/1590
f 1739/6202/1591 1737/6201/1591 1734/6200/1591 1735/6199/1591
f 1732/6206/1592 1733/6205/1592 1736/6204/1592 1738/6203/1592
o group711302610
g mesh711302610
usemtl mat21
f 1743/6210/1593 1742/6209/1593 1741/6208/1593 1740/6207/1593
f 1742/6214/1594 1745/6213/1594 1744/6212/1594 1741/6211/1594
f 1745/6218/1595 1747/6217/1595 1746/6216/1595 1744/6215/1595
f 1747/6222/1596 1743/6221/1596 1740/6220/1596 1746/6219/1596
f 1751/6226/1597 1750/6225/1597 1749/6224/1597 1748/6223/1597
f 1740/6230/1598 1741/6229/1598 1744/6228/1598 1746/6227/1598
f 1748/6234/1599 1749/6233/1599 1742/6232/1599 1743/6231/1599
f 1749/6238/1600 1750/6237/1600 1745/6236/1600 1742/6235/1600
f 1750/6242/1601 1751/6241/1601 1747/6240/1601 1745/6239/1601
f 1751/6246/1602 1748/6245/1602 1743/6244/1602 1747/6243/1602
o group1617905640
g mesh1617905640
usemtl mat21
f 1755/6250/1603 1754/6249/1603 1753/6248/1603 1752/6247/1603
f 1754/6254/1604 1757/6253/1604 1756/6252/1604 1753/6251/1604
f 1757/6258/1605 1759/6257/1605 1758/6256/1605 1756/6255/1605
f 1759/6262/1606 1755/6261/1606 1752/6260/1606 1758/6259/1606
f 1759/6266/1607 1757/6265/1607 1754/6264/1607 1755/6263/1607
f 1752/6270/1608 1753/6269/1608 1756/6268/1608 1758/6267/1608
o group156426009
g mesh156426009
usemtl mat16
f 1763/6274/1609 1762/6273/1609 1761/6272/1609 1760/6271/1609
f 1762/6278/1610 1765/6277/1610 1764/6276/1610 1761/6275/1610
f 1765/6282/1611 1767/6281/1611 1766/6280/1611 1764/6279/1611
f 1767/6286/1612 1763/6285/1612 1760/6284/1612 1766/6283/1612
f 1767/6290/1613 1765/6289/1613 1762/6288/1613 1763/6287/1613
f 1760/6294/1614 1761/6293/1614 1764/6292/1614 1766/6291/1614
o group2139738281
g mesh2139738281
usemtl mat8
f 1843/6514/1669 1842/6513/1669 1841/6512/1669 1840/6511/1669
f 1842/6518/1670 1845/6517/1670 1844/6516/1670 1841/6515/1670
f 1845/6522/1671 1847/6521/1671 1846/6520/1671 1844/6519/1671
f 1847/6526/1672 1843/6525/1672 1840/6524/1672 1846/6523/1672
f 1847/6530/1673 1845/6529/1673 1842/6528/1673 1843/6527/1673
f 1851/6534/1674 1850/6533/1674 1849/6532/1674 1848/6531/1674
f 1853/6538/1675 1852/6537/1675 1844/6536/1675 1846/6535/1675
f 1852/6542/1676 1854/6541/1676 1841/6540/1676 1844/6539/1676
f 1854/6546/1677 1855/6545/1677 1840/6544/1677 1841/6543/1677
f 1855/6550/1678 1853/6549/1678 1846/6548/1678 1840/6547/1678
f 1857/6554/1679 1856/6553/1679 1852/6552/1679 1853/6551/1679
f 1856/6558/1680 1858/6557/1680 1854/6556/1680 1852/6555/1680
f 1858/6562/1681 1859/6561/1681 1855/6560/1681 1854/6559/1681
f 1859/6566/1682 1857/6565/1682 1853/6564/1682 1855/6563/1682
f 1861/6570/1683 1860/6569/1683 1856/6568/1683 1857/6567/1683
f 1860/6574/1684 1862/6573/1684 1858/6572/1684 1856/6571/1684
f 1862/6578/1685 1863/6577/1685 1859/6576/1685 1858/6575/1685
f 1863/6582/1686 1861/6581/1686 1857/6580/1686 1859/6579/1686
f 1865/6586/1687 1864/6585/1687 1860/6584/1687 1861/6583/1687
f 1864/6590/1688 1866/6589/1688 1862/6588/1688 1860/6587/1688
f 1866/6594/1689 1867/6593/1689 1863/6592/1689 1862/6591/1689
f 1867/6598/1690 1865/6597/1690 1861/6596/1690 1863/6595/1690
f 1869/6602/1691 1868/6601/1691 1864/6600/1691 1865/6599/1691
f 1868/6606/1692 1870/6605/1692 1866/6604/1692 1864/6603/1692
f 1870/6610/1693 1871/6609/1693 1867/6608/1693 1866/6607/1693
f 1871/6614/1694 1869/6613/1694 1865/6612/1694 1867/6611/1694
f 1873/6618/1695 1872/6617/1695 1868/6616/1695 1869/6615/1695
f 1872/6622/1696 1874/6621/1696 1870/6620/1696 1868/6619/1696
f 1874/6626/1697 1875/6625/1697 1871/6624/1697 1870/6623/1697
f 1875/6630/1698 1873/6629/1698 1869/6628/1698 1871/6627/1698
f 1877/6634/1699 1876/6633/1699 1872/6632/1699 1873/6631/1699
f 1876/6638/1700 1878/6637/1700 1874/6636/1700 1872/6635/1700
f 1878/6642/1701 1879/6641/1701 1875/6640/1701 1874/6639/1701
f 1879/6646/1702 1877/6645/1702 1873/6644/1702 1875/6643/1702
f 1881/6650/1703 1880/6649/1703 1876/6648/1703 1877/6647/1703
f 1880/6654/1704 1882/6653/1704 1878/6652/1704 1876/6651/1704
f 1882/6658/1705 1883/6657/1705 1879/6656/1705 1878/6655/1705
f 1883/6662/1706 1881/6661/1706 1877/6660/1706 1879/6659/1706
f 1885/6666/1707 1884/6665/1707 1880/6664/1707 1881/6663/1707
f 1884/6670/1708 1886/6669/1708 1882/6668/1708 1880/6667/1708
f 1886/6674/1709 1887/6673/1709 1883/6672/1709 1882/6671/1709
f 1887/6678/1710 1885/6677/1710 1881/6676/1710 1883/6675/1710
f 1889/6682/1711 1888/6681/1711 1884/6680/1711 1885/6679/1711
f 1888/6686/1712 1890/6685/1712 1886/6684/1712 1884/6683/1712
f 1890/6690/1713 1891/6689/1713 1887/6688/1713 1886/6687/1713
f 1891/6694/1714 1889/6693/1714 1885/6692/1714 1887/6691/1714
f 1893/6698/1715 1892/6697/1715 1888/6696/1715 1889/6695/1715
f 1892/6702/1716 1894/6701/1716 1890/6700/1716 1888/6699/1716
f 1894/6706/1717 1895/6705/1717 1891/6704/1717 1890/6703/1717
f 1895/6710/1718 1893/6709/1718 1889/6708/1718 1891/6707/1718
f 1897/6714/1719 1896/6713/1719 1892/6712/1719 1893/6711/1719
f 1896/6718/1720 1898/6717/1720 1894/6716/1720 1892/6715/1720
f 1898/6722/1721 1899/6721/1721 1895/6720/1721 1894/6719/1721
f 1899/6726/1722 1897/6725/1722 1893/6724/1722 1895/6723/1722
f 1901/6730/1723 1900/6729/1723 1896/6728/1723 1897/6727/1723
f 1900/6734/1724 1902/6733/1724 1898/6732/1724 1896/6731/1724
f 1902/6738/1725 1903/6737/1725 1899/6736/1725 1898/6735/1725
f 1903/6742/1726 1901/6741/1726 1897/6740/1726 1899/6739/1726
f 1905/6746/1727 1904/6745/1727 1900/6744/1727 1901/6743/1727
f 1904/6750/1728 1906/6749/1728 1902/6748/1728 1900/6747/1728
f 1906/6754/1729 1907/6753/1729 1903/6752/1729 1902/6751/1729
f 1907/6758/1730 1905/6757/1730 1901/6756/1730 1903/6755/1730
f 1848/6762/1731 1849/6761/1731 1904/6760/1731 1905/6759/1731
f 1849/6766/1732 1850/6765/1732 1906/6764/1732 1904/6763/1732
f 1850/6770/1733 1851/6769/1733 1907/6768/1733 1906/6767/1733
f 1851/6774/1734 1848/6773/1734 1905/6772/1734 1907/6771/1734
f 1911/6778/1735 1910/6777/1735 1909/6776/1735 1908/6775/1735
f 1910/6782/1736 1913/6781/1736 1912/6780/1736 1909/6779/1736
f 1913/6786/1737 1915/6785/1737 1914/6784/1737 1912/6783/1737
f 1915/6790/1738 1911/6789/1738 1908/6788/1738 1914/6787/1738
f 1915/6794/1739 1913/6793/1739 1910/6792/1739 1911/6791/1739
f 1908/6798/1740 1909/6797/1740 1912/6796/1740 1914/6795/1740
usemtl mat13
f 1919/6802/1741 1918/6801/1741 1917/6800/1741 1916/6799/1741
f 1918/6806/1742 1921/6805/1742 1920/6804/1742 1917/6803/1742
f 1921/6810/1743 1923/6809/1743 1922/6808/1743 1920/6807/1743
f 1923/6814/1744 1919/6813/1744 1916/6812/1744 1922/6811/1744
f 1923/6818/1745 1921/6817/1745 1918/6816/1745 1919/6815/1745
f 1927/6822/1746 1926/6821/1746 1925/6820/1746 1924/6819/1746
f 1929/6826/1747 1928/6825/1747 1920/6824/1747 1922/6823/1747
f 1928/6830/1748 1930/6829/1748 1917/6828/1748 1920/6827/1748
f 1930/6834/1749 1931/6833/1749 1916/6832/1749 1917/6831/1749
f 1931/6838/1750 1929/6837/1750 1922/6836/1750 1916/6835/1750
f 1933/6842/1751 1932/6841/1751 1928/6840/1751 1929/6839/1751
f 1932/6846/1752 1934/6845/1752 1930/6844/1752 1928/6843/1752
f 1934/6850/1753 1935/6849/1753 1931/6848/1753 1930/6847/1753
f 1935/6854/1754 1933/6853/1754 1929/6852/1754 1931/6851/1754
f 1937/6858/1755 1936/6857/1755 1932/6856/1755 1933/6855/1755
f 1936/6862/1756 1938/6861/1756 1934/6860/1756 1932/6859/1756
f 1938/6866/1757 1939/6865/1757 1935/6864/1757 1934/6863/1757
f 1939/6870/1758 1937/6869/1758 1933/6868/1758 1935/6867/1758
f 1941/6874/1759 1940/6873/1759 1936/6872/1759 1937/6871/1759
f 1940/6878/1760 1942/6877/1760 1938/6876/1760 1936/6875/1760
f 1942/6882/1761 1943/6881/1761 1939/6880/1761 1938/6879/1761
f 1943/6886/1762 1941/6885/1762 1937/6884/1762 1939/6883/1762
f 1945/6890/1763 1944/6889/1763 1940/6888/1763 1941/6887/1763
f 1944/6894/1764 1946/6893/1764 1942/6892/1764 1940/6891/1764
f 1946/6898/1765 1947/6897/1765 1943/6896/1765 1942/6895/1765
f 1947/6902/1766 1945/6901/1766 1941/6900/1766 1943/6899/1766
f 1949/6906/1767 1948/6905/1767 1944/6904/1767 1945/6903/1767
f 1948/6910/1768 1950/6909/1768 1946/6908/1768 1944/6907/1768
f 1950/6914/1769 1951/6913/1769 1947/6912/1769 1946/6911/1769
f 1951/6918/1770 1949/6917/1770 1945/6916/1770 1947/6915/1770
f 1953/6922/1771 1952/6921/1771 1948/6920/1771 1949/6919/1771
f 1952/6926/1772 1954/6925/1772 1950/6924/1772 1948/6923/1772
f 1954/6930/1773 1955/6929/1773 1951/6928/1773 1950/6927/1773
f 1955/6934/1774 1953/6933/1774 1949/6932/1774 1951/6931/1774
f 1957/6938/1775 1956/6937/1775 1952/6936/1775 1953/6935/1775
f 1956/6942/1776 1958/6941/1776 1954/6940/1776 1952/6939/1776
f 1958/6946/1777 1959/6945/1777 1955/6944/1777 1954/6943/1777
f 1959/6950/1778 1957/6949/1778 1953/6948/1778 1955/6947/1778
f 1961/6954/1779 1960/6953/1779 1956/6952/1779 1957/6951/1779
f 1960/6958/1780 1962/6957/1780 1958/6956/1780 1956/6955/1780
f 1962/6962/1781 1963/6961/1781 1959/6960/1781 1958/6959/1781
f 1963/6966/1782 1961/6965/1782 1957/6964/1782 1959/6963/1782
f 1965/6970/1783 1964/6969/1783 1960/6968/1783 1961/6967/1783
f 1964/6974/1784 1966/6973/1784 1962/6972/1784 1960/6971/1784
f 1966/6978/1785 1967/6977/1785 1963/6976/1785 1962/6975/1785
f 1967/6982/1786 1965/6981/1786 1961/6980/1786 1963/6979/1786
f 1969/6986/1787 1968/6985/1787 1964/6984/1787 1965/6983/1787
f 1968/6990/1788 1970/6989/1788 1966/6988/1788 1964/6987/1788
f 1970/6994/1789 1971/6993/1789 1967/6992/1789 1966/6991/1789
f 1971/6998/1790 1969/6997/1790 1965/6996/1790 1967/6995/1790
f 1973/7002/1791 1972/7001/1791 1968/7000/1791 1969/6999/1791
f 1972/7006/1792 1974/7005/1792 1970/7004/1792 1968/7003/1792
f 1974/7010/1793 1975/7009/1793 1971/7008/1793 1970/7007/1793
f 1975/7014/1794 1973/7013/1794 1969/7012/1794 1971/7011/1794
f 1977/7018/1795 1976/7017/1795 1972/7016/1795 1973/7015/1795
f 1976/7022/1796 1978/7021/1796 1974/7020/1796 1972/7019/1796
f 1978/7026/1797 1979/7025/1797 1975/7024/1797 1974/7023/1797
f 1979/7030/1798 1977/7029/1798 1973/7028/1798 1975/7027/1798
f 1924/7034/1799 1925/7033/1799 1976/7032/1799 1977/7031/1799
f 1925/7038/1800 1926/7037/1800 1978/7036/1800 1976/7035/1800
f 1926/7042/1801 1927/7041/1801 1979/7040/1801 1978/7039/1801
f 1927/7046/1802 1924/7045/1802 1977/7044/1802 1979/7043/1802
usemtl mat12
f 1983/7050/1803 1982/7049/1803 1981/7048/1803 1980/7047/1803
f 1982/7054/1804 1985/7053/1804 1984/7052/1804 1981/7051/1804
f 1985/7058/1805 1987/7057/1805 1986/7056/1805 1984/7055/1805
f 1987/7062/1806 1983/7061/1806 1980/7060/1806 1986/7059/1806
f 1987/7066/1807 1985/7065/1807 1982/7064/1807 1983/7063/1807
f 1991/7070/1808 1990/7069/1808 1989/7068/1808 1988/7067/1808
f 1993/7074/1809 1992/7073/1809 1984/7072/1809 1986/7071/1809
f 1992/7078/1810 1994/7077/1810 1981/7076/1810 1984/7075/1810
f 1994/7082/1811 1995/7081/1811 1980/7080/1811 1981/7079/1811
f 1995/7086/1812 1993/7085/1812 1986/7084/1812 1980/7083/1812
f 1997/7090/1813 1996/7089/1813 1992/7088/1813 1993/7087/1813
f 1996/7094/1814 1998/7093/1814 1994/7092/1814 1992/7091/1814
f 1998/7098/1815 1999/7097/1815 1995/7096/1815 1994/7095/1815
f 1999/7102/1816 1997/7101/1816 1993/7100/1816 1995/7099/1816
f 2001/7106/1817 2000/7105/1817 1996/7104/1817 1997/7103/1817
f 2000/7110/1818 2002/7109/1818 1998/7108/1818 1996/7107/1818
f 2002/7114/1819 2003/7113/1819 1999/7112/1819 1998/7111/1819
f 2003/7118/1820 2001/7117/1820 1997/7116/1820 1999/7115/1820
f 2005/7122/1821 2004/7121/1821 2000/7120/1821 2001/7119/1821
f 2004/7126/1822 2006/7125/1822 2002/7124/1822 2000/7123/1822
f 2006/7130/1823 2007/7129/1823 2003/7128/1823 2002/7127/1823
f 2007/7134/1824 2005/7133/1824 2001/7132/1824 2003/7131/1824
f 2009/7138/1825 2008/7137/1825 2004/7136/1825 2005/7135/1825
f 2008/7142/1826 2010/7141/1826 2006/7140/1826 2004/7139/1826
f 2010/7146/1827 2011/7145/1827 2007/7144/1827 2006/7143/1827
f 2011/7150/1828 2009/7149/1828 2005/7148/1828 2007/7147/1828
f 2013/7154/1829 2012/7153/1829 2008/7152/1829 2009/7151/1829
f 2012/7158/1830 2014/7157/1830 2010/7156/1830 2008/7155/1830
f 2014/7162/1831 2015/7161/1831 2011/7160/1831 2010/7159/1831
f 2015/7166/1832 2013/7165/1832 2009/7164/1832 2011/7163/1832
f 2017/7170/1833 2016/7169/1833 2012/7168/1833 2013/7167/1833
f 2016/7174/1834 2018/7173/1834 2014/7172/1834 2012/7171/1834
f 2018/7178/1835 2019/7177/1835 2015/7176/1835 2014/7175/1835
f 2019/7182/1836 2017/7181/1836 2013/7180/1836 2015/7179/1836
f 2021/7186/1837 2020/7185/1837 2016/7184/1837 2017/7183/1837
f 2020/7190/1838 2022/7189/1838 2018/7188/1838 2016/7187/1838
f 2022/7194/1839 2023/7193/1839 2019/7192/1839 2018/7191/1839
f 2023/7198/1840 2021/7197/1840 2017/7196/1840 2019/7195/1840
f 2025/7202/1841 2024/7201/1841 2020/7200/1841 2021/7199/1841
f 2024/7206/1842 2026/7205/1842 2022/7204/1842 2020/7203/1842
f 2026/7210/1843 2027/7209/1843 2023/7208/1843 2022/7207/1843
f 2027/7214/1844 2025/7213/1844 2021/7212/1844 2023/7211/1844
f 2029/7218/1845 2028/7217/1845 2024/7216/1845 2025/7215/1845
f 2028/7222/1846 2030/7221/1846 2026/7220/1846 2024/7219/1846
f 2030/7226/1847 2031/7225/1847 2027/7224/1847 2026/7223/1847
f 2031/7230/1848 2029/7229/1848 2025/7228/1848 2027/7227/1848
f 2033/7234/1849 2032/7233/1849 2028/7232/1849 2029/7231/1849
f 2032/7238/1850 2034/7237/1850 2030/7236/1850 2028/7235/1850
f 2034/7242/1851 2035/7241/1851 2031/7240/1851 2030/7239/1851
f 2035/7246/1852 2033/7245/1852 2029/7244/1852 2031/7243/1852
f 2037/7250/1853 2036/7249/1853 2032/7248/1853 2033/7247/1853
f 2036/7254/1854 2038/7253/1854 2034/7252/1854 2032/7251/1854
f 2038/7258/1855 2039/7257/1855 2035/7256/1855 2034/7255/1855
f 2039/7262/1856 2037/7261/1856 2033/7260/1856 2035/7259/1856
f 2041/7266/1857 2040/7265/1857 2036/7264/1857 2037/7263/1857
f 2040/7270/1858 2042/7269/1858 2038/7268/1858 2036/7267/1858
f 2042/7274/1859 2043/7273/1859 2039/7272/1859 2038/7271/1859
f 2043/7278/1860 2041/7277/1860 2037/7276/1860 2039/7275/1860
f 2045/7282/1861 2044/7281/1861 2040/7280/1861 2041/7279/1861
f 2044/7286/1862 2046/7285/1862 2042/7284/1862 2040/7283/1862
f 2046/7290/1863 2047/7289/1863 2043/7288/1863 2042/7287/1863
f 2047/7294/1864 2045/7293/1864 2041/7292/1864 2043/7291/1864
f 1988/7298/1865 1989/7297/1865 2044/7296/1865 2045/7295/1865
f 1989/7302/1866 1990/7301/1866 2046/7300/1866 2044/7299/1866
f 1990/7306/1867 1991/7305/1867 2047/7304/1867 2046/7303/1867
f 1991/7310/1868 1988/7309/1868 2045/7308/1868 2047/7307/1868
f 2051/7314/1869 2050/7313/1869 2049/7312/1869 2048/7311/1869
f 2050/7318/1870 2053/7317/1870 2052/7316/1870 2049/7315/1870
f 2053/7322/1871 2055/7321/1871 2054/7320/1871 2052/7319/1871
f 2055/7326/1872 2051/7325/1872 2048/7324/1872 2054/7323/1872
f 2055/7330/1873 2053/7329/1873 2050/7328/1873 2051/7327/1873
f 2048/7334/1874 2049/7333/1874 2052/7332/1874 2054/7331/1874
usemtl mat9
f 2059/7338/1875 2058/7337/1875 2057/7336/1875 2056/7335/1875
f 2058/7342/1876 2061/7341/1876 2060/7340/1876 2057/7339/1876
f 2061/7346/1877 2063/7345/1877 2062/7344/1877 2060/7343/1877
f 2063/7350/1878 2059/7349/1878 2056/7348/1878 2062/7347/1878
f 2067/7354/1879 2066/7353/1879 2065/7352/1879 2064/7351/1879
f 2056/7358/1880 2057/7357/1880 2060/7356/1880 2062/7355/1880
f 2069/7362/1881 2068/7361/1881 2058/7360/1881 2059/7359/1881
f 2068/7366/1882 2070/7365/1882 2061/7364/1882 2058/7363/1882
f 2070/7370/1883 2071/7369/1883 2063/7368/1883 2061/7367/1883
f 2071/7374/1884 2069/7373/1884 2059/7372/1884 2063/7371/1884
f 2073/7378/1885 2072/7377/1885 2068/7376/1885 2069/7375/1885
f 2072/7382/1886 2074/7381/1886 2070/7380/1886 2068/7379/1886
f 2074/7386/1887 2075/7385/1887 2071/7384/1887 2070/7383/1887
f 2075/7390/1888 2073/7389/1888 2069/7388/1888 2071/7387/1888
f 2077/7394/1889 2076/7393/1889 2072/7392/1889 2073/7391/1889
f 2076/7398/1890 2078/7397/1890 2074/7396/1890 2072/7395/1890
f 2078/7402/1891 2079/7401/1891 2075/7400/1891 2074/7399/1891
f 2079/7406/1892 2077/7405/1892 2073/7404/1892 2075/7403/1892
f 2081/7410/1893 2080/7409/1893 2076/7408/1893 2077/7407/1893
f 2080/7414/1894 2082/7413/1894 2078/7412/1894 2076/7411/1894
f 2082/7418/1895 2083/7417/1895 2079/7416/1895 2078/7415/1895
f 2083/7422/1896 2081/7421/1896 2077/7420/1896 2079/7419/1896
f 2085/7426/1897 2084/7425/1897 2080/7424/1897 2081/7423/1897
f 2084/7430/1898 2086/7429/1898 2082/7428/1898 2080/7427/1898
f 2086/7434/1899 2087/7433/1899 2083/7432/1899 2082/7431/1899
f 2087/7438/1900 2085/7437/1900 2081/7436/1900 2083/7435/1900
f 2089/7442/1901 2088/7441/1901 2084/7440/1901 2085/7439/1901
f 2088/7446/1902 2090/7445/1902 2086/7444/1902 2084/7443/1902
f 2090/7450/1903 2091/7449/1903 2087/7448/1903 2086/7447/1903
f 2091/7454/1904 2089/7453/1904 2085/7452/1904 2087/7451/1904
f 2093/7458/1905 2092/7457/1905 2088/7456/1905 2089/7455/1905
f 2092/7462/1906 2094/7461/1906 2090/7460/1906 2088/7459/1906
f 2094/7466/1907 2095/7465/1907 2091/7464/1907 2090/7463/1907
f 2095/7470/1908 2093/7469/1908 2089/7468/1908 2091/7467/1908
f 2097/7474/1909 2096/7473/1909 2092/7472/1909 2093/7471/1909
f 2096/7478/1910 2098/7477/1910 2094/7476/1910 2092/7475/1910
f 2098/7482/1911 2099/7481/1911 2095/7480/1911 2094/7479/1911
f 2099/7486/1912 2097/7485/1912 2093/7484/1912 2095/7483/1912
f 2101/7490/1913 2100/7489/1913 2096/7488/1913 2097/7487/1913
f 2100/7494/1914 2102/7493/1914 2098/7492/1914 2096/7491/1914
f 2102/7498/1915 2103/7497/1915 2099/7496/1915 2098/7495/1915
f 2103/7502/1916 2101/7501/1916 2097/7500/1916 2099/7499/1916
f 2105/7506/1917 2104/7505/1917 2100/7504/1917 2101/7503/1917
f 2104/7510/1918 2106/7509/1918 2102/7508/1918 2100/7507/1918
f 2106/7514/1919 2107/7513/1919 2103/7512/1919 2102/7511/1919
f 2107/7518/1920 2105/7517/1920 2101/7516/1920 2103/7515/1920
f 2109/7522/1921 2108/7521/1921 2104/7520/1921 2105/7519/1921
f 2108/7526/1922 2110/7525/1922 2106/7524/1922 2104/7523/1922
f 2110/7530/1923 2111/7529/1923 2107/7528/1923 2106/7527/1923
f 2111/7534/1924 2109/7533/1924 2105/7532/1924 2107/7531/1924
f 2113/7538/1925 2112/7537/1925 2108/7536/1925 2109/7535/1925
f 2112/7542/1926 2114/7541/1926 2110/7540/1926 2108/7539/1926
f 2114/7546/1927 2115/7545/1927 2111/7544/1927 2110/7543/1927
f 2115/7550/1928 2113/7549/1928 2109/7548/1928 2111/7547/1928
f 2117/7554/1929 2116/7553/1929 2112/7552/1929 2113/7551/1929
f 2116/7558/1930 2118/7557/1930 2114/7556/1930 2112/7555/1930
f 2118/7562/1931 2119/7561/1931 2115/7560/1931 2114/7559/1931
f 2119/7566/1932 2117/7565/1932 2113/7564/1932 2115/7563/1932
f 2064/7570/1933 2065/7569/1933 2116/7568/1933 2117/7567/1933
f 2065/7574/1934 2066/7573/1934 2118/7572/1934 2116/7571/1934
f 2066/7578/1935 2067/7577/1935 2119/7576/1935 2118/7575/1935
f 2067/7582/1936 2064/7581/1936 2117/7580/1936 2119/7579/1936
usemtl mat3
f 2123/7586/1937 2122/7585/1937 2121/7584/1937 2120/7583/1937
f 2122/7590/1938 2125/7589/1938 2124/7588/1938 2121/7587/1938
f 2125/7594/1939 2127/7593/1939 2126/7592/1939 2124/7591/1939
f 2127/7598/1940 2123/7597/1940 2120/7596/1940 2126/7595/1940
f 2127/7602/1941 2125/7601/1941 2122/7600/1941 2123/7599/1941
f 2131/7606/1942 2130/7605/1942 2129/7604/1942 2128/7603/1942
f 2133/7610/1943 2132/7609/1943 2124/7608/1943 2126/7607/1943
f 2132/7614/1944 2134/7613/1944 2121/7612/1944 2124/7611/1944
f 2134/7618/1945 2135/7617/1945 2120/7616/1945 2121/7615/1945
f 2135/7622/1946 2133/7621/1946 2126/7620/1946 2120/7619/1946
f 2137/7626/1947 2136/7625/1947 2132/7624/1947 2133/7623/1947
f 2136/7630/1948 2138/7629/1948 2134/7628/1948 2132/7627/1948
f 2138/7634/1949 2139/7633/1949 2135/7632/1949 2134/7631/1949
f 2139/7638/1950 2137/7637/1950 2133/7636/1950 2135/7635/1950
f 2141/7642/1951 2140/7641/1951 2136/7640/1951 2137/7639/1951
f 2140/7646/1952 2142/7645/1952 2138/7644/1952 2136/7643/1952
f 2142/7650/1953 2143/7649/1953 2139/7648/1953 2138/7647/1953
f 2143/7654/1954 2141/7653/1954 2137/7652/1954 2139/7651/1954
f 2145/7658/1955 2144/7657/1955 2140/7656/1955 2141/7655/1955
f 2144/7662/1956 2146/7661/1956 2142/7660/1956 2140/7659/1956
f 2146/7666/1957 2147/7665/1957 2143/7664/1957 2142/7663/1957
f 2147/7670/1958 2145/7669/1958 2141/7668/1958 2143/7667/1958
f 2149/7674/1959 2148/7673/1959 2144/7672/1959 2145/7671/1959
f 2148/7678/1960 2150/7677/1960 2146/7676/1960 2144/7675/1960
f 2150/7682/1961 2151/7681/1961 2147/7680/1961 2146/7679/1961
f 2151/7686/1962 2149/7685/1962 2145/7684/1962 2147/7683/1962
f 2153/7690/1963 2152/7689/1963 2148/7688/1963 2149/7687/1963
f 2152/7694/1964 2154/7693/1964 2150/7692/1964 2148/7691/1964
f 2154/7698/1965 2155/7697/1965 2151/7696/1965 2150/7695/1965
f 2155/7702/1966 2153/7701/1966 2149/7700/1966 2151/7699/1966
f 2157/7706/1967 2156/7705/1967 2152/7704/1967 2153/7703/1967
f 2156/7710/1968 2158/7709/1968 2154/7708/1968 2152/7707/1968
f 2158/7714/1969 2159/7713/1969 2155/7712/1969 2154/7711/1969
f 2159/7718/1970 2157/7717/1970 2153/7716/1970 2155/7715/1970
f 2161/7722/1971 2160/7721/1971 2156/7720/1971 2157/7719/1971
f 2160/7726/1972 2162/7725/1972 2158/7724/1972 2156/7723/1972
f 2162/7730/1973 2163/7729/1973 2159/7728/1973 2158/7727/1973
f 2163/7734/1974 2161/7733/1974 2157/7732/1974 2159/7731/1974
f 2165/7738/1975 2164/7737/1975 2160/7736/1975 2161/7735/1975
f 2164/7742/1976 2166/7741/1976 2162/7740/1976 2160/7739/1976
f 2166/7746/1977 2167/7745/1977 2163/7744/1977 2162/7743/1977
f 2167/7750/1978 2165/7749/1978 2161/7748/1978 2163/7747/1978
f 2169/7754/1979 2168/7753/1979 2164/7752/1979 2165/7751/1979
f 2168/7758/1980 2170/7757/1980 2166/7756/1980 2164/7755/1980
f 2170/7762/1981 2171/7761/1981 2167/7760/1981 2166/7759/1981
f 2171/7766/1982 2169/7765/1982 2165/7764/1982 2167/7763/1982
f 2173/7770/1983 2172/7769/1983 2168/7768/1983 2169/7767/1983
f 2172/7774/1984 2174/7773/1984 2170/7772/1984 2168/7771/1984
f 2174/7778/1985 2175/7777/1985 2171/7776/1985 2170/7775/1985
f 2175/7782/1986 2173/7781/1986 2169/7780/1986 2171/7779/1986
f 2128/7786/1987 2129/7785/1987 2172/7784/1987 2173/7783/1987
f 2129/7790/1988 2130/7789/1988 2174/7788/1988 2172/7787/1988
f 2130/7794/1989 2131/7793/1989 2175/7792/1989 2174/7791/1989
f 2131/7798/1990 2128/7797/1990 2173/7796/1990 2175/7795/1990
usemtl mat1
f 2179/7802/1991 2178/7801/1991 2177/7800/1991 2176/7799/1991
f 2178/7806/1992 2181/7805/1992 2180/7804/1992 2177/7803/1992
f 2181/7810/1993 2183/7809/1993 2182/7808/1993 2180/7807/1993
f 2183/7814/1994 2179/7813/1994 2176/7812/1994 2182/7811/1994
f 2183/7818/1995 2181/7817/1995 2178/7816/1995 2179/7815/1995
f 2187/7822/1996 2186/7821/1996 2185/7820/1996 2184/7819/1996
f 2189/7826/1997 2188/7825/1997 2180/7824/1997 2182/7823/1997
f 2188/7830/1998 2190/7829/1998 2177/7828/1998 2180/7827/1998
f 2190/7834/1999 2191/7833/1999 2176/7832/1999 2177/7831/1999
f 2191/7838/2000 2189/7837/2000 2182/7836/2000 2176/7835/2000
f 2193/7842/2001 2192/7841/2001 2188/7840/2001 2189/7839/2001
f 2192/7846/2002 2194/7845/2002 2190/7844/2002 2188/7843/2002
f 2194/7850/2003 2195/7849/2003 2191/7848/2003 2190/7847/2003
f 2195/7854/2004 2193/7853/2004 2189/7852/2004 2191/7851/2004
f 2197/7858/2005 2196/7857/2005 2192/7856/2005 2193/7855/2005
f 2196/7862/2006 2198/7861/2006 2194/7860/2006 2192/7859/2006
f 2198/7866/2007 2199/7865/2007 2195/7864/2007 2194/7863/2007
f 2199/7870/2008 2197/7869/2008 2193/7868/2008 2195/7867/2008
f 2201/7874/2009 2200/7873/2009 2196/7872/2009 2197/7871/2009
f 2200/7878/2010 2202/7877/2010 2198/7876/2010 2196/7875/2010
f 2202/7882/2011 2203/7881/2011 2199/7880/2011 2198/7879/2011
f 2203/7886/2012 2201/7885/2012 2197/7884/2012 2199/7883/2012
f 2205/7890/2013 2204/7889/2013 2200/7888/2013 2201/7887/2013
f 2204/7894/2014 2206/7893/2014 2202/7892/2014 2200/7891/2014
f 2206/7898/2015 2207/7897/2015 2203/7896/2015 2202/7895/2015
f 2207/7902/2016 2205/7901/2016 2201/7900/2016 2203/7899/2016
f 2209/7906/2017 2208/7905/2017 2204/7904/2017 2205/7903/2017
f 2208/7910/2018 2210/7909/2018 2206/7908/2018 2204/7907/2018
f 2210/7914/2019 2211/7913/2019 2207/7912/2019 2206/7911/2019
f 2211/7918/2020 2209/7917/2020 2205/7916/2020 2207/7915/2020
f 2213/7922/2021 2212/7921/2021 2208/7920/2021 2209/7919/2021
f 2212/7926/2022 2214/7925/2022 2210/7924/2022 2208/7923/2022
f 2214/7930/2023 2215/7929/2023 2211/7928/2023 2210/7927/2023
f 2215/7934/2024 2213/7933/2024 2209/7932/2024 2211/7931/2024
f 2217/7938/2025 2216/7937/2025 2212/7936/2025 2213/7935/2025
f 2216/7942/2026 2218/7941/2026 2214/7940/2026 2212/7939/2026
f 2218/7946/2027 2219/7945/2027 2215/7944/2027 2214/7943/2027
f 2219/7950/2028 2217/7949/2028 2213/7948/2028 2215/7947/2028
f 2221/7954/2029 2220/7953/2029 2216/7952/2029 2217/7951/2029
f 2220/7958/2030 2222/7957/2030 2218/7956/2030 2216/7955/2030
f 2222/7962/2031 2223/7961/2031 2219/7960/2031 2218/7959/2031
f 2223/7966/2032 2221/7965/2032 2217/7964/2032 2219/7963/2032
f 2225/7970/2033 2224/7969/2033 2220/7968/2033 2221/7967/2033
f 2224/7974/2034 2226/7973/2034 2222/7972/2034 2220/7971/2034
f 2226/7978/2035 2227/7977/2035 2223/7976/2035 2222/7975/2035
f 2227/7982/2036 2225/7981/2036 2221/7980/2036 2223/7979/2036
f 2184/7986/2037 2185/7985/2037 2224/7984/2037 2225/7983/2037
f 2185/7990/2038 2186/7989/2038 2226/7988/2038 2224/7987/2038
f 2186/7994/2039 2187/7993/2039 2227/7992/2039 2226/7991/2039
f 2187/7998/2040 2184/7997/2040 2225/7996/2040 2227/7995/2040
usemtl mat21
f 2231/8002/2041 2230/8001/2041 2229/8000/2041 2228/7999/2041
f 2230/8006/2042 2233/8005/2042 2232/8004/2042 2229/8003/2042
f 2233/8010/2043 2235/8009/2043 2234/8008/2043 2232/8007/2043
f 2235/8014/2044 2231/8013/2044 2228/8012/2044 2234/8011/2044
f 2239/8018/2045 2238/8017/2045 2237/8016/2045 2236/8015/2045
f 2228/8022/2046 2229/8021/2046 2232/8020/2046 2234/8019/2046
f 2241/8026/2047 2240/8025/2047 2230/8024/2047 2231/8023/2047
f 2240/8030/2048 2242/8029/2048 2233/8028/2048 2230/8027/2048
f 2242/8034/2049 2243/8033/2049 2235/8032/2049 2233/8031/2049
f 2243/8038/2050 2241/8037/2050 2231/8036/2050 2235/8035/2050
f 2245/8042/2051 2244/8041/2051 2240/8040/2051 2241/8039/2051
f 2244/8046/2052 2246/8045/2052 2242/8044/2052 2240/8043/2052
f 2246/8050/2053 2247/8049/2053 2243/8048/2053 2242/8047/2053
f 2247/8054/2054 2245/8053/2054 2241/8052/2054 2243/8051/2054
f 2249/8058/2055 2248/8057/2055 2244/8056/2055 2245/8055/2055
f 2248/8062/2056 2250/8061/2056 2246/8060/2056 2244/8059/2056
f 2250/8066/2057 2251/8065/2057 2247/8064/2057 2246/8063/2057
f 2251/8070/2058 2249/8069/2058 2245/8068/2058 2247/8067/2058
f 2253/8074/2059 2252/8073/2059 2248/8072/2059 2249/8071/2059
f 2252/8078/2060 2254/8077/2060 2250/8076/2060 2248/8075/2060
f 2254/8082/2061 2255/8081/2061 2251/8080/2061 2250/8079/2061
f 2255/8086/2062 2253/8085/2062 2249/8084/2062 2251/8083/2062
f 2257/8090/2063 2256/8089/2063 2252/8088/2063 2253/8087/2063
f 2256/8094/2064 2258/8093/2064 2254/8092/2064 2252/8091/2064
f 2258/8098/2065 2259/8097/2065 2255/8096/2065 2254/8095/2065
f 2259/8102/2066 2257/8101/2066 2253/8100/2066 2255/8099/2066
f 2261/8106/2067 2260/8105/2067 2256/8104/2067 2257/8103/2067
f 2260/8110/2068 2262/8109/2068 2258/8108/2068 2256/8107/2068
f 2262/8114/2069 2263/8113/2069 2259/8112/2069 2258/8111/2069
f 2263/8118/2070 2261/8117/2070 2257/8116/2070 2259/8115/2070
f 2265/8122/2071 2264/8121/2071 2260/8120/2071 2261/8119/2071
f 2264/8126/2072 2266/8125/2072 2262/8124/2072 2260/8123/2072
f 2266/8130/2073 2267/8129/2073 2263/8128/2073 2262/8127/2073
f 2267/8134/2074 2265/8133/2074 2261/8132/2074 2263/8131/2074
f 2269/8138/2075 2268/8137/2075 2264/8136/2075 2265/8135/2075
f 2268/8142/2076 2270/8141/2076 2266/8140/2076 2264/8139/2076
f 2270/8146/2077 2271/8145/2077 2267/8144/2077 2266/8143/2077
f 2271/8150/2078 2269/8149/2078 2265/8148/2078 2267/8147/2078
f 2273/8154/2079 2272/8153/2079 2268/8152/2079 2269/8151/2079
f 2272/8158/2080 2274/8157/2080 2270/8156/2080 2268/8155/2080
f 2274/8162/2081 2275/8161/2081 2271/8160/2081 2270/8159/2081
f 2275/8166/2082 2273/8165/2082 2269/8164/2082 2271/8163/2082
f 2236/8170/2083 2237/8169/2083 2272/8168/2083 2273/8167/2083
f 2237/8174/2084 2238/8173/2084 2274/8172/2084 2272/8171/2084
f 2238/8178/2085 2239/8177/2085 2275/8176/2085 2274/8175/2085
f 2239/8182/2086 2236/8181/2086 2273/8180/2086 2275/8179/2086
f 2279/8186/2087 2278/8185/2087 2277/8184/2087 2276/8183/2087
f 2278/8190/2088 2281/8189/2088 2280/8188/2088 2277/8187/2088
f 2281/8194/2089 2283/8193/2089 2282/8192/2089 2280/8191/2089
f 2283/8198/2090 2279/8197/2090 2276/8196/2090 2282/8195/2090
f 2287/8202/2091 2286/8201/2091 2285/8200/2091 2284/8199/2091
f 2276/8206/2092 2277/8205/2092 2280/8204/2092 2282/8203/2092
f 2284/8210/2093 2285/8209/2093 2278/8208/2093 2279/8207/2093
f 2285/8214/2094 2286/8213/2094 2281/8212/2094 2278/8211/2094
f 2286/8218/2095 2287/8217/2095 2283/8216/2095 2281/8215/2095
f 2287/8222/2096 2284/8221/2096 2279/8220/2096 2283/8219/2096
f 2291/8226/2097 2290/8225/2097 2289/8224/2097 2288/8223/2097
f 2290/8230/2098 2293/8229/2098 2292/8228/2098 2289/8227/2098
f 2293/8234/2099 2295/8233/2099 2294/8232/2099 2292/8231/2099
f 2295/8238/2100 2291/8237/2100 2288/8236/2100 2294/8235/2100
f 2295/8242/2101 2293/8241/2101 2290/8240/2101 2291/8239/2101
f 2299/8246/2102 2298/8245/2102 2297/8244/2102 2296/8243/2102
f 2301/8250/2103 2300/8249/2103 2292/8248/2103 2294/8247/2103
f 2300/8254/2104 2302/8253/2104 2289/8252/2104 2292/8251/2104
f 2302/8258/2105 2303/8257/2105 2288/8256/2105 2289/8255/2105
f 2303/8262/2106 2301/8261/2106 2294/8260/2106 2288/8259/2106
f 2296/8266/2107 2297/8265/2107 2300/8264/2107 2301/8263/2107
f 2297/8270/2108 2298/8269/2108 2302/8268/2108 2300/8267/2108
f 2298/8274/2109 2299/8273/2109 2303/8272/2109 2302/8271/2109
f 2299/8278/2110 2296/8277/2110 2301/8276/2110 2303/8275/2110
o group1594108646
g mesh1594108646
usemtl mat21
f 2307/8282/2111 2306/8281/2111 2305/8280/2111 2304/8279/2111
f 2306/8286/2112 2309/8285/2112 2308/8284/2112 2305/8283/2112
f 2309/8290/2113 2311/8289/2113 2310/8288/2113 2308/8287/2113
f 2311/8294/2114 2307/8293/2114 2304/8292/2114 2310/8291/2114
f 2315/8298/2115 2314/8297/2115 2313/8296/2115 2312/8295/2115
f 2304/8302/2116 2305/8301/2116 2308/8300/2116 2310/8299/2116
f 2317/8306/2117 2316/8305/2117 2306/8304/2117 2307/8303/2117
f 2316/8310/2118 2318/8309/2118 2309/8308/2118 2306/8307/2118
f 2318/8314/2119 2319/8313/2119 2311/8312/2119 2309/8311/2119
f 2319/8318/2120 2317/8317/2120 2307/8316/2120 2311/8315/2120
f 2321/8322/2121 2320/8321/2121 2316/8320/2121 2317/8319/2121
f 2320/8326/2122 2322/8325/2122 2318/8324/2122 2316/8323/2122
f 2322/8330/2123 2323/8329/2123 2319/8328/2123 2318/8327/2123
f 2323/8334/2124 2321/8333/2124 2317/8332/2124 2319/8331/2124
f 2325/8338/2125 2324/8337/2125 2320/8336/2125 2321/8335/2125
f 2324/8342/2126 2326/8341/2126 2322/8340/2126 2320/8339/2126
f 2326/8346/2127 2327/8345/2127 2323/8344/2127 2322/8343/2127
f 2327/8350/2128 2325/8349/2128 2321/8348/2128 2323/8347/2128
f 2312/8354/2129 2313/8353/2129 2324/8352/2129 2325/8351/2129
f 2313/8358/2130 2314/8357/2130 2326/8356/2130 2324/8355/2130
f 2314/8362/2131 2315/8361/2131 2327/8360/2131 2326/8359/2131
f 2315/8366/2132 2312/8365/2132 2325/8364/2132 2327/8363/2132
o group851561032
g mesh851561032
usemtl mat21
f 2387/8680/2234 2386/8679/2234 2385/8678/2234 2384/8677/2234
f 2386/8684/2235 2389/8683/2235 2388/8682/2235 2385/8681/2235
f 2389/8688/2236 2391/8687/2236 2390/8686/2236 2388/8685/2236
f 2391/8692/2237 2387/8691/2237 2384/8690/2237 2390/8689/2237
f 2395/8696/2238 2394/8695/2238 2393/8694/2238 2392/8693/2238
f 2384/8700/2239 2385/8699/2239 2388/8698/2239 2390/8697/2239
f 2397/8704/2240 2396/8703/2240 2386/8702/2240 2387/8701/2240
f 2396/8708/2241 2398/8707/2241 2389/8706/2241 2386/8705/2241
f 2398/8712/2242 2399/8711/2242 2391/8710/2242 2389/8709/2242
f 2399/8716/2243 2397/8715/2243 2387/8714/2243 2391/8713/2243
f 2401/8720/2244 2400/8719/2244 2396/8718/2244 2397/8717/2244
f 2400/8724/2245 2402/8723/2245 2398/8722/2245 2396/8721/2245
f 2402/8728/2246 2403/8727/2246 2399/8726/2246 2398/8725/2246
f 2403/8732/2247 2401/8731/2247 2397/8730/2247 2399/8729/2247
f 2405/8736/2248 2404/8735/2248 2400/8734/2248 2401/8733/2248
f 2404/8740/2249 2406/8739/2249 2402/8738/2249 2400/8737/2249
f 2406/8744/2250 2407/8743/2250 2403/8742/2250 2402/8741/2250
f 2407/8748/2251 2405/8747/2251 2401/8746/2251 2403/8745/2251
f 2392/8752/2252 2393/8751/2252 2404/8750/2252 2405/8749/2252
f 2393/8756/2253 2394/8755/2253 2406/8754/2253 2404/8753/2253
f 2394/8760/2254 2395/8759/2254 2407/8758/2254 2406/8757/2254
f 2395/8764/2255 2392/8763/2255 2405/8762/2255 2407/8761/2255
